#         t          x          y          z         vx         vy         vz
      0.000    -98.600   -119.990   -127.780    -28.430    173.920     93.230
      0.001    -98.628   -119.816   -127.687    -28.359    173.992     93.313
      0.002    -98.657   -119.642   -127.593    -28.289    174.065     93.397
      0.003    -98.685   -119.468   -127.500    -28.218    174.137     93.480
      0.004    -98.713   -119.294   -127.406    -28.147    174.210     93.564
      0.005    -98.741   -119.119   -127.313    -28.076    174.282     93.648
      0.006    -98.769   -118.945   -127.219    -28.004    174.355     93.732
      0.007    -98.797   -118.771   -127.125    -27.933    174.428     93.816
      0.008    -98.825   -118.596   -127.031    -27.861    174.500     93.900
      0.009    -98.853   -118.422   -126.938    -27.790    174.573     93.984
      0.010    -98.881   -118.247   -126.844    -27.718    174.646     94.068
      0.011    -98.908   -118.072   -126.749    -27.646    174.718     94.153
      0.012    -98.936   -117.898   -126.655    -27.573    174.791     94.237
      0.013    -98.964   -117.723   -126.561    -27.501    174.864     94.321
      0.014    -98.991   -117.548   -126.467    -27.429    174.937     94.406
      0.015    -99.018   -117.373   -126.372    -27.356    175.009     94.491
      0.016    -99.046   -117.198   -126.278    -27.283    175.082     94.576
      0.017    -99.073   -117.023   -126.183    -27.210    175.155     94.661
      0.018    -99.100   -116.848   -126.088    -27.137    175.228     94.746
      0.019    -99.127   -116.672   -125.993    -27.064    175.301     94.831
      0.020    -99.154   -116.497   -125.899    -26.990    175.374     94.916
      0.021    -99.181   -116.322   -125.804    -26.917    175.447     95.001
      0.022    -99.208   -116.146   -125.709    -26.843    175.520     95.087
      0.023    -99.235   -115.971   -125.613    -26.769    175.593     95.172
      0.024    -99.262   -115.795   -125.518    -26.695    175.666     95.258
      0.025    -99.288   -115.619   -125.423    -26.621    175.739     95.344
      0.026    -99.315   -115.444   -125.328    -26.546    175.812     95.430
      0.027    -99.341   -115.268   -125.232    -26.472    175.885     95.516
      0.028    -99.368   -115.092   -125.137    -26.397    175.958     95.602
      0.029    -99.394   -114.916   -125.041    -26.322    176.031     95.688
      0.030    -99.421   -114.740   -124.945    -26.247    176.104     95.774
      0.031    -99.447   -114.564   -124.849    -26.172    176.177     95.860
      0.032    -99.473   -114.387   -124.753    -26.097    176.251     95.947
      0.033    -99.499   -114.211   -124.657    -26.021    176.324     96.033
      0.034    -99.525   -114.035   -124.561    -25.946    176.397     96.120
      0.035    -99.551   -113.858   -124.465    -25.870    176.470     96.207
      0.036    -99.577   -113.682   -124.369    -25.794    176.544     96.294
      0.037    -99.602   -113.505   -124.273    -25.718    176.617     96.381
      0.038    -99.628   -113.329   -124.176    -25.642    176.690     96.468
      0.039    -99.654   -113.152   -124.080    -25.565    176.764     96.555
      0.040    -99.679   -112.975   -123.983    -25.488    176.837     96.642
      0.041    -99.705   -112.798   -123.886    -25.412    176.911     96.729
      0.042    -99.730   -112.621   -123.790    -25.335    176.984     96.817
      0.043    -99.755   -112.444   -123.693    -25.258    177.058     96.904
      0.044    -99.781   -112.267   -123.596    -25.180    177.131     96.992
      0.045    -99.806   -112.090   -123.499    -25.103    177.205     97.080
      0.046    -99.831   -111.913   -123.402    -25.025    177.278     97.168
      0.047    -99.856   -111.735   -123.304    -24.947    177.352     97.256
      0.048    -99.881   -111.558   -123.207    -24.869    177.425     97.344
      0.049    -99.905   -111.380   -123.110    -24.791    177.499     97.432
      0.050    -99.930   -111.203   -123.012    -24.713    177.573     97.520
      0.051    -99.955   -111.025   -122.915    -24.635    177.646     97.609
      0.052    -99.979   -110.848   -122.817    -24.556    177.720     97.697
      0.053   -100.004   -110.670   -122.719    -24.477    177.794     97.786
      0.054   -100.028   -110.492   -122.621    -24.398    177.867     97.875
      0.055   -100.053   -110.314   -122.524    -24.319    177.941     97.964
      0.056   -100.077   -110.136   -122.426    -24.240    178.015     98.052
      0.057   -100.101   -109.958   -122.327    -24.160    178.088     98.142
      0.058   -100.125   -109.780   -122.229    -24.081    178.162     98.231
      0.059   -100.149   -109.602   -122.131    -24.001    178.236     98.320
      0.060   -100.173   -109.424   -122.033    -23.921    178.310     98.409
      0.061   -100.197   -109.245   -121.934    -23.841    178.384     98.499
      0.062   -100.221   -109.067   -121.836    -23.760    178.458     98.588
      0.063   -100.245   -108.888   -121.737    -23.680    178.532     98.678
      0.064   -100.268   -108.710   -121.638    -23.599    178.605     98.768
      0.065   -100.292   -108.531   -121.539    -23.518    178.679     98.858
      0.066   -100.315   -108.352   -121.441    -23.437    178.753     98.948
      0.067   -100.339   -108.174   -121.342    -23.356    178.827     99.038
      0.068   -100.362   -107.995   -121.243    -23.275    178.901     99.128
      0.069   -100.385   -107.816   -121.143    -23.193    178.975     99.218
      0.070   -100.409   -107.637   -121.044    -23.111    179.049     99.309
      0.071   -100.432   -107.458   -120.945    -23.029    179.123     99.399
      0.072   -100.455   -107.278   -120.845    -22.947    179.197     99.490
      0.073   -100.478   -107.099   -120.746    -22.865    179.272     99.581
      0.074   -100.500   -106.920   -120.646    -22.783    179.346     99.672
      0.075   -100.523   -106.741   -120.546    -22.700    179.420     99.763
      0.076   -100.546   -106.561   -120.447    -22.617    179.494     99.854
      0.077   -100.568   -106.382   -120.347    -22.534    179.568     99.945
      0.078   -100.591   -106.202   -120.247    -22.451    179.642    100.036
      0.079   -100.613   -106.022   -120.147    -22.368    179.716    100.128
      0.080   -100.636   -105.843   -120.046    -22.284    179.791    100.219
      0.081   -100.658   -105.663   -119.946    -22.200    179.865    100.311
      0.082   -100.680   -105.483   -119.846    -22.116    179.939    100.402
      0.083   -100.702   -105.303   -119.745    -22.032    180.013    100.494
      0.084   -100.724   -105.123   -119.645    -21.948    180.088    100.586
      0.085   -100.746   -104.943   -119.544    -21.863    180.162    100.678
      0.086   -100.768   -104.762   -119.443    -21.779    180.236    100.771
      0.087   -100.789   -104.582   -119.343    -21.694    180.311    100.863
      0.088   -100.811   -104.402   -119.242    -21.609    180.385    100.955
      0.089   -100.833   -104.221   -119.141    -21.524    180.459    101.048
      0.090   -100.854   -104.041   -119.040    -21.438    180.534    101.140
      0.091   -100.876   -103.860   -118.938    -21.353    180.608    101.233
      0.092   -100.897   -103.680   -118.837    -21.267    180.683    101.326
      0.093   -100.918   -103.499   -118.736    -21.181    180.757    101.419
      0.094   -100.939   -103.318   -118.634    -21.095    180.831    101.512
      0.095   -100.960   -103.137   -118.533    -21.008    180.906    101.605
      0.096   -100.981   -102.956   -118.431    -20.922    180.980    101.699
      0.097   -101.002   -102.775   -118.329    -20.835    181.055    101.792
      0.098   -101.023   -102.594   -118.228    -20.748    181.129    101.885
      0.099   -101.044   -102.413   -118.126    -20.661    181.204    101.979
      0.100   -101.064   -102.232   -118.024    -20.574    181.278    102.073
      0.101   -101.085   -102.051   -117.921    -20.486    181.353    102.167
      0.102   -101.105   -101.869   -117.819    -20.399    181.428    102.261
      0.103   -101.126   -101.688   -117.717    -20.311    181.502    102.355
      0.104   -101.146   -101.506   -117.615    -20.223    181.577    102.449
      0.105   -101.166   -101.325   -117.512    -20.134    181.651    102.543
      0.106   -101.186   -101.143   -117.409    -20.046    181.726    102.638
      0.107   -101.206   -100.961   -117.307    -19.957    181.801    102.732
      0.108   -101.226   -100.779   -117.204    -19.868    181.875    102.827
      0.109   -101.246   -100.597   -117.101    -19.779    181.950    102.922
      0.110   -101.266   -100.415   -116.998    -19.690    182.025    103.017
      0.111   -101.285   -100.233   -116.895    -19.601    182.099    103.112
      0.112   -101.305   -100.051   -116.792    -19.511    182.174    103.207
      0.113   -101.324    -99.869   -116.689    -19.421    182.249    103.302
      0.114   -101.344    -99.687   -116.585    -19.331    182.323    103.397
      0.115   -101.363    -99.504   -116.482    -19.241    182.398    103.493
      0.116   -101.382    -99.322   -116.378    -19.150    182.473    103.589
      0.117   -101.401    -99.139   -116.275    -19.060    182.548    103.684
      0.118   -101.420    -98.957   -116.171    -18.969    182.622    103.780
      0.119   -101.439    -98.774   -116.067    -18.878    182.697    103.876
      0.120   -101.458    -98.591   -115.963    -18.786    182.772    103.972
      0.121   -101.477    -98.409   -115.859    -18.695    182.847    104.068
      0.122   -101.495    -98.226   -115.755    -18.603    182.922    104.165
      0.123   -101.514    -98.043   -115.651    -18.511    182.996    104.261
      0.124   -101.532    -97.860   -115.547    -18.419    183.071    104.358
      0.125   -101.551    -97.677   -115.442    -18.327    183.146    104.454
      0.126   -101.569    -97.493   -115.338    -18.234    183.221    104.551
      0.127   -101.587    -97.310   -115.233    -18.142    183.296    104.648
      0.128   -101.605    -97.127   -115.128    -18.049    183.371    104.745
      0.129   -101.623    -96.943   -115.024    -17.956    183.445    104.842
      0.130   -101.641    -96.760   -114.919    -17.862    183.520    104.939
      0.131   -101.659    -96.576   -114.814    -17.769    183.595    105.037
      0.132   -101.677    -96.393   -114.709    -17.675    183.670    105.134
      0.133   -101.694    -96.209   -114.603    -17.581    183.745    105.232
      0.134   -101.712    -96.025   -114.498    -17.487    183.820    105.329
      0.135   -101.729    -95.841   -114.393    -17.392    183.895    105.427
      0.136   -101.747    -95.657   -114.287    -17.298    183.970    105.525
      0.137   -101.764    -95.473   -114.182    -17.203    184.045    105.623
      0.138   -101.781    -95.289   -114.076    -17.108    184.120    105.721
      0.139   -101.798    -95.105   -113.970    -17.013    184.195    105.820
      0.140   -101.815    -94.921   -113.864    -16.917    184.270    105.918
      0.141   -101.832    -94.737   -113.758    -16.821    184.345    106.017
      0.142   -101.849    -94.552   -113.652    -16.726    184.420    106.116
      0.143   -101.866    -94.368   -113.546    -16.629    184.494    106.214
      0.144   -101.882    -94.183   -113.440    -16.533    184.569    106.313
      0.145   -101.899    -93.999   -113.334    -16.436    184.644    106.412
      0.146   -101.915    -93.814   -113.227    -16.340    184.719    106.511
      0.147   -101.931    -93.629   -113.121    -16.243    184.794    106.611
      0.148   -101.947    -93.444   -113.014    -16.145    184.869    106.710
      0.149   -101.964    -93.259   -112.907    -16.048    184.944    106.810
      0.150   -101.980    -93.075   -112.800    -15.950    185.019    106.909
      0.151   -101.995    -92.889   -112.693    -15.852    185.094    107.009
      0.152   -102.011    -92.704   -112.586    -15.754    185.169    107.109
      0.153   -102.027    -92.519   -112.479    -15.656    185.244    107.209
      0.154   -102.043    -92.334   -112.372    -15.557    185.320    107.309
      0.155   -102.058    -92.148   -112.264    -15.459    185.395    107.410
      0.156   -102.073    -91.963   -112.157    -15.360    185.470    107.510
      0.157   -102.089    -91.778   -112.049    -15.260    185.545    107.610
      0.158   -102.104    -91.592   -111.942    -15.161    185.620    107.711
      0.159   -102.119    -91.406   -111.834    -15.061    185.695    107.812
      0.160   -102.134    -91.221   -111.726    -14.961    185.770    107.913
      0.161   -102.149    -91.035   -111.618    -14.861    185.845    108.014
      0.162   -102.164    -90.849   -111.510    -14.761    185.920    108.115
      0.163   -102.179    -90.663   -111.402    -14.660    185.995    108.216
      0.164   -102.193    -90.477   -111.294    -14.559    186.070    108.318
      0.165   -102.208    -90.291   -111.185    -14.458    186.145    108.419
      0.166   -102.222    -90.105   -111.077    -14.357    186.220    108.521
      0.167   -102.236    -89.918   -110.968    -14.255    186.295    108.623
      0.168   -102.251    -89.732   -110.860    -14.154    186.370    108.724
      0.169   -102.265    -89.546   -110.751    -14.052    186.445    108.827
      0.170   -102.279    -89.359   -110.642    -13.949    186.520    108.929
      0.171   -102.293    -89.173   -110.533    -13.847    186.595    109.031
      0.172   -102.306    -88.986   -110.424    -13.744    186.670    109.133
      0.173   -102.320    -88.799   -110.315    -13.641    186.745    109.236
      0.174   -102.334    -88.612   -110.205    -13.538    186.820    109.339
      0.175   -102.347    -88.426   -110.096    -13.435    186.895    109.441
      0.176   -102.361    -88.239   -109.987    -13.331    186.970    109.544
      0.177   -102.374    -88.052   -109.877    -13.227    187.045    109.647
      0.178   -102.387    -87.865   -109.767    -13.123    187.120    109.750
      0.179   -102.400    -87.677   -109.657    -13.019    187.195    109.854
      0.180   -102.413    -87.490   -109.548    -12.914    187.270    109.957
      0.181   -102.426    -87.303   -109.438    -12.809    187.345    110.061
      0.182   -102.439    -87.115   -109.327    -12.704    187.420    110.164
      0.183   -102.451    -86.928   -109.217    -12.599    187.495    110.268
      0.184   -102.464    -86.740   -109.107    -12.493    187.570    110.372
      0.185   -102.476    -86.553   -108.996    -12.387    187.645    110.476
      0.186   -102.489    -86.365   -108.886    -12.281    187.720    110.580
      0.187   -102.501    -86.177   -108.775    -12.175    187.795    110.685
      0.188   -102.513    -85.990   -108.665    -12.068    187.870    110.789
      0.189   -102.525    -85.802   -108.554    -11.961    187.945    110.894
      0.190   -102.537    -85.614   -108.443    -11.854    188.020    110.999
      0.191   -102.549    -85.426   -108.332    -11.747    188.095    111.103
      0.192   -102.560    -85.238   -108.221    -11.639    188.170    111.208
      0.193   -102.572    -85.049   -108.109    -11.531    188.245    111.314
      0.194   -102.583    -84.861   -107.998    -11.423    188.320    111.419
      0.195   -102.595    -84.673   -107.886    -11.315    188.394    111.524
      0.196   -102.606    -84.484   -107.775    -11.206    188.469    111.630
      0.197   -102.617    -84.296   -107.663    -11.098    188.544    111.735
      0.198   -102.628    -84.107   -107.551    -10.989    188.619    111.841
      0.199   -102.639    -83.918   -107.440    -10.879    188.694    111.947
      0.200   -102.650    -83.730   -107.328    -10.770    188.769    112.053
      0.201   -102.661    -83.541   -107.215    -10.660    188.844    112.159
      0.202   -102.671    -83.352   -107.103    -10.550    188.918    112.265
      0.203   -102.682    -83.163   -106.991    -10.439    188.993    112.372
      0.204   -102.692    -82.974   -106.878    -10.329    189.068    112.478
      0.205   -102.702    -82.785   -106.766    -10.218    189.143    112.585
      0.206   -102.713    -82.596   -106.653    -10.106    189.218    112.692
      0.207   -102.723    -82.407   -106.541     -9.995    189.292    112.799
      0.208   -102.733    -82.217   -106.428     -9.883    189.367    112.906
      0.209   -102.742    -82.028   -106.315     -9.771    189.442    113.013
      0.210   -102.752    -81.838   -106.202     -9.659    189.517    113.121
      0.211   -102.762    -81.649   -106.089     -9.547    189.591    113.228
      0.212   -102.771    -81.459   -105.975     -9.434    189.666    113.336
      0.213   -102.781    -81.269   -105.862     -9.321    189.741    113.443
      0.214   -102.790    -81.080   -105.748     -9.208    189.815    113.551
      0.215   -102.799    -80.890   -105.635     -9.094    189.890    113.659
      0.216   -102.808    -80.700   -105.521     -8.980    189.965    113.768
      0.217   -102.817    -80.510   -105.407     -8.866    190.039    113.876
      0.218   -102.826    -80.320   -105.293     -8.752    190.114    113.984
      0.219   -102.835    -80.130   -105.179     -8.637    190.188    114.093
      0.220   -102.843    -79.939   -105.065     -8.522    190.263    114.202
      0.221   -102.852    -79.749   -104.951     -8.407    190.337    114.310
      0.222   -102.860    -79.559   -104.836     -8.292    190.412    114.419
      0.223   -102.868    -79.368   -104.722     -8.176    190.486    114.528
      0.224   -102.876    -79.178   -104.607     -8.060    190.561    114.638
      0.225   -102.884    -78.987   -104.493     -7.944    190.635    114.747
      0.226   -102.892    -78.797   -104.378     -7.827    190.710    114.857
      0.227   -102.900    -78.606   -104.263     -7.711    190.784    114.966
      0.228   -102.908    -78.415   -104.148     -7.593    190.858    115.076
      0.229   -102.915    -78.224   -104.033     -7.476    190.933    115.186
      0.230   -102.923    -78.033   -103.918     -7.358    191.007    115.296
      0.231   -102.930    -77.842   -103.802     -7.240    191.082    115.406
      0.232   -102.937    -77.651   -103.687     -7.122    191.156    115.517
      0.233   -102.944    -77.460   -103.571     -7.004    191.230    115.627
      0.234   -102.951    -77.268   -103.456     -6.885    191.304    115.738
      0.235   -102.958    -77.077   -103.340     -6.766    191.379    115.848
      0.236   -102.965    -76.886   -103.224     -6.647    191.453    115.959
      0.237   -102.971    -76.694   -103.108     -6.527    191.527    116.070
      0.238   -102.978    -76.503   -102.992     -6.407    191.601    116.182
      0.239   -102.984    -76.311   -102.875     -6.287    191.675    116.293
      0.240   -102.990    -76.119   -102.759     -6.166    191.749    116.404
      0.241   -102.996    -75.928   -102.643     -6.046    191.823    116.516
      0.242   -103.002    -75.736   -102.526     -5.925    191.897    116.628
      0.243   -103.008    -75.544   -102.409     -5.803    191.971    116.740
      0.244   -103.014    -75.352   -102.293     -5.682    192.045    116.852
      0.245   -103.020    -75.160   -102.176     -5.560    192.119    116.964
      0.246   -103.025    -74.967   -102.059     -5.437    192.193    117.076
      0.247   -103.030    -74.775   -101.942     -5.315    192.267    117.188
      0.248   -103.036    -74.583   -101.824     -5.192    192.341    117.301
      0.249   -103.041    -74.391   -101.707     -5.069    192.415    117.414
      0.250   -103.046    -74.198   -101.589     -4.945    192.488    117.527
      0.251   -103.051    -74.006   -101.472     -4.822    192.562    117.639
      0.252   -103.055    -73.813   -101.354     -4.698    192.636    117.753
      0.253   -103.060    -73.620   -101.236     -4.573    192.710    117.866
      0.254   -103.065    -73.428   -101.118     -4.449    192.783    117.979
      0.255   -103.069    -73.235   -101.000     -4.324    192.857    118.093
      0.256   -103.073    -73.042   -100.882     -4.199    192.930    118.207
      0.257   -103.077    -72.849   -100.764     -4.073    193.004    118.320
      0.258   -103.081    -72.656   -100.646     -3.947    193.078    118.434
      0.259   -103.085    -72.463   -100.527     -3.821    193.151    118.548
      0.260   -103.089    -72.270   -100.409     -3.695    193.224    118.663
      0.261   -103.093    -72.076   -100.290     -3.568    193.298    118.777
      0.262   -103.096    -71.883   -100.171     -3.441    193.371    118.892
      0.263   -103.100    -71.690   -100.052     -3.314    193.445    119.006
      0.264   -103.103    -71.496    -99.933     -3.186    193.518    119.121
      0.265   -103.106    -71.303    -99.814     -3.058    193.591    119.236
      0.266   -103.109    -71.109    -99.694     -2.930    193.664    119.351
      0.267   -103.112    -70.915    -99.575     -2.801    193.737    119.467
      0.268   -103.114    -70.721    -99.456     -2.672    193.811    119.582
      0.269   -103.117    -70.528    -99.336     -2.543    193.884    119.697
      0.270   -103.120    -70.334    -99.216     -2.414    193.957    119.813
      0.271   -103.122    -70.140    -99.096     -2.284    194.030    119.929
      0.272   -103.124    -69.946    -98.976     -2.154    194.103    120.045
      0.273   -103.126    -69.751    -98.856     -2.023    194.175    120.161
      0.274   -103.128    -69.557    -98.736     -1.892    194.248    120.277
      0.275   -103.130    -69.363    -98.616     -1.761    194.321    120.394
      0.276   -103.132    -69.169    -98.495     -1.630    194.394    120.510
      0.277   -103.133    -68.974    -98.375     -1.498    194.467    120.627
      0.278   -103.135    -68.780    -98.254     -1.366    194.539    120.744
      0.279   -103.136    -68.585    -98.133     -1.234    194.612    120.861
      0.280   -103.137    -68.390    -98.012     -1.101    194.684    120.978
      0.281   -103.138    -68.196    -97.891     -0.968    194.757    121.095
      0.282   -103.139    -68.001    -97.770     -0.834    194.829    121.213
      0.283   -103.140    -67.806    -97.649     -0.701    194.902    121.330
      0.284   -103.141    -67.611    -97.527     -0.567    194.974    121.448
      0.285   -103.141    -67.416    -97.406     -0.432    195.047    121.566
      0.286   -103.141    -67.221    -97.284     -0.298    195.119    121.684
      0.287   -103.142    -67.026    -97.162     -0.163    195.191    121.802
      0.288   -103.142    -66.831    -97.041     -0.027    195.263    121.920
      0.289   -103.142    -66.635    -96.919      0.108    195.335    122.039
      0.290   -103.141    -66.440    -96.797      0.244    195.407    122.157
      0.291   -103.141    -66.245    -96.674      0.381    195.479    122.276
      0.292   -103.141    -66.049    -96.552      0.517    195.551    122.395
      0.293   -103.140    -65.853    -96.430      0.654    195.623    122.514
      0.294   -103.139    -65.658    -96.307      0.792    195.695    122.633
      0.295   -103.139    -65.462    -96.184      0.929    195.767    122.753
      0.296   -103.138    -65.266    -96.061      1.068    195.839    122.872
      0.297   -103.136    -65.070    -95.939      1.206    195.910    122.992
      0.298   -103.135    -64.874    -95.815      1.345    195.982    123.111
      0.299   -103.134    -64.678    -95.692      1.484    196.053    123.231
      0.300   -103.132    -64.482    -95.569      1.623    196.125    123.351
      0.301   -103.130    -64.286    -95.446      1.763    196.196    123.472
      0.302   -103.129    -64.090    -95.322      1.903    196.267    123.592
      0.303   -103.127    -63.894    -95.198      2.043    196.339    123.712
      0.304   -103.125    -63.697    -95.075      2.184    196.410    123.833
      0.305   -103.122    -63.501    -94.951      2.325    196.481    123.954
      0.306   -103.120    -63.304    -94.827      2.467    196.552    124.075
      0.307   -103.117    -63.108    -94.703      2.609    196.623    124.196
      0.308   -103.115    -62.911    -94.578      2.751    196.694    124.317
      0.309   -103.112    -62.714    -94.454      2.893    196.765    124.439
      0.310   -103.109    -62.517    -94.329      3.036    196.836    124.560
      0.311   -103.106    -62.321    -94.205      3.179    196.907    124.682
      0.312   -103.103    -62.124    -94.080      3.323    196.977    124.804
      0.313   -103.099    -61.927    -93.955      3.467    197.048    124.926
      0.314   -103.096    -61.730    -93.830      3.611    197.118    125.048
      0.315   -103.092    -61.532    -93.705      3.756    197.189    125.170
      0.316   -103.088    -61.335    -93.580      3.901    197.259    125.292
      0.317   -103.084    -61.138    -93.455      4.046    197.329    125.415
      0.318   -103.080    -60.941    -93.329      4.192    197.400    125.538
      0.319   -103.076    -60.743    -93.203      4.338    197.470    125.661
      0.320   -103.071    -60.546    -93.078      4.485    197.540    125.784
      0.321   -103.067    -60.348    -92.952      4.632    197.610    125.907
      0.322   -103.062    -60.150    -92.826      4.779    197.680    126.030
      0.323   -103.057    -59.953    -92.700      4.926    197.750    126.154
      0.324   -103.052    -59.755    -92.574      5.074    197.819    126.277
      0.325   -103.047    -59.557    -92.447      5.223    197.889    126.401
      0.326   -103.042    -59.359    -92.321      5.371    197.959    126.525
      0.327   -103.036    -59.161    -92.194      5.520    198.028    126.649
      0.328   -103.031    -58.963    -92.068      5.670    198.098    126.773
      0.329   -103.025    -58.765    -91.941      5.820    198.167    126.898
      0.330   -103.019    -58.567    -91.814      5.970    198.236    127.022
      0.331   -103.013    -58.368    -91.687      6.121    198.305    127.147
      0.332   -103.007    -58.170    -91.559      6.271    198.374    127.272
      0.333   -103.001    -57.972    -91.432      6.423    198.443    127.397
      0.334   -102.994    -57.773    -91.305      6.574    198.512    127.522
      0.335   -102.987    -57.575    -91.177      6.727    198.581    127.647
      0.336   -102.981    -57.376    -91.049      6.879    198.650    127.773
      0.337   -102.974    -57.177    -90.922      7.032    198.719    127.898
      0.338   -102.966    -56.979    -90.794      7.185    198.787    128.024
      0.339   -102.959    -56.780    -90.665      7.339    198.856    128.150
      0.340   -102.952    -56.581    -90.537      7.493    198.924    128.276
      0.341   -102.944    -56.382    -90.409      7.647    198.992    128.402
      0.342   -102.937    -56.183    -90.280      7.802    199.060    128.529
      0.343   -102.929    -55.984    -90.152      7.957    199.128    128.655
      0.344   -102.921    -55.785    -90.023      8.113    199.196    128.782
      0.345   -102.912    -55.585    -89.894      8.269    199.264    128.908
      0.346   -102.904    -55.386    -89.765      8.425    199.332    129.035
      0.347   -102.896    -55.187    -89.636      8.582    199.400    129.163
      0.348   -102.887    -54.987    -89.507      8.739    199.467    129.290
      0.349   -102.878    -54.788    -89.378      8.896    199.535    129.417
      0.350   -102.869    -54.588    -89.248      9.054    199.602    129.545
      0.351   -102.860    -54.389    -89.119      9.213    199.670    129.672
      0.352   -102.851    -54.189    -88.989      9.371    199.737    129.800
      0.353   -102.841    -53.989    -88.859      9.530    199.804    129.928
      0.354   -102.832    -53.789    -88.729      9.690    199.871    130.056
      0.355   -102.822    -53.589    -88.599      9.850    199.938    130.185
      0.356   -102.812    -53.389    -88.469     10.010    200.004    130.313
      0.357   -102.802    -53.189    -88.338     10.171    200.071    130.442
      0.358   -102.792    -52.989    -88.208     10.332    200.137    130.571
      0.359   -102.781    -52.789    -88.077     10.494    200.204    130.700
      0.360   -102.771    -52.589    -87.946     10.656    200.270    130.829
      0.361   -102.760    -52.389    -87.815     10.818    200.336    130.958
      0.362   -102.749    -52.188    -87.684     10.981    200.402    131.087
      0.363   -102.738    -51.988    -87.553     11.144    200.468    131.217
      0.364   -102.727    -51.787    -87.422     11.308    200.534    131.346
      0.365   -102.715    -51.587    -87.291     11.472    200.600    131.476
      0.366   -102.704    -51.386    -87.159     11.636    200.665    131.606
      0.367   -102.692    -51.185    -87.027     11.801    200.731    131.736
      0.368   -102.680    -50.985    -86.896     11.967    200.796    131.867
      0.369   -102.668    -50.784    -86.764     12.132    200.861    131.997
      0.370   -102.656    -50.583    -86.632     12.298    200.927    132.128
      0.371   -102.643    -50.382    -86.499     12.465    200.992    132.258
      0.372   -102.631    -50.181    -86.367     12.632    201.056    132.389
      0.373   -102.618    -49.980    -86.235     12.799    201.121    132.520
      0.374   -102.605    -49.779    -86.102     12.967    201.186    132.652
      0.375   -102.592    -49.577    -85.969     13.135    201.250    132.783
      0.376   -102.579    -49.376    -85.836     13.304    201.314    132.914
      0.377   -102.566    -49.175    -85.703     13.473    201.379    133.046
      0.378   -102.552    -48.973    -85.570     13.643    201.443    133.178
      0.379   -102.538    -48.772    -85.437     13.813    201.507    133.310
      0.380   -102.524    -48.570    -85.304     13.983    201.570    133.442
      0.381   -102.510    -48.369    -85.170     14.154    201.634    133.574
      0.382   -102.496    -48.167    -85.037     14.325    201.698    133.707
      0.383   -102.482    -47.965    -84.903     14.497    201.761    133.839
      0.384   -102.467    -47.764    -84.769     14.669    201.824    133.972
      0.385   -102.452    -47.562    -84.635     14.842    201.887    134.105
      0.386   -102.437    -47.360    -84.501     15.015    201.950    134.238
      0.387   -102.422    -47.158    -84.366     15.189    202.013    134.371
      0.388   -102.407    -46.956    -84.232     15.363    202.076    134.504
      0.389   -102.392    -46.754    -84.097     15.537    202.138    134.638
      0.390   -102.376    -46.552    -83.963     15.712    202.201    134.771
      0.391   -102.360    -46.349    -83.828     15.887    202.263    134.905
      0.392   -102.344    -46.147    -83.693     16.063    202.325    135.039
      0.393   -102.328    -45.945    -83.558     16.239    202.387    135.173
      0.394   -102.312    -45.742    -83.423     16.416    202.449    135.307
      0.395   -102.295    -45.540    -83.287     16.593    202.510    135.442
      0.396   -102.279    -45.337    -83.152     16.770    202.572    135.576
      0.397   -102.262    -45.135    -83.016     16.948    202.633    135.711
      0.398   -102.245    -44.932    -82.880     17.127    202.694    135.846
      0.399   -102.227    -44.729    -82.744     17.306    202.755    135.981
      0.400   -102.210    -44.526    -82.608     17.485    202.816    136.116
      0.401   -102.193    -44.324    -82.472     17.665    202.877    136.251
      0.402   -102.175    -44.121    -82.336     17.845    202.937    136.386
      0.403   -102.157    -43.918    -82.199     18.026    202.998    136.522
      0.404   -102.139    -43.715    -82.063     18.207    203.058    136.658
      0.405   -102.120    -43.512    -81.926     18.389    203.118    136.793
      0.406   -102.102    -43.308    -81.789     18.571    203.178    136.929
      0.407   -102.083    -43.105    -81.652     18.754    203.237    137.066
      0.408   -102.064    -42.902    -81.515     18.937    203.297    137.202
      0.409   -102.045    -42.699    -81.378     19.121    203.356    137.338
      0.410   -102.026    -42.495    -81.240     19.305    203.415    137.475
      0.411   -102.007    -42.292    -81.103     19.489    203.474    137.612
      0.412   -101.987    -42.088    -80.965     19.674    203.533    137.749
      0.413   -101.967    -41.885    -80.827     19.860    203.592    137.886
      0.414   -101.947    -41.681    -80.689     20.046    203.650    138.023
      0.415   -101.927    -41.477    -80.551     20.232    203.709    138.160
      0.416   -101.907    -41.274    -80.413     20.419    203.767    138.298
      0.417   -101.887    -41.070    -80.275     20.606    203.825    138.435
      0.418   -101.866    -40.866    -80.136     20.794    203.882    138.573
      0.419   -101.845    -40.662    -79.997     20.983    203.940    138.711
      0.420   -101.824    -40.458    -79.859     21.172    203.997    138.849
      0.421   -101.803    -40.254    -79.720     21.361    204.054    138.987
      0.422   -101.781    -40.050    -79.581     21.551    204.111    139.126
      0.423   -101.759    -39.846    -79.442     21.741    204.168    139.264
      0.424   -101.738    -39.642    -79.302     21.932    204.225    139.403
      0.425   -101.716    -39.437    -79.163     22.123    204.281    139.542
      0.426   -101.693    -39.233    -79.023     22.315    204.337    139.681
      0.427   -101.671    -39.029    -78.883     22.507    204.393    139.820
      0.428   -101.648    -38.824    -78.743     22.700    204.449    139.959
      0.429   -101.626    -38.620    -78.603     22.894    204.504    140.098
      0.430   -101.603    -38.415    -78.463     23.087    204.560    140.238
      0.431   -101.579    -38.211    -78.323     23.282    204.615    140.377
      0.432   -101.556    -38.006    -78.183     23.477    204.670    140.517
      0.433   -101.532    -37.801    -78.042     23.672    204.725    140.657
      0.434   -101.509    -37.597    -77.901     23.868    204.779    140.797
      0.435   -101.485    -37.392    -77.760     24.064    204.833    140.938
      0.436   -101.461    -37.187    -77.619     24.261    204.888    141.078
      0.437   -101.436    -36.982    -77.478     24.458    204.941    141.218
      0.438   -101.412    -36.777    -77.337     24.656    204.995    141.359
      0.439   -101.387    -36.572    -77.195     24.855    205.049    141.500
      0.440   -101.362    -36.367    -77.054     25.053    205.102    141.641
      0.441   -101.337    -36.162    -76.912     25.253    205.155    141.782
      0.442   -101.311    -35.957    -76.770     25.453    205.208    141.923
      0.443   -101.286    -35.752    -76.628     25.653    205.260    142.065
      0.444   -101.260    -35.546    -76.486     25.854    205.312    142.206
      0.445   -101.234    -35.341    -76.344     26.056    205.364    142.348
      0.446   -101.208    -35.136    -76.202     26.258    205.416    142.490
      0.447   -101.182    -34.930    -76.059     26.460    205.468    142.631
      0.448   -101.155    -34.725    -75.916     26.663    205.519    142.774
      0.449   -101.128    -34.519    -75.773     26.867    205.571    142.916
      0.450   -101.101    -34.313    -75.630     27.071    205.621    143.058
      0.451   -101.074    -34.108    -75.487     27.276    205.672    143.201
      0.452   -101.047    -33.902    -75.344     27.481    205.723    143.343
      0.453   -101.019    -33.696    -75.201     27.687    205.773    143.486
      0.454   -100.991    -33.491    -75.057     27.893    205.823    143.629
      0.455   -100.963    -33.285    -74.913     28.100    205.872    143.772
      0.456   -100.935    -33.079    -74.769     28.307    205.922    143.915
      0.457   -100.907    -32.873    -74.626     28.515    205.971    144.058
      0.458   -100.878    -32.667    -74.481     28.723    206.020    144.202
      0.459   -100.849    -32.461    -74.337     28.932    206.069    144.345
      0.460   -100.820    -32.255    -74.193     29.142    206.117    144.489
      0.461   -100.791    -32.049    -74.048     29.352    206.165    144.633
      0.462   -100.762    -31.842    -73.903     29.562    206.213    144.777
      0.463   -100.732    -31.636    -73.759     29.773    206.261    144.921
      0.464   -100.702    -31.430    -73.614     29.985    206.308    145.065
      0.465   -100.672    -31.224    -73.468     30.197    206.355    145.210
      0.466   -100.642    -31.017    -73.323     30.410    206.402    145.354
      0.467   -100.611    -30.811    -73.178     30.623    206.449    145.499
      0.468   -100.580    -30.604    -73.032     30.837    206.495    145.643
      0.469   -100.549    -30.398    -72.886     31.052    206.541    145.788
      0.470   -100.518    -30.191    -72.741     31.267    206.587    145.933
      0.471   -100.487    -29.985    -72.595     31.482    206.632    146.078
      0.472   -100.455    -29.778    -72.448     31.698    206.677    146.224
      0.473   -100.424    -29.571    -72.302     31.915    206.722    146.369
      0.474   -100.392    -29.364    -72.156     32.132    206.767    146.515
      0.475   -100.359    -29.158    -72.009     32.350    206.811    146.660
      0.476   -100.327    -28.951    -71.862     32.568    206.855    146.806
      0.477   -100.294    -28.744    -71.715     32.787    206.899    146.952
      0.478   -100.261    -28.537    -71.568     33.007    206.942    147.098
      0.479   -100.228    -28.330    -71.421     33.227    206.986    147.244
      0.480   -100.195    -28.123    -71.274     33.448    207.028    147.390
      0.481   -100.161    -27.916    -71.127     33.669    207.071    147.537
      0.482   -100.127    -27.709    -70.979     33.891    207.113    147.683
      0.483   -100.093    -27.502    -70.831     34.113    207.155    147.830
      0.484   -100.059    -27.295    -70.683     34.336    207.197    147.977
      0.485   -100.025    -27.087    -70.535     34.559    207.238    148.124
      0.486    -99.990    -26.880    -70.387     34.784    207.279    148.271
      0.487    -99.955    -26.673    -70.239     35.008    207.320    148.418
      0.488    -99.920    -26.466    -70.090     35.234    207.360    148.565
      0.489    -99.885    -26.258    -69.942     35.459    207.400    148.712
      0.490    -99.849    -26.051    -69.793     35.686    207.440    148.860
      0.491    -99.813    -25.843    -69.644     35.913    207.479    149.007
      0.492    -99.777    -25.636    -69.495     36.140    207.519    149.155
      0.493    -99.741    -25.428    -69.345     36.369    207.557    149.303
      0.494    -99.705    -25.221    -69.196     36.597    207.596    149.451
      0.495    -99.668    -25.013    -69.047     36.827    207.634    149.599
      0.496    -99.631    -24.805    -68.897     37.057    207.672    149.747
      0.497    -99.594    -24.598    -68.747     37.287    207.709    149.895
      0.498    -99.556    -24.390    -68.597     37.519    207.746    150.044
      0.499    -99.519    -24.182    -68.447     37.750    207.783    150.192
      0.500    -99.481    -23.974    -68.297     37.983    207.819    150.341
      0.501    -99.443    -23.767    -68.146     38.216    207.855    150.490
      0.502    -99.404    -23.559    -67.996     38.449    207.891    150.639
      0.503    -99.366    -23.351    -67.845     38.683    207.926    150.788
      0.504    -99.327    -23.143    -67.694     38.918    207.961    150.937
      0.505    -99.288    -22.935    -67.543     39.154    207.996    151.086
      0.506    -99.249    -22.727    -67.392     39.390    208.030    151.235
      0.507    -99.209    -22.519    -67.241     39.626    208.064    151.384
      0.508    -99.170    -22.311    -67.089     39.863    208.098    151.534
      0.509    -99.130    -22.103    -66.938     40.101    208.131    151.683
      0.510    -99.089    -21.894    -66.786     40.340    208.164    151.833
      0.511    -99.049    -21.686    -66.634     40.579    208.196    151.983
      0.512    -99.008    -21.478    -66.482     40.818    208.228    152.133
      0.513    -98.967    -21.270    -66.330     41.059    208.260    152.283
      0.514    -98.926    -21.062    -66.177     41.300    208.291    152.433
      0.515    -98.885    -20.853    -66.025     41.541    208.322    152.583
      0.516    -98.843    -20.645    -65.872     41.783    208.352    152.733
      0.517    -98.801    -20.437    -65.719     42.026    208.383    152.884
      0.518    -98.759    -20.228    -65.566     42.270    208.412    153.034
      0.519    -98.717    -20.020    -65.413     42.514    208.442    153.185
      0.520    -98.674    -19.811    -65.260     42.758    208.471    153.335
      0.521    -98.631    -19.603    -65.107     43.004    208.499    153.486
      0.522    -98.588    -19.394    -64.953     43.250    208.527    153.637
      0.523    -98.545    -19.186    -64.799     43.496    208.555    153.788
      0.524    -98.501    -18.977    -64.646     43.743    208.582    153.939
      0.525    -98.457    -18.769    -64.491     43.991    208.609    154.090
      0.526    -98.413    -18.560    -64.337     44.240    208.636    154.241
      0.527    -98.369    -18.351    -64.183     44.489    208.662    154.392
      0.528    -98.324    -18.143    -64.029     44.738    208.688    154.544
      0.529    -98.279    -17.934    -63.874     44.989    208.713    154.695
      0.530    -98.234    -17.725    -63.719     45.240    208.738    154.847
      0.531    -98.189    -17.516    -63.564     45.491    208.762    154.998
      0.532    -98.143    -17.308    -63.409     45.744    208.786    155.150
      0.533    -98.097    -17.099    -63.254     45.997    208.810    155.302
      0.534    -98.051    -16.890    -63.099     46.250    208.833    155.454
      0.535    -98.005    -16.681    -62.943     46.504    208.855    155.605
      0.536    -97.958    -16.472    -62.787     46.759    208.877    155.757
      0.537    -97.911    -16.263    -62.632     47.015    208.899    155.910
      0.538    -97.864    -16.055    -62.476     47.271    208.921    156.062
      0.539    -97.817    -15.846    -62.319     47.528    208.941    156.214
      0.540    -97.769    -15.637    -62.163     47.785    208.962    156.366
      0.541    -97.721    -15.428    -62.007     48.044    208.982    156.519
      0.542    -97.673    -15.219    -61.850     48.302    209.001    156.671
      0.543    -97.624    -15.010    -61.693     48.562    209.020    156.823
      0.544    -97.576    -14.801    -61.536     48.822    209.039    156.976
      0.545    -97.527    -14.592    -61.379     49.083    209.057    157.129
      0.546    -97.478    -14.383    -61.222     49.344    209.074    157.281
      0.547    -97.428    -14.173    -61.065     49.606    209.092    157.434
      0.548    -97.378    -13.964    -60.907     49.869    209.108    157.587
      0.549    -97.328    -13.755    -60.750     50.132    209.124    157.740
      0.550    -97.278    -13.546    -60.592     50.396    209.140    157.893
      0.551    -97.227    -13.337    -60.434     50.661    209.155    158.046
      0.552    -97.177    -13.128    -60.276     50.927    209.170    158.199
      0.553    -97.126    -12.919    -60.117     51.193    209.184    158.352
      0.554    -97.074    -12.709    -59.959     51.460    209.198    158.505
      0.555    -97.023    -12.500    -59.800     51.727    209.211    158.658
      0.556    -96.971    -12.291    -59.642     51.995    209.224    158.811
      0.557    -96.919    -12.082    -59.483     52.264    209.236    158.965
      0.558    -96.866    -11.873    -59.324     52.533    209.248    159.118
      0.559    -96.814    -11.663    -59.165     52.803    209.259    159.271
      0.560    -96.761    -11.454    -59.005     53.074    209.269    159.425
      0.561    -96.708    -11.245    -58.846     53.346    209.279    159.578
      0.562    -96.654    -11.035    -58.686     53.618    209.289    159.732
      0.563    -96.600    -10.826    -58.526     53.891    209.298    159.885
      0.564    -96.546    -10.617    -58.366     54.164    209.307    160.039
      0.565    -96.492    -10.408    -58.206     54.439    209.315    160.193
      0.566    -96.437    -10.198    -58.046     54.713    209.322    160.346
      0.567    -96.383     -9.989    -57.885     54.989    209.329    160.500
      0.568    -96.327     -9.780    -57.725     55.265    209.335    160.654
      0.569    -96.272     -9.570    -57.564     55.542    209.341    160.807
      0.570    -96.216     -9.361    -57.403     55.820    209.346    160.961
      0.571    -96.160     -9.152    -57.242     56.098    209.351    161.115
      0.572    -96.104     -8.942    -57.081     56.377    209.355    161.269
      0.573    -96.048     -8.733    -56.920     56.657    209.359    161.423
      0.574    -95.991     -8.523    -56.758     56.937    209.362    161.577
      0.575    -95.934     -8.314    -56.597     57.218    209.364    161.730
      0.576    -95.876     -8.105    -56.435     57.500    209.366    161.884
      0.577    -95.819     -7.895    -56.273     57.783    209.367    162.038
      0.578    -95.761     -7.686    -56.111     58.066    209.368    162.192
      0.579    -95.703     -7.477    -55.948     58.350    209.368    162.346
      0.580    -95.644     -7.267    -55.786     58.634    209.367    162.500
      0.581    -95.585     -7.058    -55.623     58.920    209.366    162.654
      0.582    -95.526     -6.849    -55.461     59.206    209.365    162.808
      0.583    -95.467     -6.639    -55.298     59.492    209.362    162.962
      0.584    -95.407     -6.430    -55.135     59.780    209.359    163.116
      0.585    -95.347     -6.220    -54.972     60.068    209.356    163.270
      0.586    -95.287     -6.011    -54.808     60.356    209.352    163.424
      0.587    -95.227     -5.802    -54.645     60.646    209.347    163.578
      0.588    -95.166     -5.592    -54.481     60.936    209.342    163.732
      0.589    -95.105     -5.383    -54.317     61.227    209.336    163.886
      0.590    -95.043     -5.174    -54.153     61.519    209.329    164.040
      0.591    -94.982     -4.964    -53.989     61.811    209.322    164.194
      0.592    -94.920     -4.755    -53.825     62.104    209.314    164.348
      0.593    -94.858     -4.546    -53.660     62.398    209.305    164.502
      0.594    -94.795     -4.336    -53.496     62.692    209.296    164.656
      0.595    -94.732     -4.127    -53.331     62.987    209.286    164.810
      0.596    -94.669     -3.918    -53.166     63.283    209.276    164.963
      0.597    -94.606     -3.709    -53.001     63.579    209.265    165.117
      0.598    -94.542     -3.499    -52.836     63.877    209.253    165.271
      0.599    -94.478     -3.290    -52.671     64.175    209.240    165.425
      0.600    -94.413     -3.081    -52.505     64.473    209.227    165.579
      0.601    -94.349     -2.872    -52.340     64.773    209.213    165.732
      0.602    -94.284     -2.662    -52.174     65.073    209.199    165.886
      0.603    -94.219     -2.453    -52.008     65.374    209.184    166.040
      0.604    -94.153     -2.244    -51.842     65.675    209.168    166.193
      0.605    -94.087     -2.035    -51.675     65.977    209.151    166.347
      0.606    -94.021     -1.826    -51.509     66.280    209.134    166.500
      0.607    -93.955     -1.617    -51.342     66.584    209.116    166.654
      0.608    -93.888     -1.408    -51.176     66.888    209.098    166.807
      0.609    -93.821     -1.198    -51.009     67.193    209.078    166.961
      0.610    -93.754     -0.989    -50.842     67.499    209.058    167.114
      0.611    -93.686     -0.780    -50.675     67.806    209.037    167.267
      0.612    -93.618     -0.571    -50.507     68.113    209.016    167.420
      0.613    -93.550     -0.362    -50.340     68.421    208.994    167.574
      0.614    -93.481     -0.153    -50.172     68.730    208.971    167.727
      0.615    -93.412      0.056    -50.004     69.039    208.947    167.880
      0.616    -93.343      0.265    -49.836     69.349    208.923    168.033
      0.617    -93.274      0.473    -49.668     69.660    208.898    168.186
      0.618    -93.204      0.682    -49.500     69.971    208.872    168.338
      0.619    -93.134      0.891    -49.331     70.284    208.845    168.491
      0.620    -93.063      1.100    -49.163     70.597    208.818    168.644
      0.621    -92.993      1.309    -48.994     70.910    208.790    168.796
      0.622    -92.921      1.518    -48.825     71.225    208.761    168.949
      0.623    -92.850      1.726    -48.656     71.540    208.731    169.101
      0.624    -92.778      1.935    -48.487     71.856    208.701    169.254
      0.625    -92.706      2.144    -48.318     72.172    208.669    169.406
      0.626    -92.634      2.352    -48.148     72.490    208.637    169.558
      0.627    -92.561      2.561    -47.979     72.808    208.605    169.710
      0.628    -92.488      2.770    -47.809     73.126    208.571    169.862
      0.629    -92.415      2.978    -47.639     73.446    208.537    170.014
      0.630    -92.342      3.187    -47.469     73.766    208.502    170.165
      0.631    -92.268      3.395    -47.299     74.087    208.466    170.317
      0.632    -92.193      3.604    -47.128     74.408    208.429    170.468
      0.633    -92.119      3.812    -46.958     74.731    208.391    170.620
      0.634    -92.044      4.020    -46.787     75.054    208.353    170.771
      0.635    -91.969      4.229    -46.616     75.378    208.314    170.922
      0.636    -91.893      4.437    -46.445     75.702    208.274    171.073
      0.637    -91.817      4.645    -46.274     76.027    208.233    171.224
      0.638    -91.741      4.854    -46.103     76.353    208.191    171.375
      0.639    -91.665      5.062    -45.931     76.680    208.148    171.526
      0.640    -91.588      5.270    -45.760     77.007    208.105    171.676
      0.641    -91.511      5.478    -45.588     77.335    208.061    171.826
      0.642    -91.433      5.686    -45.416     77.664    208.016    171.977
      0.643    -91.355      5.894    -45.244     77.993    207.970    172.127
      0.644    -91.277      6.102    -45.072     78.324    207.923    172.277
      0.645    -91.199      6.310    -44.899     78.654    207.875    172.426
      0.646    -91.120      6.518    -44.727     78.986    207.827    172.576
      0.647    -91.041      6.725    -44.554     79.318    207.777    172.725
      0.648    -90.961      6.933    -44.381     79.651    207.727    172.875
      0.649    -90.881      7.141    -44.208     79.985    207.676    173.024
      0.650    -90.801      7.349    -44.035     80.320    207.624    173.173
      0.651    -90.721      7.556    -43.862     80.655    207.571    173.322
      0.652    -90.640      7.764    -43.689     80.991    207.517    173.470
      0.653    -90.559      7.971    -43.515     81.327    207.462    173.619
      0.654    -90.477      8.179    -43.342     81.665    207.406    173.767
      0.655    -90.395      8.386    -43.168     82.003    207.350    173.915
      0.656    -90.313      8.593    -42.994     82.341    207.292    174.063
      0.657    -90.231      8.801    -42.820     82.681    207.234    174.211
      0.658    -90.148      9.008    -42.645     83.021    207.174    174.358
      0.659    -90.065      9.215    -42.471     83.362    207.114    174.505
      0.660    -89.981      9.422    -42.296     83.703    207.053    174.652
      0.661    -89.897      9.629    -42.122     84.045    206.991    174.799
      0.662    -89.813      9.836    -41.947     84.388    206.928    174.946
      0.663    -89.728     10.043    -41.772     84.732    206.863    175.092
      0.664    -89.644     10.250    -41.596     85.076    206.798    175.239
      0.665    -89.558     10.456    -41.421     85.421    206.732    175.385
      0.666    -89.473     10.663    -41.246     85.767    206.665    175.530
      0.667    -89.387     10.870    -41.070     86.113    206.598    175.676
      0.668    -89.300     11.076    -40.894     86.460    206.529    175.821
      0.669    -89.214     11.283    -40.718     86.808    206.459    175.966
      0.670    -89.127     11.489    -40.542     87.157    206.388    176.111
      0.671    -89.040     11.696    -40.366     87.506    206.316    176.256
      0.672    -88.952     11.902    -40.190     87.856    206.243    176.400
      0.673    -88.864     12.108    -40.013     88.206    206.169    176.544
      0.674    -88.775     12.314    -39.837     88.557    206.094    176.688
      0.675    -88.687     12.520    -39.660     88.909    206.018    176.832
      0.676    -88.598     12.726    -39.483     89.262    205.941    176.975
      0.677    -88.508     12.932    -39.306     89.615    205.863    177.118
      0.678    -88.418     13.138    -39.129     89.969    205.784    177.261
      0.679    -88.328     13.344    -38.952     90.324    205.704    177.404
      0.680    -88.238     13.549    -38.774     90.679    205.623    177.546
      0.681    -88.147     13.755    -38.596     91.035    205.541    177.688
      0.682    -88.056     13.960    -38.419     91.391    205.458    177.829
      0.683    -87.964     14.166    -38.241     91.749    205.374    177.971
      0.684    -87.872     14.371    -38.063     92.107    205.289    178.112
      0.685    -87.780     14.576    -37.885     92.465    205.202    178.253
      0.686    -87.687     14.782    -37.706     92.825    205.115    178.393
      0.687    -87.594     14.987    -37.528     93.184    205.027    178.533
      0.688    -87.501     15.192    -37.349     93.545    204.937    178.673
      0.689    -87.407     15.397    -37.170     93.906    204.847    178.813
      0.690    -87.313     15.601    -36.992     94.268    204.755    178.952
      0.691    -87.219     15.806    -36.813     94.631    204.662    179.091
      0.692    -87.124     16.011    -36.633     94.994    204.568    179.229
      0.693    -87.029     16.215    -36.454     95.358    204.473    179.368
      0.694    -86.933     16.420    -36.275     95.722    204.377    179.505
      0.695    -86.837     16.624    -36.095     96.087    204.280    179.643
      0.696    -86.741     16.828    -35.915     96.453    204.182    179.780
      0.697    -86.644     17.032    -35.736     96.819    204.082    179.917
      0.698    -86.547     17.236    -35.556     97.186    203.982    180.054
      0.699    -86.450     17.440    -35.375     97.554    203.880    180.190
      0.700    -86.352     17.644    -35.195     97.922    203.777    180.325
      0.701    -86.254     17.848    -35.015     98.291    203.673    180.461
      0.702    -86.156     18.051    -34.834     98.661    203.568    180.596
      0.703    -86.057     18.255    -34.654     99.031    203.462    180.730
      0.704    -85.957     18.458    -34.473     99.401    203.354    180.865
      0.705    -85.858     18.662    -34.292     99.773    203.246    180.999
      0.706    -85.758     18.865    -34.111    100.145    203.136    181.132
      0.707    -85.658     19.068    -33.930    100.517    203.025    181.265
      0.708    -85.557     19.271    -33.748    100.891    202.913    181.398
      0.709    -85.456     19.474    -33.567    101.264    202.800    181.530
      0.710    -85.354     19.677    -33.385    101.639    202.686    181.662
      0.711    -85.253     19.879    -33.203    102.014    202.570    181.793
      0.712    -85.150     20.082    -33.022    102.389    202.453    181.924
      0.713    -85.048     20.284    -32.840    102.765    202.335    182.055
      0.714    -84.945     20.486    -32.658    103.142    202.216    182.185
      0.715    -84.841     20.689    -32.475    103.519    202.095    182.315
      0.716    -84.738     20.891    -32.293    103.897    201.974    182.444
      0.717    -84.634     21.092    -32.110    104.275    201.851    182.573
      0.718    -84.529     21.294    -31.928    104.654    201.727    182.701
      0.719    -84.424     21.496    -31.745    105.034    201.601    182.829
      0.720    -84.319     21.697    -31.562    105.414    201.475    182.956
      0.721    -84.214     21.899    -31.379    105.795    201.347    183.083
      0.722    -84.108     22.100    -31.196    106.176    201.218    183.210
      0.723    -84.001     22.301    -31.013    106.558    201.088    183.336
      0.724    -83.894     22.502    -30.829    106.940    200.956    183.462
      0.725    -83.787     22.703    -30.646    107.323    200.824    183.587
      0.726    -83.680     22.904    -30.462    107.706    200.690    183.711
      0.727    -83.572     23.105    -30.278    108.090    200.554    183.835
      0.728    -83.464     23.305    -30.094    108.475    200.418    183.959
      0.729    -83.355     23.505    -29.910    108.860    200.280    184.082
      0.730    -83.246     23.706    -29.726    109.245    200.141    184.204
      0.731    -83.136     23.906    -29.542    109.631    200.000    184.326
      0.732    -83.027     24.106    -29.358    110.017    199.859    184.448
      0.733    -82.916     24.305    -29.173    110.404    199.716    184.569
      0.734    -82.806     24.505    -28.988    110.792    199.571    184.689
      0.735    -82.695     24.705    -28.804    111.180    199.426    184.809
      0.736    -82.583     24.904    -28.619    111.568    199.279    184.929
      0.737    -82.472     25.103    -28.434    111.957    199.131    185.047
      0.738    -82.360     25.302    -28.249    112.347    198.981    185.166
      0.739    -82.247     25.501    -28.064    112.737    198.830    185.283
      0.740    -82.134     25.700    -27.878    113.127    198.678    185.400
      0.741    -82.021     25.898    -27.693    113.518    198.525    185.517
      0.742    -81.907     26.097    -27.507    113.909    198.370    185.633
      0.743    -81.793     26.295    -27.321    114.301    198.214    185.748
      0.744    -81.678     26.493    -27.136    114.693    198.056    185.863
      0.745    -81.564     26.691    -26.950    115.086    197.898    185.977
      0.746    -81.448     26.889    -26.764    115.479    197.737    186.091
      0.747    -81.333     27.087    -26.578    115.872    197.576    186.204
      0.748    -81.217     27.284    -26.391    116.266    197.413    186.316
      0.749    -81.100     27.482    -26.205    116.661    197.249    186.428
      0.750    -80.983     27.679    -26.018    117.056    197.083    186.539
      0.751    -80.866     27.876    -25.832    117.451    196.916    186.650
      0.752    -80.748     28.073    -25.645    117.846    196.748    186.760
      0.753    -80.630     28.269    -25.458    118.242    196.578    186.869
      0.754    -80.512     28.466    -25.271    118.639    196.407    186.977
      0.755    -80.393     28.662    -25.084    119.035    196.235    187.085
      0.756    -80.274     28.858    -24.897    119.433    196.061    187.193
      0.757    -80.154     29.054    -24.710    119.830    195.886    187.299
      0.758    -80.034     29.250    -24.523    120.228    195.709    187.405
      0.759    -79.914     29.446    -24.335    120.626    195.531    187.511
      0.760    -79.793     29.641    -24.148    121.025    195.352    187.615
      0.761    -79.672     29.836    -23.960    121.424    195.171    187.719
      0.762    -79.550     30.031    -23.772    121.823    194.989    187.822
      0.763    -79.428     30.226    -23.584    122.223    194.805    187.925
      0.764    -79.306     30.421    -23.396    122.623    194.620    188.027
      0.765    -79.183     30.616    -23.208    123.023    194.434    188.128
      0.766    -79.060     30.810    -23.020    123.423    194.246    188.228
      0.767    -78.936     31.004    -22.832    123.824    194.056    188.328
      0.768    -78.812     31.198    -22.643    124.225    193.866    188.427
      0.769    -78.687     31.392    -22.455    124.627    193.673    188.525
      0.770    -78.563     31.585    -22.266    125.029    193.480    188.623
      0.771    -78.437     31.779    -22.078    125.431    193.285    188.720
      0.772    -78.312     31.972    -21.889    125.833    193.088    188.816
      0.773    -78.186     32.165    -21.700    126.236    192.890    188.911
      0.774    -78.059     32.358    -21.511    126.639    192.691    189.006
      0.775    -77.932     32.550    -21.322    127.042    192.490    189.099
      0.776    -77.805     32.743    -21.133    127.445    192.288    189.192
      0.777    -77.678     32.935    -20.944    127.849    192.084    189.285
      0.778    -77.549     33.127    -20.754    128.252    191.879    189.376
      0.779    -77.421     33.319    -20.565    128.656    191.673    189.467
      0.780    -77.292     33.510    -20.375    129.061    191.465    189.557
      0.781    -77.163     33.702    -20.186    129.465    191.255    189.646
      0.782    -77.033     33.893    -19.996    129.870    191.044    189.734
      0.783    -76.903     34.084    -19.806    130.275    190.832    189.822
      0.784    -76.773     34.274    -19.616    130.680    190.618    189.908
      0.785    -76.642     34.465    -19.427    131.085    190.402    189.994
      0.786    -76.511     34.655    -19.236    131.490    190.185    190.079
      0.787    -76.379     34.845    -19.046    131.896    189.967    190.163
      0.788    -76.247     35.035    -18.856    132.301    189.747    190.247
      0.789    -76.114     35.225    -18.666    132.707    189.526    190.329
      0.790    -75.981     35.414    -18.475    133.113    189.303    190.411
      0.791    -75.848     35.603    -18.285    133.519    189.079    190.492
      0.792    -75.714     35.792    -18.095    133.925    188.853    190.572
      0.793    -75.580     35.981    -17.904    134.332    188.626    190.651
      0.794    -75.446     36.170    -17.713    134.738    188.397    190.729
      0.795    -75.311     36.358    -17.522    135.144    188.167    190.806
      0.796    -75.175     36.546    -17.332    135.551    187.935    190.883
      0.797    -75.040     36.734    -17.141    135.958    187.702    190.958
      0.798    -74.903     36.921    -16.950    136.364    187.467    191.033
      0.799    -74.767     37.109    -16.759    136.771    187.231    191.107
      0.800    -74.630     37.296    -16.567    137.178    186.993    191.180
      0.801    -74.492     37.483    -16.376    137.585    186.754    191.251
      0.802    -74.355     37.669    -16.185    137.992    186.513    191.323
      0.803    -74.217     37.856    -15.994    138.398    186.271    191.393
      0.804    -74.078     38.042    -15.802    138.805    186.027    191.462
      0.805    -73.939     38.228    -15.611    139.212    185.782    191.530
      0.806    -73.799     38.413    -15.419    139.619    185.535    191.597
      0.807    -73.660     38.599    -15.227    140.026    185.287    191.664
      0.808    -73.519     38.784    -15.036    140.433    185.037    191.729
      0.809    -73.379     38.969    -14.844    140.840    184.786    191.794
      0.810    -73.238     39.153    -14.652    141.247    184.533    191.857
      0.811    -73.096     39.338    -14.460    141.653    184.279    191.920
      0.812    -72.954     39.522    -14.268    142.060    184.023    191.981
      0.813    -72.812     39.706    -14.076    142.467    183.766    192.042
      0.814    -72.670     39.890    -13.884    142.873    183.507    192.102
      0.815    -72.526     40.073    -13.692    143.280    183.247    192.160
      0.816    -72.383     40.256    -13.500    143.686    182.985    192.218
      0.817    -72.239     40.439    -13.308    144.092    182.722    192.275
      0.818    -72.095     40.621    -13.115    144.498    182.457    192.330
      0.819    -71.950     40.804    -12.923    144.904    182.191    192.385
      0.820    -71.805     40.986    -12.731    145.310    181.923    192.439
      0.821    -71.659     41.168    -12.538    145.716    181.654    192.491
      0.822    -71.514     41.349    -12.346    146.121    181.383    192.543
      0.823    -71.367     41.530    -12.153    146.527    181.111    192.593
      0.824    -71.220     41.711    -11.960    146.932    180.837    192.643
      0.825    -71.073     41.892    -11.768    147.337    180.562    192.691
      0.826    -70.926     42.073    -11.575    147.741    180.285    192.739
      0.827    -70.778     42.253    -11.382    148.146    180.006    192.785
      0.828    -70.630     42.433    -11.190    148.550    179.727    192.831
      0.829    -70.481     42.612    -10.997    148.955    179.445    192.875
      0.830    -70.332     42.791    -10.804    149.358    179.162    192.918
      0.831    -70.182     42.970    -10.611    149.762    178.878    192.960
      0.832    -70.032     43.149    -10.418    150.165    178.592    193.001
      0.833    -69.882     43.328    -10.225    150.568    178.305    193.042
      0.834    -69.731     43.506    -10.032    150.971    178.016    193.080
      0.835    -69.580     43.684     -9.839    151.374    177.726    193.118
      0.836    -69.428     43.861     -9.646    151.776    177.434    193.155
      0.837    -69.276     44.039     -9.452    152.178    177.141    193.191
      0.838    -69.124     44.216     -9.259    152.580    176.846    193.225
      0.839    -68.971     44.392     -9.066    152.981    176.550    193.259
      0.840    -68.818     44.569     -8.873    153.382    176.252    193.291
      0.841    -68.664     44.745     -8.679    153.782    175.953    193.323
      0.842    -68.510     44.921     -8.486    154.182    175.652    193.353
      0.843    -68.356     45.096     -8.293    154.582    175.350    193.382
      0.844    -68.201     45.271     -8.099    154.982    175.047    193.410
      0.845    -68.046     45.446     -7.906    155.381    174.741    193.436
      0.846    -67.890     45.621     -7.712    155.779    174.435    193.462
      0.847    -67.734     45.795     -7.519    156.177    174.127    193.486
      0.848    -67.578     45.969     -7.325    156.575    173.817    193.510
      0.849    -67.421     46.143     -7.132    156.972    173.507    193.532
      0.850    -67.264     46.316     -6.938    157.369    173.194    193.553
      0.851    -67.107     46.489     -6.745    157.766    172.880    193.573
      0.852    -66.949     46.662     -6.551    158.162    172.565    193.592
      0.853    -66.790     46.834     -6.358    158.557    172.248    193.609
      0.854    -66.631     47.006     -6.164    158.952    171.930    193.626
      0.855    -66.472     47.178     -5.970    159.346    171.611    193.641
      0.856    -66.313     47.349     -5.777    159.740    171.290    193.655
      0.857    -66.153     47.521     -5.583    160.134    170.967    193.668
      0.858    -65.992     47.691     -5.389    160.526    170.643    193.680
      0.859    -65.832     47.862     -5.196    160.919    170.318    193.690
      0.860    -65.671     48.032     -5.002    161.311    169.991    193.699
      0.861    -65.509     48.202     -4.808    161.702    169.663    193.708
      0.862    -65.347     48.371     -4.615    162.092    169.334    193.714
      0.863    -65.185     48.541     -4.421    162.482    169.003    193.720
      0.864    -65.022     48.709     -4.227    162.872    168.670    193.725
      0.865    -64.859     48.878     -4.033    163.260    168.337    193.728
      0.866    -64.696     49.046     -3.840    163.648    168.002    193.730
      0.867    -64.532     49.214     -3.646    164.036    167.665    193.731
      0.868    -64.368     49.381     -3.452    164.423    167.327    193.731
      0.869    -64.203     49.549     -3.258    164.809    166.988    193.729
      0.870    -64.038     49.715     -3.065    165.194    166.647    193.726
      0.871    -63.873     49.882     -2.871    165.579    166.305    193.722
      0.872    -63.707     50.048     -2.677    165.963    165.962    193.717
      0.873    -63.541     50.214     -2.484    166.347    165.617    193.710
      0.874    -63.374     50.379     -2.290    166.730    165.271    193.702
      0.875    -63.207     50.544     -2.096    167.112    164.924    193.693
      0.876    -63.040     50.709     -1.902    167.493    164.575    193.682
      0.877    -62.872     50.873     -1.709    167.873    164.225    193.671
      0.878    -62.704     51.037     -1.515    168.253    163.874    193.657
      0.879    -62.536     51.201     -1.321    168.632    163.521    193.643
      0.880    -62.367     51.365     -1.128    169.010    163.167    193.627
      0.881    -62.198     51.528     -0.934    169.387    162.812    193.609
      0.882    -62.028     51.690     -0.741    169.764    162.455    193.590
      0.883    -61.858     51.852     -0.547    170.140    162.097    193.569
      0.884    -61.688     52.014     -0.354    170.515    161.738    193.546
      0.885    -61.517     52.176     -0.160    170.889    161.378    193.521
      0.886    -61.346     52.337      0.034    171.262    161.016    193.494
      0.887    -61.175     52.498      0.227    171.634    160.653    193.465
      0.888    -61.003     52.658      0.420    172.006    160.289    193.433
      0.889    -60.831     52.818      0.614    172.376    159.923    193.399
      0.890    -60.658     52.978      0.807    172.746    159.557    193.364
      0.891    -60.485     53.138      1.001    173.114    159.189    193.327
      0.892    -60.312     53.297      1.194    173.482    158.820    193.288
      0.893    -60.138     53.455      1.387    173.849    158.450    193.247
      0.894    -59.964     53.614      1.580    174.214    158.078    193.205
      0.895    -59.790     53.771      1.774    174.579    157.706    193.162
      0.896    -59.615     53.929      1.967    174.943    157.332    193.117
      0.897    -59.440     54.086      2.160    175.306    156.957    193.071
      0.898    -59.264     54.243      2.353    175.667    156.581    193.024
      0.899    -59.089     54.399      2.546    176.028    156.204    192.975
      0.900    -58.912     54.555      2.739    176.388    155.826    192.925
      0.901    -58.736     54.711      2.932    176.746    155.447    192.874
      0.902    -58.559     54.866      3.125    177.104    155.066    192.821
      0.903    -58.382     55.021      3.317    177.460    154.685    192.767
      0.904    -58.204     55.176      3.510    177.816    154.302    192.712
      0.905    -58.026     55.330      3.703    178.170    153.918    192.656
      0.906    -57.848     55.483      3.895    178.523    153.533    192.598
      0.907    -57.669     55.637      4.088    178.875    153.147    192.539
      0.908    -57.490     55.790      4.280    179.226    152.761    192.478
      0.909    -57.310     55.942      4.473    179.576    152.373    192.417
      0.910    -57.131     56.094      4.665    179.924    151.983    192.354
      0.911    -56.951     56.246      4.858    180.272    151.593    192.290
      0.912    -56.770     56.398      5.050    180.618    151.202    192.224
      0.913    -56.589     56.549      5.242    180.964    150.810    192.158
      0.914    -56.408     56.699      5.434    181.308    150.417    192.090
      0.915    -56.227     56.849      5.626    181.651    150.023    192.020
      0.916    -56.045     56.999      5.818    181.992    149.628    191.950
      0.917    -55.863     57.149      6.010    182.333    149.232    191.878
      0.918    -55.680     57.298      6.202    182.672    148.835    191.805
      0.919    -55.497     57.446      6.394    183.010    148.437    191.731
      0.920    -55.314     57.595      6.585    183.347    148.038    191.655
      0.921    -55.131     57.742      6.777    183.682    147.638    191.578
      0.922    -54.947     57.890      6.969    184.017    147.237    191.500
      0.923    -54.763     58.037      7.160    184.350    146.835    191.421
      0.924    -54.578     58.184      7.351    184.681    146.433    191.340
      0.925    -54.393     58.330      7.543    185.012    146.029    191.258
      0.926    -54.208     58.476      7.734    185.341    145.625    191.175
      0.927    -54.023     58.621      7.925    185.669    145.220    191.091
      0.928    -53.837     58.766      8.116    185.996    144.813    191.006
      0.929    -53.651     58.911      8.307    186.321    144.406    190.919
      0.930    -53.464     59.055      8.498    186.645    143.998    190.831
      0.931    -53.277     59.199      8.689    186.968    143.590    190.741
      0.932    -53.090     59.342      8.879    187.290    143.180    190.651
      0.933    -52.903     59.485      9.070    187.610    142.770    190.559
      0.934    -52.715     59.628      9.261    187.928    142.359    190.466
      0.935    -52.527     59.770      9.451    188.246    141.947    190.372
      0.936    -52.339     59.911      9.641    188.562    141.534    190.277
      0.937    -52.150     60.053      9.832    188.877    141.120    190.180
      0.938    -51.961     60.194     10.022    189.190    140.706    190.082
      0.939    -51.771     60.334     10.212    189.502    140.291    189.983
      0.940    -51.582     60.474     10.402    189.812    139.875    189.883
      0.941    -51.392     60.614     10.592    190.122    139.458    189.781
      0.942    -51.202     60.753     10.781    190.429    139.041    189.679
      0.943    -51.011     60.892     10.971    190.736    138.623    189.575
      0.944    -50.820     61.030     11.160    191.041    138.204    189.470
      0.945    -50.629     61.168     11.350    191.344    137.785    189.363
      0.946    -50.437     61.306     11.539    191.646    137.365    189.256
      0.947    -50.246     61.443     11.728    191.947    136.944    189.147
      0.948    -50.054     61.580     11.917    192.246    136.522    189.038
      0.949    -49.861     61.716     12.106    192.544    136.100    188.926
      0.950    -49.668     61.852     12.295    192.841    135.677    188.814
      0.951    -49.475     61.988     12.484    193.135    135.254    188.701
      0.952    -49.282     62.123     12.673    193.429    134.830    188.586
      0.953    -49.089     62.257     12.861    193.721    134.405    188.471
      0.954    -48.895     62.391     13.050    194.011    133.980    188.354
      0.955    -48.701     62.525     13.238    194.301    133.554    188.236
      0.956    -48.506     62.659     13.426    194.588    133.128    188.117
      0.957    -48.311     62.791     13.614    194.874    132.701    187.996
      0.958    -48.116     62.924     13.802    195.159    132.273    187.875
      0.959    -47.921     63.056     13.990    195.442    131.845    187.752
      0.960    -47.725     63.188     14.178    195.723    131.416    187.628
      0.961    -47.530     63.319     14.365    196.004    130.987    187.504
      0.962    -47.333     63.450     14.553    196.282    130.558    187.377
      0.963    -47.137     63.580     14.740    196.559    130.127    187.250
      0.964    -46.940     63.710     14.927    196.835    129.697    187.122
      0.965    -46.743     63.839     15.114    197.109    129.266    186.993
      0.966    -46.546     63.968     15.301    197.381    128.834    186.862
      0.967    -46.349     64.097     15.488    197.652    128.402    186.731
      0.968    -46.151     64.225     15.675    197.922    127.969    186.598
      0.969    -45.953     64.353     15.861    198.190    127.536    186.464
      0.970    -45.754     64.480     16.047    198.456    127.103    186.329
      0.971    -45.556     64.607     16.234    198.721    126.669    186.193
      0.972    -45.357     64.734     16.420    198.984    126.234    186.056
      0.973    -45.158     64.860     16.606    199.246    125.800    185.918
      0.974    -44.959     64.985     16.792    199.506    125.365    185.779
      0.975    -44.759     65.110     16.977    199.764    124.929    185.638
      0.976    -44.559     65.235     17.163    200.021    124.493    185.497
      0.977    -44.359     65.359     17.348    200.277    124.057    185.355
      0.978    -44.158     65.483     17.534    200.530    123.621    185.211
      0.979    -43.958     65.607     17.719    200.783    123.184    185.067
      0.980    -43.757     65.730     17.904    201.033    122.747    184.921
      0.981    -43.556     65.852     18.089    201.282    122.309    184.774
      0.982    -43.354     65.974     18.273    201.530    121.871    184.627
      0.983    -43.153     66.096     18.458    201.776    121.433    184.478
      0.984    -42.951     66.217     18.642    202.020    120.995    184.328
      0.985    -42.749     66.338     18.827    202.263    120.556    184.178
      0.986    -42.546     66.458     19.011    202.504    120.117    184.026
      0.987    -42.344     66.578     19.195    202.743    119.678    183.873
      0.988    -42.141     66.697     19.378    202.981    119.239    183.719
      0.989    -41.938     66.816     19.562    203.218    118.799    183.565
      0.990    -41.734     66.935     19.746    203.452    118.359    183.409
      0.991    -41.531     67.053     19.929    203.685    117.919    183.252
      0.992    -41.327     67.171     20.112    203.917    117.479    183.095
      0.993    -41.123     67.288     20.295    204.147    117.038    182.936
      0.994    -40.919     67.405     20.478    204.375    116.597    182.776
      0.995    -40.714     67.521     20.661    204.602    116.157    182.616
      0.996    -40.509     67.637     20.843    204.827    115.716    182.454
      0.997    -40.305     67.753     21.026    205.050    115.274    182.292
      0.998    -40.099     67.868     21.208    205.272    114.833    182.128
      0.999    -39.894     67.982     21.390    205.492    114.392    181.964
      1.000    -39.688     68.097     21.572    205.711    113.950    181.798
      1.001    -39.483     68.210     21.753    205.928    113.509    181.632
      1.002    -39.277     68.324     21.935    206.143    113.067    181.465
      1.003    -39.070     68.436     22.116    206.357    112.625    181.297
      1.004    -38.864     68.549     22.297    206.569    112.183    181.128
      1.005    -38.657     68.661     22.479    206.779    111.741    180.958
      1.006    -38.450     68.772     22.659    206.988    111.299    180.787
      1.007    -38.243     68.883     22.840    207.195    110.857    180.616
      1.008    -38.036     68.994     23.021    207.401    110.415    180.443
      1.009    -37.828     69.104     23.201    207.605    109.973    180.270
      1.010    -37.621     69.214     23.381    207.807    109.530    180.095
      1.011    -37.413     69.323     23.561    208.008    109.088    179.920
      1.012    -37.205     69.432     23.741    208.207    108.646    179.744
      1.013    -36.996     69.541     23.921    208.404    108.204    179.567
      1.014    -36.788     69.649     24.100    208.600    107.762    179.389
      1.015    -36.579     69.756     24.279    208.794    107.320    179.211
      1.016    -36.370     69.863     24.459    208.987    106.877    179.031
      1.017    -36.161     69.970     24.638    209.178    106.435    178.851
      1.018    -35.952     70.076     24.816    209.367    105.993    178.670
      1.019    -35.742     70.182     24.995    209.555    105.551    178.488
      1.020    -35.533     70.287     25.173    209.741    105.110    178.305
      1.021    -35.323     70.392     25.351    209.926    104.668    178.122
      1.022    -35.113     70.497     25.529    210.108    104.226    177.938
      1.023    -34.903     70.601     25.707    210.290    103.784    177.752
      1.024    -34.692     70.704     25.885    210.469    103.343    177.567
      1.025    -34.482     70.807     26.062    210.647    102.902    177.380
      1.026    -34.271     70.910     26.240    210.824    102.460    177.192
      1.027    -34.060     71.012     26.417    210.998    102.019    177.004
      1.028    -33.849     71.114     26.594    211.172    101.578    176.815
      1.029    -33.638     71.215     26.770    211.343    101.137    176.626
      1.030    -33.426     71.316     26.947    211.513    100.697    176.435
      1.031    -33.215     71.417     27.123    211.681    100.256    176.244
      1.032    -33.003     71.517     27.300    211.848     99.816    176.052
      1.033    -32.791     71.616     27.475    212.013     99.376    175.859
      1.034    -32.579     71.716     27.651    212.177     98.936    175.666
      1.035    -32.367     71.814     27.827    212.339     98.496    175.472
      1.036    -32.154     71.913     28.002    212.499     98.057    175.277
      1.037    -31.942     72.010     28.177    212.658     97.618    175.081
      1.038    -31.729     72.108     28.352    212.815     97.178    174.885
      1.039    -31.516     72.205     28.527    212.970     96.740    174.688
      1.040    -31.303     72.301     28.702    213.124     96.301    174.490
      1.041    -31.090     72.397     28.876    213.276     95.863    174.292
      1.042    -30.877     72.493     29.050    213.427     95.425    174.093
      1.043    -30.663     72.588     29.224    213.576     94.987    173.894
      1.044    -30.449     72.683     29.398    213.724     94.549    173.693
      1.045    -30.236     72.777     29.572    213.870     94.112    173.492
      1.046    -30.022     72.871     29.745    214.014     93.675    173.291
      1.047    -29.808     72.965     29.918    214.157     93.239    173.089
      1.048    -29.593     73.058     30.091    214.299     92.802    172.886
      1.049    -29.379     73.150     30.264    214.438     92.366    172.682
      1.050    -29.164     73.242     30.437    214.576     91.931    172.478
      1.051    -28.950     73.334     30.609    214.713     91.495    172.273
      1.052    -28.735     73.425     30.781    214.848     91.060    172.068
      1.053    -28.520     73.516     30.953    214.982     90.626    171.862
      1.054    -28.305     73.607     31.125    215.114     90.191    171.655
      1.055    -28.090     73.697     31.296    215.244     89.757    171.448
      1.056    -27.875     73.786     31.468    215.373     89.324    171.241
      1.057    -27.659     73.875     31.639    215.500     88.891    171.032
      1.058    -27.444     73.964     31.810    215.626     88.458    170.823
      1.059    -27.228     74.052     31.981    215.750     88.025    170.614
      1.060    -27.012     74.140     32.151    215.873     87.593    170.404
      1.061    -26.796     74.227     32.321    215.994     87.162    170.194
      1.062    -26.580     74.314     32.491    216.114     86.730    169.982
      1.063    -26.364     74.401     32.661    216.232     86.300    169.771
      1.064    -26.148     74.487     32.831    216.348     85.869    169.559
      1.065    -25.931     74.573     33.000    216.463     85.439    169.346
      1.066    -25.715     74.658     33.170    216.577     85.010    169.133
      1.067    -25.498     74.743     33.339    216.689     84.580    168.919
      1.068    -25.281     74.827     33.508    216.800     84.152    168.705
      1.069    -25.064     74.911     33.676    216.909     83.724    168.490
      1.070    -24.847     74.994     33.844    217.016     83.296    168.275
      1.071    -24.630     75.077     34.013    217.122     82.869    168.059
      1.072    -24.413     75.160     34.181    217.227     82.442    167.843
      1.073    -24.196     75.242     34.348    217.330     82.015    167.626
      1.074    -23.979     75.324     34.516    217.432     81.590    167.409
      1.075    -23.761     75.405     34.683    217.532     81.164    167.191
      1.076    -23.544     75.486     34.850    217.631     80.739    166.973
      1.077    -23.326     75.567     35.017    217.728     80.315    166.755
      1.078    -23.108     75.647     35.184    217.824     79.891    166.536
      1.079    -22.890     75.727     35.350    217.918     79.468    166.316
      1.080    -22.672     75.806     35.516    218.011     79.045    166.096
      1.081    -22.454     75.885     35.682    218.102     78.623    165.876
      1.082    -22.236     75.963     35.848    218.192     78.201    165.655
      1.083    -22.018     76.041     36.014    218.281     77.780    165.434
      1.084    -21.799     76.119     36.179    218.368     77.359    165.213
      1.085    -21.581     76.196     36.344    218.454     76.939    164.991
      1.086    -21.363     76.273     36.509    218.538     76.519    164.768
      1.087    -21.144     76.349     36.674    218.621     76.100    164.545
      1.088    -20.925     76.425     36.838    218.702     75.682    164.322
      1.089    -20.707     76.500     37.002    218.782     75.264    164.099
      1.090    -20.488     76.575     37.166    218.861     74.846    163.875
      1.091    -20.269     76.650     37.330    218.938     74.430    163.650
      1.092    -20.050     76.724     37.494    219.014     74.013    163.426
      1.093    -19.831     76.798     37.657    219.088     73.598    163.201
      1.094    -19.612     76.871     37.820    219.161     73.183    162.975
      1.095    -19.392     76.944     37.983    219.233     72.768    162.750
      1.096    -19.173     77.017     38.145    219.303     72.354    162.523
      1.097    -18.954     77.089     38.308    219.372     71.941    162.297
      1.098    -18.734     77.161     38.470    219.440     71.528    162.070
      1.099    -18.515     77.232     38.632    219.506     71.116    161.843
      1.100    -18.295     77.303     38.794    219.571     70.705    161.616
      1.101    -18.076     77.374     38.955    219.634     70.294    161.388
      1.102    -17.856     77.444     39.117    219.696     69.884    161.160
      1.103    -17.636     77.513     39.278    219.757     69.475    160.931
      1.104    -17.417     77.583     39.438    219.817     69.066    160.703
      1.105    -17.197     77.652     39.599    219.875     68.657    160.474
      1.106    -16.977     77.720     39.759    219.932     68.250    160.244
      1.107    -16.757     77.788     39.919    219.987     67.843    160.015
      1.108    -16.537     77.856     40.079    220.041     67.436    159.785
      1.109    -16.317     77.923     40.239    220.094     67.031    159.555
      1.110    -16.097     77.990     40.398    220.146     66.626    159.324
      1.111    -15.877     78.056     40.558    220.196     66.221    159.094
      1.112    -15.656     78.122     40.717    220.245     65.818    158.863
      1.113    -15.436     78.188     40.875    220.293     65.415    158.632
      1.114    -15.216     78.253     41.034    220.339     65.012    158.400
      1.115    -14.995     78.318     41.192    220.384     64.611    158.168
      1.116    -14.775     78.382     41.350    220.428     64.210    157.936
      1.117    -14.555     78.446     41.508    220.470     63.809    157.704
      1.118    -14.334     78.510     41.666    220.512     63.410    157.472
      1.119    -14.114     78.573     41.823    220.552     63.011    157.239
      1.120    -13.893     78.636     41.980    220.591     62.612    157.006
      1.121    -13.672     78.698     42.137    220.628     62.215    156.773
      1.122    -13.452     78.760     42.294    220.664     61.818    156.540
      1.123    -13.231     78.822     42.450    220.699     61.422    156.306
      1.124    -13.010     78.883     42.606    220.733     61.026    156.073
      1.125    -12.790     78.944     42.762    220.766     60.631    155.839
      1.126    -12.569     79.004     42.918    220.797     60.237    155.605
      1.127    -12.348     79.064     43.073    220.827     59.844    155.370
      1.128    -12.127     79.124     43.229    220.856     59.451    155.136
      1.129    -11.906     79.183     43.384    220.884     59.059    154.901
      1.130    -11.685     79.242     43.539    220.911     58.668    154.666
      1.131    -11.464     79.301     43.693    220.936     58.278    154.431
      1.132    -11.244     79.359     43.847    220.960     57.888    154.196
      1.133    -11.023     79.416     44.001    220.983     57.499    153.961
      1.134    -10.802     79.474     44.155    221.005     57.111    153.725
      1.135    -10.581     79.531     44.309    221.026     56.723    153.490
      1.136    -10.360     79.587     44.462    221.045     56.336    153.254
      1.137    -10.138     79.643     44.615    221.064     55.950    153.018
      1.138     -9.917     79.699     44.768    221.081     55.565    152.782
      1.139     -9.696     79.754     44.921    221.097     55.180    152.546
      1.140     -9.475     79.809     45.073    221.112     54.796    152.309
      1.141     -9.254     79.864     45.226    221.125     54.413    152.073
      1.142     -9.033     79.918     45.378    221.138     54.030    151.836
      1.143     -8.812     79.972     45.529    221.150     53.649    151.599
      1.144     -8.591     80.026     45.681    221.160     53.268    151.363
      1.145     -8.369     80.079     45.832    221.169     52.888    151.126
      1.146     -8.148     80.131     45.983    221.177     52.508    150.889
      1.147     -7.927     80.184     46.134    221.184     52.130    150.651
      1.148     -7.706     80.236     46.284    221.190     51.752    150.414
      1.149     -7.485     80.287     46.435    221.195     51.375    150.177
      1.150     -7.264     80.338     46.585    221.199     50.998    149.939
      1.151     -7.042     80.389     46.735    221.201     50.623    149.702
      1.152     -6.821     80.440     46.884    221.203     50.248    149.464
      1.153     -6.600     80.490     47.033    221.204     49.874    149.226
      1.154     -6.379     80.539     47.183    221.203     49.501    148.989
      1.155     -6.158     80.589     47.331    221.201     49.128    148.751
      1.156     -5.936     80.638     47.480    221.199     48.756    148.513
      1.157     -5.715     80.686     47.628    221.195     48.385    148.275
      1.158     -5.494     80.734     47.777    221.190     48.015    148.037
      1.159     -5.273     80.782     47.925    221.184     47.646    147.799
      1.160     -5.052     80.830     48.072    221.178     47.277    147.561
      1.161     -4.830     80.877     48.220    221.170     46.909    147.322
      1.162     -4.609     80.924     48.367    221.161     46.542    147.084
      1.163     -4.388     80.970     48.514    221.151     46.176    146.846
      1.164     -4.167     81.016     48.661    221.140     45.810    146.607
      1.165     -3.946     81.061     48.807    221.128     45.445    146.369
      1.166     -3.725     81.107     48.953    221.115     45.081    146.131
      1.167     -3.504     81.152     49.099    221.101     44.718    145.892
      1.168     -3.282     81.196     49.245    221.086     44.356    145.654
      1.169     -3.061     81.240     49.391    221.070     43.994    145.415
      1.170     -2.840     81.284     49.536    221.053     43.633    145.177
      1.171     -2.619     81.328     49.681    221.036     43.273    144.938
      1.172     -2.398     81.371     49.826    221.017     42.914    144.700
      1.173     -2.177     81.413     49.970    220.997     42.555    144.461
      1.174     -1.956     81.456     50.115    220.976     42.198    144.223
      1.175     -1.735     81.498     50.259    220.954     41.841    143.984
      1.176     -1.514     81.540     50.403    220.932     41.484    143.745
      1.177     -1.293     81.581     50.546    220.908     41.129    143.507
      1.178     -1.073     81.622     50.690    220.884     40.775    143.268
      1.179     -0.852     81.662     50.833    220.858     40.421    143.030
      1.180     -0.631     81.703     50.976    220.832     40.068    142.791
      1.181     -0.410     81.743     51.118    220.804     39.716    142.553
      1.182     -0.189     81.782     51.261    220.776     39.364    142.314
      1.183      0.032     81.821     51.403    220.747     39.014    142.076
      1.184      0.252     81.860     51.545    220.717     38.664    141.837
      1.185      0.473     81.899     51.687    220.686     38.315    141.599
      1.186      0.694     81.937     51.828    220.654     37.967    141.361
      1.187      0.914     81.975     51.969    220.621     37.620    141.122
      1.188      1.135     82.012     52.110    220.587     37.273    140.884
      1.189      1.355     82.049     52.251    220.553     36.927    140.646
      1.190      1.576     82.086     52.392    220.518     36.582    140.407
      1.191      1.796     82.122     52.532    220.481     36.238    140.169
      1.192      2.017     82.158     52.672    220.444     35.895    139.931
      1.193      2.237     82.194     52.812    220.406     35.552    139.693
      1.194      2.458     82.229     52.951    220.367     35.210    139.455
      1.195      2.678     82.264     53.091    220.327     34.869    139.217
      1.196      2.898     82.299     53.230    220.287     34.529    138.979
      1.197      3.119     82.333     53.369    220.245     34.189    138.741
      1.198      3.339     82.368     53.507    220.203     33.851    138.504
      1.199      3.559     82.401     53.646    220.160     33.513    138.266
      1.200      3.779     82.435     53.784    220.116     33.176    138.028
      1.201      3.999     82.468     53.922    220.071     32.840    137.791
      1.202      4.219     82.500     54.059    220.026     32.504    137.553
      1.203      4.439     82.533     54.197    219.979     32.170    137.316
      1.204      4.659     82.565     54.334    219.932     31.836    137.078
      1.205      4.879     82.596     54.471    219.884     31.503    136.841
      1.206      5.099     82.628     54.608    219.836     31.171    136.604
      1.207      5.319     82.659     54.744    219.786     30.839    136.367
      1.208      5.539     82.689     54.881    219.736     30.508    136.130
      1.209      5.758     82.720     55.017    219.684     30.179    135.893
      1.210      5.978     82.750     55.152    219.633     29.849    135.656
      1.211      6.198     82.779     55.288    219.580     29.521    135.419
      1.212      6.417     82.809     55.423    219.526     29.194    135.183
      1.213      6.637     82.838     55.558    219.472     28.867    134.946
      1.214      6.856     82.866     55.693    219.417     28.541    134.710
      1.215      7.076     82.895     55.828    219.361     28.216    134.473
      1.216      7.295     82.923     55.962    219.305     27.892    134.237
      1.217      7.514     82.951     56.096    219.248     27.568    134.001
      1.218      7.733     82.978     56.230    219.190     27.246    133.765
      1.219      7.953     83.005     56.364    219.131     26.924    133.529
      1.220      8.172     83.032     56.497    219.072     26.602    133.294
      1.221      8.391     83.058     56.630    219.011     26.282    133.058
      1.222      8.610     83.084     56.763    218.950     25.963    132.822
      1.223      8.829     83.110     56.896    218.889     25.644    132.587
      1.224      9.047     83.136     57.028    218.826     25.326    132.352
      1.225      9.266     83.161     57.161    218.763     25.009    132.117
      1.226      9.485     83.186     57.293    218.700     24.692    131.882
      1.227      9.704     83.210     57.424    218.635     24.377    131.647
      1.228      9.922     83.234     57.556    218.570     24.062    131.412
      1.229     10.141     83.258     57.687    218.504     23.748    131.177
      1.230     10.359     83.282     57.818    218.438     23.435    130.943
      1.231     10.578     83.305     57.949    218.370     23.122    130.708
      1.232     10.796     83.328     58.080    218.303     22.810    130.474
      1.233     11.014     83.351     58.210    218.234     22.499    130.240
      1.234     11.232     83.373     58.340    218.165     22.189    130.006
      1.235     11.451     83.395     58.470    218.095     21.880    129.772
      1.236     11.669     83.417     58.600    218.024     21.571    129.539
      1.237     11.887     83.438     58.729    217.953     21.264    129.305
      1.238     12.105     83.459     58.858    217.881     20.957    129.072
      1.239     12.322     83.480     58.987    217.809     20.650    128.839
      1.240     12.540     83.501     59.116    217.736     20.345    128.606
      1.241     12.758     83.521     59.244    217.662     20.040    128.373
      1.242     12.975     83.541     59.373    217.587     19.736    128.140
      1.243     13.193     83.560     59.501    217.512     19.433    127.908
      1.244     13.410     83.580     59.628    217.437     19.131    127.675
      1.245     13.628     83.599     59.756    217.360     18.829    127.443
      1.246     13.845     83.617     59.883    217.283     18.528    127.211
      1.247     14.062     83.636     60.010    217.206     18.228    126.979
      1.248     14.280     83.654     60.137    217.128     17.929    126.747
      1.249     14.497     83.672     60.264    217.049     17.631    126.516
      1.250     14.714     83.689     60.390    216.969     17.333    126.284
      1.251     14.931     83.706     60.517    216.889     17.036    126.053
      1.252     15.148     83.723     60.642    216.809     16.740    125.822
      1.253     15.364     83.740     60.768    216.728     16.444    125.591
      1.254     15.581     83.756     60.894    216.646     16.149    125.360
      1.255     15.798     83.772     61.019    216.564     15.856    125.130
      1.256     16.014     83.788     61.144    216.481     15.562    124.899
      1.257     16.231     83.803     61.269    216.397     15.270    124.669
      1.258     16.447     83.818     61.393    216.313     14.978    124.439
      1.259     16.663     83.833     61.518    216.229     14.687    124.209
      1.260     16.879     83.848     61.642    216.143     14.397    123.979
      1.261     17.095     83.862     61.766    216.058     14.108    123.750
      1.262     17.311     83.876     61.889    215.971     13.819    123.521
      1.263     17.527     83.890     62.013    215.884     13.531    123.292
      1.264     17.743     83.903     62.136    215.797     13.244    123.063
      1.265     17.959     83.916     62.259    215.709     12.958    122.834
      1.266     18.175     83.929     62.381    215.621     12.672    122.605
      1.267     18.390     83.941     62.504    215.532     12.387    122.377
      1.268     18.606     83.954     62.626    215.442     12.103    122.149
      1.269     18.821     83.966     62.748    215.352     11.820    121.921
      1.270     19.036     83.977     62.870    215.261     11.537    121.693
      1.271     19.252     83.989     62.992    215.170     11.255    121.465
      1.272     19.467     84.000     63.113    215.078     10.974    121.238
      1.273     19.682     84.011     63.234    214.986     10.694    121.011
      1.274     19.897     84.021     63.355    214.894     10.414    120.784
      1.275     20.112     84.031     63.476    214.800     10.135    120.557
      1.276     20.326     84.041     63.596    214.707      9.857    120.331
      1.277     20.541     84.051     63.716    214.613      9.579    120.104
      1.278     20.756     84.061     63.836    214.518      9.303    119.878
      1.279     20.970     84.070     63.956    214.423      9.027    119.652
      1.280     21.184     84.079     64.076    214.327      8.751    119.426
      1.281     21.399     84.087     64.195    214.231      8.477    119.201
      1.282     21.613     84.096     64.314    214.134      8.203    118.975
      1.283     21.827     84.104     64.433    214.037      7.930    118.750
      1.284     22.041     84.111     64.552    213.939      7.657    118.525
      1.285     22.255     84.119     64.670    213.841      7.386    118.301
      1.286     22.469     84.126     64.788    213.743      7.115    118.076
      1.287     22.682     84.133     64.906    213.644      6.845    117.852
      1.288     22.896     84.140     65.024    213.544      6.575    117.628
      1.289     23.109     84.146     65.141    213.444      6.306    117.404
      1.290     23.323     84.153     65.259    213.344      6.038    117.180
      1.291     23.536     84.158     65.376    213.243      5.771    116.957
      1.292     23.749     84.164     65.493    213.142      5.504    116.733
      1.293     23.962     84.169     65.609    213.040      5.238    116.510
      1.294     24.175     84.175     65.726    212.938      4.973    116.287
      1.295     24.388     84.179     65.842    212.835      4.709    116.065
      1.296     24.601     84.184     65.958    212.732      4.445    115.843
      1.297     24.814     84.188     66.073    212.628      4.182    115.620
      1.298     25.026     84.192     66.189    212.525      3.919    115.398
      1.299     25.239     84.196     66.304    212.420      3.658    115.177
      1.300     25.451     84.200     66.419    212.315      3.397    114.955
      1.301     25.663     84.203     66.534    212.210      3.137    114.734
      1.302     25.876     84.206     66.649    212.104      2.877    114.513
      1.303     26.088     84.209     66.763    211.998      2.618    114.292
      1.304     26.300     84.211     66.877    211.892      2.360    114.072
      1.305     26.511     84.213     66.991    211.785      2.102    113.851
      1.306     26.723     84.215     67.105    211.678      1.846    113.631
      1.307     26.935     84.217     67.219    211.570      1.590    113.411
      1.308     27.146     84.219     67.332    211.462      1.334    113.191
      1.309     27.358     84.220     67.445    211.353      1.079    112.972
      1.310     27.569     84.221     67.558    211.245      0.825    112.753
      1.311     27.780     84.221     67.670    211.135      0.572    112.534
      1.312     27.991     84.222     67.783    211.026      0.319    112.315
      1.313     28.202     84.222     67.895    210.916      0.067    112.096
      1.314     28.413     84.222     68.007    210.805     -0.184    111.878
      1.315     28.624     84.222     68.119    210.694     -0.434    111.660
      1.316     28.834     84.221     68.230    210.583     -0.684    111.442
      1.317     29.045     84.220     68.342    210.472     -0.934    111.224
      1.318     29.255     84.219     68.453    210.360     -1.182    111.007
      1.319     29.466     84.218     68.564    210.247     -1.430    110.790
      1.320     29.676     84.216     68.674    210.135     -1.677    110.573
      1.321     29.886     84.215     68.785    210.022     -1.924    110.356
      1.322     30.096     84.213     68.895    209.908     -2.170    110.140
      1.323     30.306     84.210     69.005    209.794     -2.415    109.924
      1.324     30.516     84.208     69.115    209.680     -2.660    109.708
      1.325     30.725     84.205     69.225    209.566     -2.903    109.492
      1.326     30.935     84.202     69.334    209.451     -3.147    109.276
      1.327     31.144     84.199     69.443    209.336     -3.389    109.061
      1.328     31.353     84.195     69.552    209.220     -3.631    108.846
      1.329     31.562     84.191     69.661    209.105     -3.872    108.631
      1.330     31.772     84.187     69.769    208.988     -4.113    108.417
      1.331     31.980     84.183     69.878    208.872     -4.353    108.202
      1.332     32.189     84.179     69.986    208.755     -4.592    107.988
      1.333     32.398     84.174     70.094    208.638     -4.831    107.774
      1.334     32.607     84.169     70.201    208.520     -5.069    107.561
      1.335     32.815     84.164     70.309    208.402     -5.306    107.347
      1.336     33.023     84.158     70.416    208.284     -5.543    107.134
      1.337     33.232     84.153     70.523    208.166     -5.779    106.921
      1.338     33.440     84.147     70.630    208.047     -6.014    106.709
      1.339     33.648     84.141     70.736    207.928     -6.249    106.496
      1.340     33.856     84.134     70.843    207.808     -6.483    106.284
      1.341     34.063     84.128     70.949    207.689     -6.717    106.072
      1.342     34.271     84.121     71.055    207.569     -6.949    105.861
      1.343     34.478     84.114     71.161    207.448     -7.182    105.649
      1.344     34.686     84.107     71.266    207.328     -7.413    105.438
      1.345     34.893     84.099     71.372    207.207     -7.644    105.227
      1.346     35.100     84.091     71.477    207.085     -7.874    105.016
      1.347     35.307     84.083     71.582    206.964     -8.104    104.806
      1.348     35.514     84.075     71.686    206.842     -8.333    104.596
      1.349     35.721     84.067     71.791    206.720     -8.561    104.386
      1.350     35.928     84.058     71.895    206.597     -8.789    104.176
      1.351     36.134     84.049     71.999    206.474     -9.016    103.967
      1.352     36.341     84.040     72.103    206.351     -9.243    103.757
      1.353     36.547     84.031     72.207    206.228     -9.469    103.548
      1.354     36.753     84.021     72.310    206.105     -9.694    103.340
      1.355     36.959     84.011     72.413    205.981     -9.919    103.131
      1.356     37.165     84.001     72.516    205.857    -10.143    102.923
      1.357     37.371     83.991     72.619    205.732    -10.366    102.715
      1.358     37.576     83.980     72.722    205.607    -10.589    102.507
      1.359     37.782     83.970     72.824    205.482    -10.811    102.300
      1.360     37.987     83.959     72.926    205.357    -11.033    102.092
      1.361     38.193     83.948     73.028    205.232    -11.254    101.885
      1.362     38.398     83.936     73.130    205.106    -11.474    101.678
      1.363     38.603     83.925     73.232    204.980    -11.694    101.472
      1.364     38.808     83.913     73.333    204.854    -11.913    101.266
      1.365     39.013     83.901     73.434    204.727    -12.132    101.060
      1.366     39.217     83.889     73.535    204.600    -12.350    100.854
      1.367     39.422     83.876     73.636    204.473    -12.567    100.648
      1.368     39.626     83.863     73.737    204.346    -12.784    100.443
      1.369     39.830     83.851     73.837    204.218    -13.000    100.238
      1.370     40.035     83.837     73.937    204.091    -13.216    100.033
      1.371     40.239     83.824     74.037    203.963    -13.431     99.829
      1.372     40.443     83.811     74.137    203.834    -13.645     99.624
      1.373     40.646     83.797     74.236    203.706    -13.859     99.420
      1.374     40.850     83.783     74.336    203.577    -14.072     99.216
      1.375     41.053     83.769     74.435    203.448    -14.285     99.013
      1.376     41.257     83.754     74.534    203.319    -14.497     98.809
      1.377     41.460     83.740     74.632    203.189    -14.708     98.606
      1.378     41.663     83.725     74.731    203.060    -14.919     98.404
      1.379     41.866     83.710     74.829    202.930    -15.129     98.201
      1.380     42.069     83.695     74.927    202.800    -15.339     97.999
      1.381     42.272     83.679     75.025    202.669    -15.548     97.797
      1.382     42.474     83.664     75.123    202.539    -15.757     97.595
      1.383     42.677     83.648     75.220    202.408    -15.965     97.393
      1.384     42.879     83.632     75.318    202.277    -16.172     97.192
      1.385     43.081     83.615     75.415    202.146    -16.379     96.991
      1.386     43.284     83.599     75.512    202.014    -16.585     96.790
      1.387     43.486     83.582     75.608    201.883    -16.791     96.589
      1.388     43.687     83.565     75.705    201.751    -16.996     96.389
      1.389     43.889     83.548     75.801    201.619    -17.201     96.189
      1.390     44.091     83.531     75.897    201.486    -17.405     95.989
      1.391     44.292     83.513     75.993    201.354    -17.608     95.790
      1.392     44.493     83.496     76.089    201.221    -17.811     95.590
      1.393     44.694     83.478     76.184    201.088    -18.013     95.391
      1.394     44.895     83.460     76.279    200.955    -18.215     95.192
      1.395     45.096     83.441     76.375    200.822    -18.416     94.994
      1.396     45.297     83.423     76.469    200.688    -18.617     94.795
      1.397     45.498     83.404     76.564    200.554    -18.817     94.597
      1.398     45.698     83.385     76.659    200.420    -19.017     94.399
      1.399     45.899     83.366     76.753    200.286    -19.216     94.202
      1.400     46.099     83.347     76.847    200.152    -19.414     94.004
      1.401     46.299     83.327     76.941    200.018    -19.612     93.807
      1.402     46.499     83.308     77.035    199.883    -19.809     93.610
      1.403     46.699     83.288     77.128    199.748    -20.006     93.414
      1.404     46.898     83.268     77.221    199.613    -20.202     93.217
      1.405     47.098     83.247     77.315    199.478    -20.398     93.021
      1.406     47.297     83.227     77.408    199.342    -20.593     92.825
      1.407     47.497     83.206     77.500    199.207    -20.788     92.630
      1.408     47.696     83.185     77.593    199.071    -20.982     92.434
      1.409     47.895     83.164     77.685    198.935    -21.176     92.239
      1.410     48.094     83.143     77.777    198.799    -21.369     92.044
      1.411     48.292     83.121     77.869    198.663    -21.561     91.850
      1.412     48.491     83.100     77.961    198.526    -21.753     91.655
      1.413     48.689     83.078     78.053    198.390    -21.945     91.461
      1.414     48.888     83.056     78.144    198.253    -22.136     91.267
      1.415     49.086     83.034     78.235    198.116    -22.326     91.074
      1.416     49.284     83.011     78.326    197.979    -22.516     90.880
      1.417     49.482     82.989     78.417    197.841    -22.705     90.687
      1.418     49.680     82.966     78.507    197.704    -22.894     90.494
      1.419     49.877     82.943     78.598    197.566    -23.082     90.302
      1.420     50.075     82.920     78.688    197.429    -23.270     90.109
      1.421     50.272     82.896     78.778    197.291    -23.457     89.917
      1.422     50.469     82.873     78.868    197.153    -23.644     89.725
      1.423     50.666     82.849     78.957    197.014    -23.830     89.534
      1.424     50.863     82.825     79.047    196.876    -24.016     89.342
      1.425     51.060     82.801     79.136    196.737    -24.201     89.151
      1.426     51.257     82.777     79.225    196.599    -24.386     88.960
      1.427     51.453     82.752     79.314    196.460    -24.570     88.769
      1.428     51.650     82.727     79.403    196.321    -24.754     88.579
      1.429     51.846     82.703     79.491    196.182    -24.937     88.389
      1.430     52.042     82.678     79.580    196.043    -25.120     88.199
      1.431     52.238     82.652     79.668    195.903    -25.302     88.009
      1.432     52.434     82.627     79.756    195.764    -25.483     87.819
      1.433     52.630     82.601     79.843    195.624    -25.664     87.630
      1.434     52.825     82.576     79.931    195.484    -25.845     87.441
      1.435     53.021     82.550     80.018    195.344    -26.025     87.253
      1.436     53.216     82.524     80.105    195.204    -26.205     87.064
      1.437     53.411     82.497     80.192    195.064    -26.384     86.876
      1.438     53.606     82.471     80.279    194.923    -26.563     86.688
      1.439     53.801     82.444     80.366    194.783    -26.741     86.500
      1.440     53.995     82.417     80.452    194.642    -26.919     86.313
      1.441     54.190     82.390     80.538    194.501    -27.096     86.125
      1.442     54.384     82.363     80.624    194.360    -27.272     85.938
      1.443     54.579     82.336     80.710    194.219    -27.449     85.751
      1.444     54.773     82.308     80.796    194.078    -27.624     85.565
      1.445     54.967     82.281     80.881    193.937    -27.800     85.379
      1.446     55.161     82.253     80.967    193.795    -27.974     85.192
      1.447     55.355     82.225     81.052    193.654    -28.149     85.007
      1.448     55.548     82.196     81.137    193.512    -28.323     84.821
      1.449     55.742     82.168     81.221    193.371    -28.496     84.636
      1.450     55.935     82.139     81.306    193.229    -28.669     84.451
      1.451     56.128     82.111     81.390    193.087    -28.841     84.266
      1.452     56.321     82.082     81.474    192.944    -29.013     84.081
      1.453     56.514     82.053     81.558    192.802    -29.184     83.897
      1.454     56.707     82.023     81.642    192.660    -29.355     83.713
      1.455     56.899     81.994     81.726    192.517    -29.526     83.529
      1.456     57.092     81.964     81.809    192.375    -29.696     83.345
      1.457     57.284     81.934     81.892    192.232    -29.865     83.162
      1.458     57.476     81.905     81.976    192.089    -30.034     82.978
      1.459     57.668     81.874     82.058    191.946    -30.203     82.796
      1.460     57.860     81.844     82.141    191.803    -30.371     82.613
      1.461     58.052     81.814     82.224    191.660    -30.539     82.430
      1.462     58.243     81.783     82.306    191.517    -30.706     82.248
      1.463     58.435     81.752     82.388    191.374    -30.873     82.066
      1.464     58.626     81.721     82.470    191.230    -31.039     81.884
      1.465     58.817     81.690     82.552    191.087    -31.205     81.703
      1.466     59.008     81.659     82.634    190.943    -31.370     81.522
      1.467     59.199     81.627     82.715    190.799    -31.535     81.341
      1.468     59.390     81.596     82.796    190.656    -31.700     81.160
      1.469     59.580     81.564     82.877    190.512    -31.864     80.979
      1.470     59.771     81.532     82.958    190.368    -32.027     80.799
      1.471     59.961     81.500     83.039    190.223    -32.190     80.619
      1.472     60.151     81.468     83.119    190.079    -32.353     80.439
      1.473     60.341     81.435     83.200    189.935    -32.515     80.259
      1.474     60.531     81.403     83.280    189.790    -32.677     80.080
      1.475     60.721     81.370     83.360    189.646    -32.838     79.901
      1.476     60.910     81.337     83.440    189.501    -32.999     79.722
      1.477     61.100     81.304     83.519    189.357    -33.159     79.543
      1.478     61.289     81.271     83.599    189.212    -33.319     79.365
      1.479     61.478     81.237     83.678    189.067    -33.479     79.186
      1.480     61.667     81.204     83.757    188.922    -33.638     79.008
      1.481     61.856     81.170     83.836    188.777    -33.797     78.831
      1.482     62.045     81.136     83.915    188.632    -33.955     78.653
      1.483     62.233     81.102     83.993    188.487    -34.113     78.476
      1.484     62.422     81.068     84.072    188.342    -34.270     78.299
      1.485     62.610     81.034     84.150    188.196    -34.427     78.122
      1.486     62.798     80.999     84.228    188.051    -34.584     77.945
      1.487     62.986     80.964     84.306    187.905    -34.740     77.769
      1.488     63.174     80.930     84.384    187.760    -34.895     77.593
      1.489     63.362     80.895     84.461    187.614    -35.051     77.417
      1.490     63.549     80.859     84.538    187.468    -35.205     77.241
      1.491     63.737     80.824     84.616    187.323    -35.360     77.066
      1.492     63.924     80.789     84.693    187.177    -35.514     76.891
      1.493     64.111     80.753     84.769    187.031    -35.667     76.716
      1.494     64.298     80.717     84.846    186.885    -35.820     76.541
      1.495     64.485     80.682     84.922    186.739    -35.973     76.366
      1.496     64.671     80.645     84.999    186.592    -36.125     76.192
      1.497     64.858     80.609     85.075    186.446    -36.277     76.018
      1.498     65.044     80.573     85.151    186.300    -36.428     75.844
      1.499     65.231     80.536     85.227    186.153    -36.580     75.671
      1.500     65.417     80.500     85.302    186.007    -36.730     75.497
      1.501     65.603     80.463     85.378    185.860    -36.880     75.324
      1.502     65.788     80.426     85.453    185.714    -37.030     75.151
      1.503     65.974     80.389     85.528    185.567    -37.179     74.978
      1.504     66.160     80.352     85.603    185.420    -37.328     74.806
      1.505     66.345     80.314     85.677    185.274    -37.477     74.634
      1.506     66.530     80.277     85.752    185.127    -37.625     74.462
      1.507     66.715     80.239     85.826    184.980    -37.773     74.290
      1.508     66.900     80.201     85.901    184.833    -37.920     74.118
      1.509     67.085     80.163     85.975    184.686    -38.067     73.947
      1.510     67.269     80.125     86.048    184.539    -38.213     73.776
      1.511     67.454     80.087     86.122    184.392    -38.360     73.605
      1.512     67.638     80.048     86.196    184.245    -38.505     73.434
      1.513     67.822     80.010     86.269    184.097    -38.651     73.264
      1.514     68.006     79.971     86.342    183.950    -38.795     73.094
      1.515     68.190     79.932     86.415    183.803    -38.940     72.924
      1.516     68.374     79.893     86.488    183.655    -39.084     72.754
      1.517     68.558     79.854     86.561    183.508    -39.228     72.584
      1.518     68.741     79.815     86.633    183.360    -39.371     72.415
      1.519     68.924     79.775     86.706    183.213    -39.514     72.246
      1.520     69.107     79.736     86.778    183.065    -39.657     72.077
      1.521     69.290     79.696     86.850    182.917    -39.799     71.908
      1.522     69.473     79.656     86.922    182.770    -39.941     71.740
      1.523     69.656     79.616     86.993    182.622    -40.082     71.572
      1.524     69.839     79.576     87.065    182.474    -40.223     71.404
      1.525     70.021     79.536     87.136    182.326    -40.364     71.236
      1.526     70.203     79.495     87.207    182.178    -40.504     71.068
      1.527     70.385     79.455     87.278    182.030    -40.644     70.901
      1.528     70.567     79.414     87.349    181.882    -40.783     70.734
      1.529     70.749     79.373     87.420    181.734    -40.922     70.567
      1.530     70.931     79.332     87.490    181.586    -41.061     70.400
      1.531     71.112     79.291     87.560    181.438    -41.199     70.234
      1.532     71.294     79.250     87.631    181.290    -41.337     70.068
      1.533     71.475     79.208     87.701    181.141    -41.475     69.902
      1.534     71.656     79.167     87.770    180.993    -41.612     69.736
      1.535     71.837     79.125     87.840    180.845    -41.749     69.570
      1.536     72.018     79.083     87.909    180.696    -41.885     69.405
      1.537     72.198     79.041     87.979    180.548    -42.021     69.240
      1.538     72.379     78.999     88.048    180.400    -42.157     69.075
      1.539     72.559     78.957     88.117    180.251    -42.292     68.910
      1.540     72.739     78.915     88.186    180.103    -42.427     68.745
      1.541     72.919     78.872     88.254    179.954    -42.562     68.581
      1.542     73.099     78.829     88.323    179.806    -42.696     68.417
      1.543     73.279     78.787     88.391    179.657    -42.830     68.253
      1.544     73.458     78.744     88.459    179.508    -42.963     68.089
      1.545     73.638     78.701     88.527    179.360    -43.096     67.926
      1.546     73.817     78.658     88.595    179.211    -43.229     67.763
      1.547     73.996     78.614     88.663    179.062    -43.361     67.600
      1.548     74.175     78.571     88.731    178.913    -43.493     67.437
      1.549     74.354     78.527     88.798    178.764    -43.625     67.274
      1.550     74.533     78.484     88.865    178.616    -43.756     67.112
      1.551     74.711     78.440     88.932    178.467    -43.887     66.950
      1.552     74.890     78.396     88.999    178.318    -44.018     66.788
      1.553     75.068     78.352     89.066    178.169    -44.148     66.626
      1.554     75.246     78.308     89.132    178.020    -44.278     66.465
      1.555     75.424     78.263     89.199    177.871    -44.407     66.303
      1.556     75.602     78.219     89.265    177.722    -44.537     66.142
      1.557     75.779     78.174     89.331    177.573    -44.665     65.981
      1.558     75.957     78.129     89.397    177.424    -44.794     65.820
      1.559     76.134     78.085     89.463    177.275    -44.922     65.660
      1.560     76.311     78.040     89.528    177.126    -45.050     65.500
      1.561     76.488     77.994     89.594    176.976    -45.177     65.340
      1.562     76.665     77.949     89.659    176.827    -45.304     65.180
      1.563     76.842     77.904     89.724    176.678    -45.431     65.020
      1.564     77.019     77.858     89.789    176.529    -45.557     64.861
      1.565     77.195     77.813     89.854    176.380    -45.683     64.701
      1.566     77.372     77.767     89.918    176.230    -45.809     64.542
      1.567     77.548     77.721     89.983    176.081    -45.934     64.383
      1.568     77.724     77.675     90.047    175.932    -46.059     64.225
      1.569     77.900     77.629     90.111    175.782    -46.184     64.066
      1.570     78.075     77.583     90.175    175.633    -46.308     63.908
      1.571     78.251     77.536     90.239    175.484    -46.432     63.750
      1.572     78.426     77.490     90.303    175.334    -46.556     63.592
      1.573     78.601     77.443     90.366    175.185    -46.679     63.435
      1.574     78.777     77.396     90.429    175.035    -46.802     63.277
      1.575     78.952     77.350     90.493    174.886    -46.925     63.120
      1.576     79.126     77.303     90.556    174.736    -47.047     62.963
      1.577     79.301     77.256     90.619    174.587    -47.169     62.806
      1.578     79.476     77.208     90.681    174.437    -47.291     62.650
      1.579     79.650     77.161     90.744    174.288    -47.412     62.493
      1.580     79.824     77.113     90.806    174.138    -47.533     62.337
      1.581     79.998     77.066     90.869    173.989    -47.653     62.181
      1.582     80.172     77.018     90.931    173.839    -47.774     62.026
      1.583     80.346     76.970     90.993    173.690    -47.894     61.870
      1.584     80.519     76.922     91.054    173.540    -48.013     61.715
      1.585     80.693     76.874     91.116    173.391    -48.133     61.559
      1.586     80.866     76.826     91.178    173.241    -48.252     61.404
      1.587     81.039     76.778     91.239    173.091    -48.370     61.250
      1.588     81.212     76.729     91.300    172.942    -48.489     61.095
      1.589     81.385     76.681     91.361    172.792    -48.607     60.941
      1.590     81.558     76.632     91.422    172.642    -48.725     60.787
      1.591     81.731     76.583     91.483    172.493    -48.842     60.633
      1.592     81.903     76.534     91.543    172.343    -48.959     60.479
      1.593     82.075     76.485     91.604    172.193    -49.076     60.325
      1.594     82.247     76.436     91.664    172.044    -49.192     60.172
      1.595     82.419     76.387     91.724    171.894    -49.308     60.019
      1.596     82.591     76.338     91.784    171.744    -49.424     59.866
      1.597     82.763     76.288     91.844    171.595    -49.540     59.713
      1.598     82.934     76.239     91.903    171.445    -49.655     59.560
      1.599     83.106     76.189     91.963    171.295    -49.770     59.408
      1.600     83.277     76.139     92.022    171.145    -49.884     59.256
      1.601     83.448     76.089     92.081    170.996    -49.998     59.104
      1.602     83.619     76.039     92.140    170.846    -50.112     58.952
      1.603     83.790     75.989     92.199    170.696    -50.226     58.800
      1.604     83.960     75.939     92.258    170.546    -50.339     58.649
      1.605     84.131     75.888     92.317    170.397    -50.452     58.497
      1.606     84.301     75.838     92.375    170.247    -50.565     58.346
      1.607     84.471     75.787     92.433    170.097    -50.677     58.196
      1.608     84.641     75.736     92.491    169.947    -50.789     58.045
      1.609     84.811     75.686     92.549    169.798    -50.901     57.894
      1.610     84.981     75.635     92.607    169.648    -51.013     57.744
      1.611     85.150     75.584     92.665    169.498    -51.124     57.594
      1.612     85.320     75.532     92.722    169.348    -51.235     57.444
      1.613     85.489     75.481     92.780    169.199    -51.345     57.295
      1.614     85.658     75.430     92.837    169.049    -51.455     57.145
      1.615     85.827     75.378     92.894    168.899    -51.565     56.996
      1.616     85.996     75.327     92.951    168.749    -51.675     56.847
      1.617     86.165     75.275     93.008    168.600    -51.784     56.698
      1.618     86.333     75.223     93.064    168.450    -51.894     56.549
      1.619     86.502     75.171     93.121    168.300    -52.002     56.400
      1.620     86.670     75.119     93.177    168.150    -52.111     56.252
      1.621     86.838     75.067     93.233    168.000    -52.219     56.104
      1.622     87.006     75.015     93.289    167.851    -52.327     55.956
      1.623     87.174     74.962     93.345    167.701    -52.434     55.808
      1.624     87.341     74.910     93.401    167.551    -52.542     55.660
      1.625     87.509     74.857     93.456    167.401    -52.649     55.513
      1.626     87.676     74.804     93.512    167.252    -52.755     55.366
      1.627     87.843     74.752     93.567    167.102    -52.862     55.219
      1.628     88.010     74.699     93.622    166.952    -52.968     55.072
      1.629     88.177     74.646     93.677    166.802    -53.074     54.925
      1.630     88.344     74.592     93.732    166.653    -53.179     54.779
      1.631     88.510     74.539     93.787    166.503    -53.285     54.632
      1.632     88.677     74.486     93.841    166.353    -53.390     54.486
      1.633     88.843     74.432     93.896    166.204    -53.494     54.340
      1.634     89.009     74.379     93.950    166.054    -53.599     54.194
      1.635     89.175     74.325     94.004    165.904    -53.703     54.049
      1.636     89.341     74.272     94.058    165.754    -53.807     53.903
      1.637     89.507     74.218     94.112    165.605    -53.910     53.758
      1.638     89.672     74.164     94.166    165.455    -54.014     53.613
      1.639     89.838     74.110     94.219    165.305    -54.117     53.468
      1.640     90.003     74.055     94.273    165.156    -54.219     53.324
      1.641     90.168     74.001     94.326    165.006    -54.322     53.179
      1.642     90.333     73.947     94.379    164.857    -54.424     53.035
      1.643     90.498     73.892     94.432    164.707    -54.526     52.891
      1.644     90.662     73.838     94.485    164.557    -54.627     52.747
      1.645     90.827     73.783     94.538    164.408    -54.729     52.603
      1.646     90.991     73.728     94.590    164.258    -54.830     52.460
      1.647     91.155     73.673     94.642    164.108    -54.931     52.316
      1.648     91.319     73.618     94.695    163.959    -55.031     52.173
      1.649     91.483     73.563     94.747    163.809    -55.131     52.030
      1.650     91.647     73.508     94.799    163.660    -55.231     51.887
      1.651     91.811     73.453     94.851    163.510    -55.331     51.744
      1.652     91.974     73.398     94.902    163.361    -55.430     51.602
      1.653     92.137     73.342     94.954    163.211    -55.530     51.460
      1.654     92.300     73.286     95.005    163.062    -55.629     51.317
      1.655     92.463     73.231     95.056    162.912    -55.727     51.176
      1.656     92.626     73.175     95.108    162.763    -55.825     51.034
      1.657     92.789     73.119     95.158    162.613    -55.924     50.892
      1.658     92.952     73.063     95.209    162.464    -56.021     50.751
      1.659     93.114     73.007     95.260    162.314    -56.119     50.609
      1.660     93.276     72.951     95.311    162.165    -56.216     50.468
      1.661     93.438     72.895     95.361    162.015    -56.313     50.327
      1.662     93.600     72.838     95.411    161.866    -56.410     50.187
      1.663     93.762     72.782     95.461    161.717    -56.506     50.046
      1.664     93.924     72.725     95.511    161.567    -56.603     49.906
      1.665     94.085     72.669     95.561    161.418    -56.699     49.766
      1.666     94.246     72.612     95.611    161.269    -56.794     49.626
      1.667     94.408     72.555     95.660    161.119    -56.890     49.486
      1.668     94.569     72.498     95.710    160.970    -56.985     49.346
      1.669     94.730     72.441     95.759    160.821    -57.080     49.207
      1.670     94.890     72.384     95.808    160.671    -57.175     49.067
      1.671     95.051     72.327     95.857    160.522    -57.269     48.928
      1.672     95.211     72.269     95.906    160.373    -57.363     48.789
      1.673     95.372     72.212     95.955    160.224    -57.457     48.650
      1.674     95.532     72.154     96.003    160.074    -57.551     48.512
      1.675     95.692     72.097     96.052    159.925    -57.644     48.373
      1.676     95.852     72.039     96.100    159.776    -57.737     48.235
      1.677     96.011     71.981     96.148    159.627    -57.830     48.097
      1.678     96.171     71.924     96.196    159.478    -57.923     47.959
      1.679     96.330     71.866     96.244    159.329    -58.015     47.821
      1.680     96.490     71.808     96.292    159.180    -58.107     47.683
      1.681     96.649     71.749     96.340    159.031    -58.199     47.546
      1.682     96.808     71.691     96.387    158.881    -58.291     47.409
      1.683     96.966     71.633     96.434    158.732    -58.382     47.271
      1.684     97.125     71.574     96.482    158.583    -58.473     47.134
      1.685     97.284     71.516     96.529    158.434    -58.564     46.998
      1.686     97.442     71.457     96.576    158.285    -58.655     46.861
      1.687     97.600     71.399     96.622    158.136    -58.745     46.725
      1.688     97.758     71.340     96.669    157.988    -58.835     46.588
      1.689     97.916     71.281     96.716    157.839    -58.925     46.452
      1.690     98.074     71.222     96.762    157.690    -59.015     46.316
      1.691     98.232     71.163     96.808    157.541    -59.104     46.181
      1.692     98.389     71.104     96.854    157.392    -59.193     46.045
      1.693     98.546     71.044     96.900    157.243    -59.282     45.909
      1.694     98.704     70.985     96.946    157.094    -59.371     45.774
      1.695     98.861     70.926     96.992    156.946    -59.459     45.639
      1.696     99.017     70.866     97.037    156.797    -59.547     45.504
      1.697     99.174     70.807     97.083    156.648    -59.635     45.369
      1.698     99.331     70.747     97.128    156.499    -59.723     45.235
      1.699     99.487     70.687     97.173    156.351    -59.810     45.100
      1.700     99.643     70.627     97.218    156.202    -59.898     44.966
      1.701     99.800     70.567     97.263    156.053    -59.985     44.832
      1.702     99.955     70.507     97.308    155.905    -60.071     44.698
      1.703    100.111     70.447     97.353    155.756    -60.158     44.564
      1.704    100.267     70.387     97.397    155.608    -60.244     44.430
      1.705    100.423     70.327     97.441    155.459    -60.330     44.297
      1.706    100.578     70.266     97.486    155.310    -60.416     44.164
      1.707    100.733     70.206     97.530    155.162    -60.502     44.030
      1.708    100.888     70.145     97.574    155.013    -60.587     43.898
      1.709    101.043     70.085     97.618    154.865    -60.672     43.765
      1.710    101.198     70.024     97.661    154.717    -60.757     43.632
      1.711    101.353     69.963     97.705    154.568    -60.842     43.499
      1.712    101.507     69.902     97.748    154.420    -60.926     43.367
      1.713    101.661     69.841     97.792    154.271    -61.010     43.235
      1.714    101.816     69.780     97.835    154.123    -61.094     43.103
      1.715    101.970     69.719     97.878    153.975    -61.178     42.971
      1.716    102.124     69.658     97.921    153.827    -61.261     42.839
      1.717    102.277     69.597     97.963    153.678    -61.345     42.708
      1.718    102.431     69.535     98.006    153.530    -61.428     42.576
      1.719    102.584     69.474     98.049    153.382    -61.510     42.445
      1.720    102.738     69.412     98.091    153.234    -61.593     42.314
      1.721    102.891     69.351     98.133    153.086    -61.675     42.183
      1.722    103.044     69.289     98.175    152.937    -61.757     42.052
      1.723    103.197     69.227     98.217    152.789    -61.839     41.922
      1.724    103.349     69.165     98.259    152.641    -61.921     41.791
      1.725    103.502     69.103     98.301    152.493    -62.002     41.661
      1.726    103.654     69.041     98.343    152.345    -62.084     41.531
      1.727    103.807     68.979     98.384    152.197    -62.165     41.401
      1.728    103.959     68.917     98.425    152.049    -62.246     41.271
      1.729    104.111     68.855     98.467    151.901    -62.326     41.141
      1.730    104.263     68.792     98.508    151.753    -62.406     41.012
      1.731    104.414     68.730     98.549    151.606    -62.487     40.883
      1.732    104.566     68.667     98.589    151.458    -62.566     40.753
      1.733    104.717     68.605     98.630    151.310    -62.646     40.624
      1.734    104.868     68.542     98.671    151.162    -62.726     40.495
      1.735    105.020     68.479     98.711    151.014    -62.805     40.367
      1.736    105.171     68.416     98.751    150.867    -62.884     40.238
      1.737    105.321     68.353     98.792    150.719    -62.963     40.110
      1.738    105.472     68.290     98.832    150.571    -63.041     39.981
      1.739    105.622     68.227     98.871    150.424    -63.120     39.853
      1.740    105.773     68.164     98.911    150.276    -63.198     39.725
      1.741    105.923     68.101     98.951    150.128    -63.276     39.597
      1.742    106.073     68.038     98.990    149.981    -63.354     39.470
      1.743    106.223     67.974     99.030    149.833    -63.431     39.342
      1.744    106.373     67.911     99.069    149.686    -63.508     39.215
      1.745    106.522     67.847     99.108    149.538    -63.585     39.088
      1.746    106.672     67.784     99.147    149.391    -63.662     38.961
      1.747    106.821     67.720     99.186    149.243    -63.739     38.834
      1.748    106.970     67.656     99.225    149.096    -63.815     38.707
      1.749    107.119     67.592     99.264    148.949    -63.892     38.580
      1.750    107.268     67.528     99.302    148.801    -63.968     38.454
      1.751    107.417     67.464     99.341    148.654    -64.044     38.328
      1.752    107.566     67.400     99.379    148.507    -64.119     38.201
      1.753    107.714     67.336     99.417    148.360    -64.195     38.075
      1.754    107.862     67.272     99.455    148.213    -64.270     37.950
      1.755    108.010     67.208     99.493    148.065    -64.345     37.824
      1.756    108.158     67.143     99.531    147.918    -64.420     37.698
      1.757    108.306     67.079     99.568    147.771    -64.494     37.573
      1.758    108.454     67.014     99.606    147.624    -64.569     37.448
      1.759    108.601     66.950     99.643    147.477    -64.643     37.322
      1.760    108.749     66.885     99.680    147.330    -64.717     37.197
      1.761    108.896     66.820     99.718    147.183    -64.790     37.073
      1.762    109.043     66.755     99.755    147.036    -64.864     36.948
      1.763    109.190     66.690     99.791    146.889    -64.937     36.823
      1.764    109.337     66.625     99.828    146.742    -65.011     36.699
      1.765    109.484     66.560     99.865    146.595    -65.084     36.575
      1.766    109.630     66.495     99.901    146.449    -65.156     36.451
      1.767    109.777     66.430     99.938    146.302    -65.229     36.327
      1.768    109.923     66.365     99.974    146.155    -65.301     36.203
      1.769    110.069     66.299    100.010    146.008    -65.373     36.079
      1.770    110.215     66.234    100.046    145.862    -65.445     35.956
      1.771    110.361     66.169    100.082    145.715    -65.517     35.832
      1.772    110.506     66.103    100.118    145.569    -65.589     35.709
      1.773    110.652     66.037    100.153    145.422    -65.660     35.586
      1.774    110.797     65.972    100.189    145.275    -65.731     35.463
      1.775    110.942     65.906    100.224    145.129    -65.802     35.340
      1.776    111.087     65.840    100.260    144.982    -65.873     35.217
      1.777    111.232     65.774    100.295    144.836    -65.943     35.095
      1.778    111.377     65.708    100.330    144.690    -66.014     34.972
      1.779    111.522     65.642    100.365    144.543    -66.084     34.850
      1.780    111.666     65.576    100.400    144.397    -66.154     34.728
      1.781    111.810     65.510    100.434    144.251    -66.224     34.606
      1.782    111.955     65.444    100.469    144.104    -66.293     34.484
      1.783    112.099     65.377    100.503    143.958    -66.363     34.363
      1.784    112.243     65.311    100.537    143.812    -66.432     34.241
      1.785    112.386     65.244    100.572    143.666    -66.501     34.120
      1.786    112.530     65.178    100.606    143.519    -66.570     33.998
      1.787    112.673     65.111    100.640    143.373    -66.638     33.877
      1.788    112.817     65.045    100.673    143.227    -66.707     33.756
      1.789    112.960     64.978    100.707    143.081    -66.775     33.636
      1.790    113.103     64.911    100.741    142.935    -66.843     33.515
      1.791    113.246     64.844    100.774    142.789    -66.911     33.394
      1.792    113.388     64.777    100.808    142.643    -66.979     33.274
      1.793    113.531     64.710    100.841    142.497    -67.046     33.154
      1.794    113.673     64.643    100.874    142.352    -67.113     33.033
      1.795    113.816     64.576    100.907    142.206    -67.180     32.913
      1.796    113.958     64.509    100.940    142.060    -67.247     32.794
      1.797    114.100     64.442    100.972    141.914    -67.314     32.674
      1.798    114.242     64.374    101.005    141.768    -67.381     32.554
      1.799    114.383     64.307    101.038    141.623    -67.447     32.435
      1.800    114.525     64.239    101.070    141.477    -67.513     32.315
      1.801    114.666     64.172    101.102    141.331    -67.579     32.196
      1.802    114.807     64.104    101.134    141.186    -67.645     32.077
      1.803    114.949     64.036    101.166    141.040    -67.711     31.958
      1.804    115.090     63.969    101.198    140.895    -67.776     31.839
      1.805    115.230     63.901    101.230    140.749    -67.841     31.721
      1.806    115.371     63.833    101.262    140.604    -67.906     31.602
      1.807    115.512     63.765    101.293    140.459    -67.971     31.484
      1.808    115.652     63.697    101.325    140.313    -68.036     31.366
      1.809    115.792     63.629    101.356    140.168    -68.101     31.248
      1.810    115.932     63.561    101.387    140.023    -68.165     31.130
      1.811    116.072     63.493    101.418    139.877    -68.229     31.012
      1.812    116.212     63.424    101.449    139.732    -68.293     30.894
      1.813    116.352     63.356    101.480    139.587    -68.357     30.777
      1.814    116.491     63.288    101.511    139.442    -68.420     30.659
      1.815    116.631     63.219    101.541    139.297    -68.484     30.542
      1.816    116.770     63.151    101.572    139.151    -68.547     30.425
      1.817    116.909     63.082    101.602    139.006    -68.610     30.308
      1.818    117.048     63.014    101.632    138.861    -68.673     30.191
      1.819    117.187     62.945    101.663    138.716    -68.736     30.074
      1.820    117.325     62.876    101.693    138.572    -68.798     29.957
      1.821    117.464     62.807    101.722    138.427    -68.861     29.841
      1.822    117.602     62.738    101.752    138.282    -68.923     29.724
      1.823    117.740     62.669    101.782    138.137    -68.985     29.608
      1.824    117.878     62.600    101.811    137.992    -69.047     29.492
      1.825    118.016     62.531    101.841    137.847    -69.109     29.376
      1.826    118.154     62.462    101.870    137.703    -69.170     29.260
      1.827    118.292     62.393    101.899    137.558    -69.231     29.144
      1.828    118.429     62.324    101.928    137.413    -69.293     29.029
      1.829    118.567     62.254    101.957    137.269    -69.354     28.913
      1.830    118.704     62.185    101.986    137.124    -69.414     28.798
      1.831    118.841     62.116    102.015    136.980    -69.475     28.683
      1.832    118.978     62.046    102.044    136.835    -69.535     28.568
      1.833    119.114     61.976    102.072    136.691    -69.596     28.453
      1.834    119.251     61.907    102.101    136.546    -69.656     28.338
      1.835    119.388     61.837    102.129    136.402    -69.716     28.223
      1.836    119.524     61.767    102.157    136.258    -69.776     28.109
      1.837    119.660     61.698    102.185    136.113    -69.835     27.994
      1.838    119.796     61.628    102.213    135.969    -69.895     27.880
      1.839    119.932     61.558    102.241    135.825    -69.954     27.766
      1.840    120.068     61.488    102.269    135.681    -70.013     27.652
      1.841    120.203     61.418    102.296    135.536    -70.072     27.538
      1.842    120.339     61.348    102.324    135.392    -70.131     27.424
      1.843    120.474     61.278    102.351    135.248    -70.189     27.310
      1.844    120.609     61.207    102.378    135.104    -70.248     27.197
      1.845    120.744     61.137    102.405    134.960    -70.306     27.083
      1.846    120.879     61.067    102.432    134.816    -70.364     26.970
      1.847    121.014     60.996    102.459    134.672    -70.422     26.857
      1.848    121.149     60.926    102.486    134.528    -70.480     26.744
      1.849    121.283     60.855    102.513    134.384    -70.537     26.631
      1.850    121.417     60.785    102.539    134.241    -70.595     26.518
      1.851    121.552     60.714    102.566    134.097    -70.652     26.405
      1.852    121.686     60.643    102.592    133.953    -70.709     26.293
      1.853    121.819     60.573    102.618    133.809    -70.766     26.181
      1.854    121.953     60.502    102.645    133.666    -70.823     26.068
      1.855    122.087     60.431    102.671    133.522    -70.879     25.956
      1.856    122.220     60.360    102.696    133.379    -70.936     25.844
      1.857    122.354     60.289    102.722    133.235    -70.992     25.732
      1.858    122.487     60.218    102.748    133.091    -71.048     25.620
      1.859    122.620     60.147    102.773    132.948    -71.104     25.509
      1.860    122.753     60.076    102.799    132.805    -71.160     25.397
      1.861    122.885     60.005    102.824    132.661    -71.216     25.286
      1.862    123.018     59.934    102.850    132.518    -71.271     25.174
      1.863    123.150     59.862    102.875    132.374    -71.327     25.063
      1.864    123.283     59.791    102.900    132.231    -71.382     24.952
      1.865    123.415     59.719    102.925    132.088    -71.437     24.841
      1.866    123.547     59.648    102.949    131.945    -71.492     24.730
      1.867    123.679     59.576    102.974    131.802    -71.546     24.620
      1.868    123.810     59.505    102.999    131.658    -71.601     24.509
      1.869    123.942     59.433    103.023    131.515    -71.655     24.398
      1.870    124.073     59.362    103.047    131.372    -71.709     24.288
      1.871    124.205     59.290    103.072    131.229    -71.763     24.178
      1.872    124.336     59.218    103.096    131.086    -71.817     24.068
      1.873    124.467     59.146    103.120    130.943    -71.871     23.958
      1.874    124.598     59.074    103.144    130.800    -71.925     23.848
      1.875    124.729     59.002    103.167    130.658    -71.978     23.738
      1.876    124.859     58.930    103.191    130.515    -72.031     23.629
      1.877    124.990     58.858    103.215    130.372    -72.084     23.519
      1.878    125.120     58.786    103.238    130.229    -72.137     23.410
      1.879    125.250     58.714    103.262    130.087    -72.190     23.300
      1.880    125.380     58.642    103.285    129.944    -72.243     23.191
      1.881    125.510     58.570    103.308    129.801    -72.295     23.082
      1.882    125.640     58.497    103.331    129.659    -72.348     22.973
      1.883    125.769     58.425    103.354    129.516    -72.400     22.865
      1.884    125.899     58.352    103.377    129.374    -72.452     22.756
      1.885    126.028     58.280    103.399    129.231    -72.504     22.647
      1.886    126.157     58.207    103.422    129.089    -72.555     22.539
      1.887    126.286     58.135    103.444    128.946    -72.607     22.431
      1.888    126.415     58.062    103.467    128.804    -72.658     22.322
      1.889    126.544     57.990    103.489    128.662    -72.710     22.214
      1.890    126.672     57.917    103.511    128.519    -72.761     22.106
      1.891    126.801     57.844    103.533    128.377    -72.812     21.998
      1.892    126.929     57.771    103.555    128.235    -72.863     21.891
      1.893    127.057     57.698    103.577    128.093    -72.913     21.783
      1.894    127.185     57.625    103.599    127.951    -72.964     21.676
      1.895    127.313     57.552    103.620    127.808    -73.014     21.568
      1.896    127.441     57.479    103.642    127.666    -73.064     21.461
      1.897    127.569     57.406    103.663    127.524    -73.114     21.354
      1.898    127.696     57.333    103.685    127.382    -73.164     21.247
      1.899    127.823     57.260    103.706    127.240    -73.214     21.140
      1.900    127.950     57.187    103.727    127.099    -73.264     21.033
      1.901    128.077     57.113    103.748    126.957    -73.313     20.926
      1.902    128.204     57.040    103.769    126.815    -73.363     20.820
      1.903    128.331     56.967    103.790    126.673    -73.412     20.713
      1.904    128.458     56.893    103.810    126.531    -73.461     20.607
      1.905    128.584     56.820    103.831    126.390    -73.510     20.500
      1.906    128.710     56.746    103.851    126.248    -73.559     20.394
      1.907    128.837     56.673    103.872    126.106    -73.607     20.288
      1.908    128.963     56.599    103.892    125.965    -73.656     20.182
      1.909    129.089     56.525    103.912    125.823    -73.704     20.077
      1.910    129.214     56.452    103.932    125.682    -73.752     19.971
      1.911    129.340     56.378    103.952    125.540    -73.800     19.865
      1.912    129.465     56.304    103.972    125.399    -73.848     19.760
      1.913    129.591     56.230    103.991    125.257    -73.896     19.654
      1.914    129.716     56.156    104.011    125.116    -73.943     19.549
      1.915    129.841     56.082    104.030    124.975    -73.991     19.444
      1.916    129.966     56.008    104.050    124.834    -74.038     19.339
      1.917    130.091     55.934    104.069    124.692    -74.085     19.234
      1.918    130.215     55.860    104.088    124.551    -74.132     19.129
      1.919    130.340     55.786    104.107    124.410    -74.179     19.025
      1.920    130.464     55.712    104.126    124.269    -74.226     18.920
      1.921    130.588     55.637    104.145    124.128    -74.273     18.816
      1.922    130.712     55.563    104.164    123.987    -74.319     18.711
      1.923    130.836     55.489    104.183    123.846    -74.365     18.607
      1.924    130.960     55.414    104.201    123.705    -74.412     18.503
      1.925    131.084     55.340    104.220    123.564    -74.458     18.399
      1.926    131.207     55.265    104.238    123.423    -74.503     18.295
      1.927    131.331     55.191    104.256    123.282    -74.549     18.191
      1.928    131.454     55.116    104.274    123.141    -74.595     18.087
      1.929    131.577     55.042    104.292    123.001    -74.640     17.984
      1.930    131.700     54.967    104.310    122.860    -74.686     17.880
      1.931    131.823     54.892    104.328    122.719    -74.731     17.777
      1.932    131.945     54.818    104.346    122.578    -74.776     17.674
      1.933    132.068     54.743    104.364    122.438    -74.821     17.571
      1.934    132.190     54.668    104.381    122.297    -74.866     17.467
      1.935    132.312     54.593    104.398    122.157    -74.910     17.365
      1.936    132.434     54.518    104.416    122.016    -74.955     17.262
      1.937    132.556     54.443    104.433    121.876    -74.999     17.159
      1.938    132.678     54.368    104.450    121.735    -75.044     17.056
      1.939    132.800     54.293    104.467    121.595    -75.088     16.954
      1.940    132.921     54.218    104.484    121.455    -75.132     16.851
      1.941    133.043     54.143    104.501    121.314    -75.176     16.749
      1.942    133.164     54.068    104.518    121.174    -75.219     16.647
      1.943    133.285     53.992    104.534    121.034    -75.263     16.545
      1.944    133.406     53.917    104.551    120.894    -75.306     16.443
      1.945    133.527     53.842    104.567    120.754    -75.350     16.341
      1.946    133.648     53.766    104.583    120.613    -75.393     16.239
      1.947    133.768     53.691    104.599    120.473    -75.436     16.137
      1.948    133.888     53.616    104.616    120.333    -75.479     16.036
      1.949    134.009     53.540    104.632    120.193    -75.521     15.934
      1.950    134.129     53.465    104.647    120.053    -75.564     15.833
      1.951    134.249     53.389    104.663    119.914    -75.607     15.732
      1.952    134.369     53.313    104.679    119.774    -75.649     15.631
      1.953    134.488     53.238    104.694    119.634    -75.691     15.530
      1.954    134.608     53.162    104.710    119.494    -75.733     15.429
      1.955    134.727     53.086    104.725    119.354    -75.775     15.328
      1.956    134.847     53.010    104.741    119.215    -75.817     15.227
      1.957    134.966     52.935    104.756    119.075    -75.859     15.127
      1.958    135.085     52.859    104.771    118.935    -75.900     15.026
      1.959    135.204     52.783    104.786    118.796    -75.942     14.926
      1.960    135.322     52.707    104.801    118.656    -75.983     14.825
      1.961    135.441     52.631    104.815    118.517    -76.024     14.725
      1.962    135.559     52.555    104.830    118.377    -76.066     14.625
      1.963    135.678     52.479    104.845    118.238    -76.106     14.525
      1.964    135.796     52.403    104.859    118.098    -76.147     14.425
      1.965    135.914     52.326    104.874    117.959    -76.188     14.325
      1.966    136.032     52.250    104.888    117.820    -76.229     14.226
      1.967    136.150     52.174    104.902    117.680    -76.269     14.126
      1.968    136.267     52.098    104.916    117.541    -76.309     14.027
      1.969    136.385     52.021    104.930    117.402    -76.349     13.927
      1.970    136.502     51.945    104.944    117.263    -76.389     13.828
      1.971    136.619     51.868    104.958    117.123    -76.429     13.729
      1.972    136.736     51.792    104.971    116.984    -76.469     13.630
      1.973    136.853     51.716    104.985    116.845    -76.509     13.531
      1.974    136.970     51.639    104.998    116.706    -76.548     13.432
      1.975    137.087     51.562    105.012    116.567    -76.588     13.333
      1.976    137.203     51.486    105.025    116.428    -76.627     13.234
      1.977    137.319     51.409    105.038    116.290    -76.666     13.136
      1.978    137.436     51.333    105.051    116.151    -76.705     13.037
      1.979    137.552     51.256    105.064    116.012    -76.744     12.939
      1.980    137.668     51.179    105.077    115.873    -76.783     12.840
      1.981    137.783     51.102    105.090    115.734    -76.822     12.742
      1.982    137.899     51.025    105.103    115.596    -76.860     12.644
      1.983    138.015     50.948    105.115    115.457    -76.899     12.546
      1.984    138.130     50.872    105.128    115.318    -76.937     12.448
      1.985    138.245     50.795    105.140    115.180    -76.975     12.350
      1.986    138.360     50.718    105.153    115.041    -77.013     12.253
      1.987    138.475     50.641    105.165    114.903    -77.051     12.155
      1.988    138.590     50.564    105.177    114.764    -77.089     12.058
      1.989    138.705     50.486    105.189    114.626    -77.126     11.960
      1.990    138.819     50.409    105.201    114.487    -77.164     11.863
      1.991    138.934     50.332    105.213    114.349    -77.201     11.766
      1.992    139.048     50.255    105.224    114.211    -77.239     11.669
      1.993    139.162     50.178    105.236    114.072    -77.276     11.572
      1.994    139.276     50.100    105.247    113.934    -77.313     11.475
      1.995    139.390     50.023    105.259    113.796    -77.350     11.378
      1.996    139.504     49.946    105.270    113.658    -77.387     11.281
      1.997    139.617     49.868    105.281    113.520    -77.423     11.185
      1.998    139.731     49.791    105.293    113.381    -77.460     11.088
      1.999    139.844     49.713    105.304    113.243    -77.496     10.992
      2.000    139.957     49.636    105.315    113.105    -77.533     10.895
      2.001    140.070     49.558    105.325    112.967    -77.569     10.799
      2.002    140.183     49.481    105.336    112.829    -77.605     10.703
      2.003    140.296     49.403    105.347    112.692    -77.641     10.607
      2.004    140.409     49.325    105.357    112.554    -77.677     10.511
      2.005    140.521     49.248    105.368    112.416    -77.713     10.415
      2.006    140.634     49.170    105.378    112.278    -77.748     10.319
      2.007    140.746     49.092    105.389    112.140    -77.784     10.224
      2.008    140.858     49.014    105.399    112.003    -77.819     10.128
      2.009    140.970     48.937    105.409    111.865    -77.855     10.033
      2.010    141.082     48.859    105.419    111.727    -77.890      9.937
      2.011    141.193     48.781    105.429    111.590    -77.925      9.842
      2.012    141.305     48.703    105.438    111.452    -77.960      9.747
      2.013    141.416     48.625    105.448    111.315    -77.994      9.652
      2.014    141.527     48.547    105.458    111.177    -78.029      9.557
      2.015    141.638     48.469    105.467    111.040    -78.064      9.462
      2.016    141.749     48.391    105.477    110.902    -78.098      9.367
      2.017    141.860     48.313    105.486    110.765    -78.132      9.272
      2.018    141.971     48.234    105.495    110.628    -78.167      9.178
      2.019    142.082     48.156    105.504    110.490    -78.201      9.083
      2.020    142.192     48.078    105.513    110.353    -78.235      8.989
      2.021    142.302     48.000    105.522    110.216    -78.269      8.894
      2.022    142.412     47.921    105.531    110.079    -78.302      8.800
      2.023    142.522     47.843    105.540    109.941    -78.336      8.706
      2.024    142.632     47.765    105.549    109.804    -78.370      8.612
      2.025    142.742     47.686    105.557    109.667    -78.403      8.518
      2.026    142.852     47.608    105.566    109.530    -78.436      8.424
      2.027    142.961     47.530    105.574    109.393    -78.469      8.330
      2.028    143.070     47.451    105.582    109.256    -78.503      8.237
      2.029    143.180     47.373    105.590    109.119    -78.536      8.143
      2.030    143.289     47.294    105.599    108.982    -78.568      8.050
      2.031    143.398     47.215    105.607    108.846    -78.601      7.956
      2.032    143.506     47.137    105.614    108.709    -78.634      7.863
      2.033    143.615     47.058    105.622    108.572    -78.666      7.770
      2.034    143.723     46.979    105.630    108.435    -78.699      7.676
      2.035    143.832     46.901    105.638    108.299    -78.731      7.583
      2.036    143.940     46.822    105.645    108.162    -78.763      7.490
      2.037    144.048     46.743    105.653    108.025    -78.795      7.398
      2.038    144.156     46.664    105.660    107.889    -78.827      7.305
      2.039    144.264     46.586    105.667    107.752    -78.859      7.212
      2.040    144.372     46.507    105.674    107.616    -78.891      7.119
      2.041    144.479     46.428    105.681    107.479    -78.922      7.027
      2.042    144.587     46.349    105.688    107.343    -78.954      6.935
      2.043    144.694     46.270    105.695    107.206    -78.985      6.842
      2.044    144.801     46.191    105.702    107.070    -79.016      6.750
      2.045    144.908     46.112    105.709    106.934    -79.048      6.658
      2.046    145.015     46.033    105.715    106.797    -79.079      6.566
      2.047    145.122     45.954    105.722    106.661    -79.110      6.474
      2.048    145.228     45.875    105.728    106.525    -79.140      6.382
      2.049    145.335     45.795    105.735    106.389    -79.171      6.290
      2.050    145.441     45.716    105.741    106.253    -79.202      6.198
      2.051    145.547     45.637    105.747    106.116    -79.232      6.107
      2.052    145.653     45.558    105.753    105.980    -79.263      6.015
      2.053    145.759     45.478    105.759    105.844    -79.293      5.924
      2.054    145.865     45.399    105.765    105.708    -79.323      5.832
      2.055    145.971     45.320    105.771    105.572    -79.353      5.741
      2.056    146.076     45.240    105.777    105.437    -79.383      5.650
      2.057    146.181     45.161    105.782    105.301    -79.413      5.559
      2.058    146.287     45.082    105.788    105.165    -79.443      5.468
      2.059    146.392     45.002    105.793    105.029    -79.473      5.377
      2.060    146.497     44.923    105.798    104.893    -79.502      5.286
      2.061    146.602     44.843    105.804    104.757    -79.532      5.195
      2.062    146.706     44.764    105.809    104.622    -79.561      5.105
      2.063    146.811     44.684    105.814    104.486    -79.590      5.014
      2.064    146.915     44.604    105.819    104.350    -79.619      4.924
      2.065    147.019     44.525    105.824    104.215    -79.648      4.833
      2.066    147.124     44.445    105.828    104.079    -79.677      4.743
      2.067    147.228     44.365    105.833    103.944    -79.706      4.653
      2.068    147.332     44.286    105.838    103.808    -79.735      4.563
      2.069    147.435     44.206    105.842    103.673    -79.763      4.473
      2.070    147.539     44.126    105.847    103.537    -79.792      4.383
      2.071    147.642     44.046    105.851    103.402    -79.820      4.293
      2.072    147.746     43.967    105.855    103.267    -79.848      4.203
      2.073    147.849     43.887    105.859    103.131    -79.877      4.113
      2.074    147.952     43.807    105.864    102.996    -79.905      4.024
      2.075    148.055     43.727    105.868    102.861    -79.933      3.934
      2.076    148.158     43.647    105.871    102.726    -79.960      3.845
      2.077    148.260     43.567    105.875    102.591    -79.988      3.755
      2.078    148.363     43.487    105.879    102.456    -80.016      3.666
      2.079    148.465     43.407    105.883    102.320    -80.043      3.577
      2.080    148.567     43.327    105.886    102.185    -80.071      3.488
      2.081    148.670     43.247    105.890    102.050    -80.098      3.399
      2.082    148.772     43.167    105.893    101.915    -80.125      3.310
      2.083    148.873     43.087    105.896    101.780    -80.153      3.221
      2.084    148.975     43.006    105.899    101.646    -80.180      3.132
      2.085    149.077     42.926    105.902    101.511    -80.207      3.044
      2.086    149.178     42.846    105.905    101.376    -80.233      2.955
      2.087    149.279     42.766    105.908    101.241    -80.260      2.866
      2.088    149.381     42.685    105.911    101.106    -80.287      2.778
      2.089    149.482     42.605    105.914    100.972    -80.313      2.690
      2.090    149.583     42.525    105.917    100.837    -80.340      2.601
      2.091    149.683     42.444    105.919    100.702    -80.366      2.513
      2.092    149.784     42.364    105.922    100.568    -80.392      2.425
      2.093    149.884     42.284    105.924    100.433    -80.418      2.337
      2.094    149.985     42.203    105.926    100.298    -80.444      2.249
      2.095    150.085     42.123    105.928    100.164    -80.470      2.161
      2.096    150.185     42.042    105.931    100.029    -80.496      2.074
      2.097    150.285     41.962    105.933     99.895    -80.522      1.986
      2.098    150.385     41.881    105.935     99.761    -80.547      1.898
      2.099    150.485     41.801    105.936     99.626    -80.573      1.811
      2.100    150.584     41.720    105.938     99.492    -80.598      1.723
      2.101    150.684     41.640    105.940     99.358    -80.624      1.636
      2.102    150.783     41.559    105.941     99.223    -80.649      1.549
      2.103    150.882     41.478    105.943     99.089    -80.674      1.461
      2.104    150.981     41.398    105.944     98.955    -80.699      1.374
      2.105    151.080     41.317    105.946     98.821    -80.724      1.287
      2.106    151.179     41.236    105.947     98.687    -80.749      1.200
      2.107    151.277     41.155    105.948     98.553    -80.773      1.114
      2.108    151.376     41.075    105.949     98.419    -80.798      1.027
      2.109    151.474     40.994    105.950     98.285    -80.823      0.940
      2.110    151.572     40.913    105.951     98.151    -80.847      0.853
      2.111    151.671     40.832    105.952     98.017    -80.871      0.767
      2.112    151.768     40.751    105.953     97.883    -80.896      0.680
      2.113    151.866     40.670    105.953     97.749    -80.920      0.594
      2.114    151.964     40.589    105.954     97.615    -80.944      0.508
      2.115    152.061     40.508    105.954     97.481    -80.968      0.421
      2.116    152.159     40.427    105.955     97.347    -80.992      0.335
      2.117    152.256     40.346    105.955     97.214    -81.015      0.249
      2.118    152.353     40.265    105.955     97.080    -81.039      0.163
      2.119    152.450     40.184    105.955     96.946    -81.062      0.077
      2.120    152.547     40.103    105.955     96.813    -81.086     -0.008
      2.121    152.644     40.022    105.955     96.679    -81.109     -0.094
      2.122    152.741     39.941    105.955     96.545    -81.133     -0.180
      2.123    152.837     39.860    105.955     96.412    -81.156     -0.265
      2.124    152.933     39.779    105.955     96.278    -81.179     -0.351
      2.125    153.030     39.698    105.954     96.145    -81.202     -0.436
      2.126    153.126     39.616    105.954     96.012    -81.225     -0.522
      2.127    153.222     39.535    105.953     95.878    -81.247     -0.607
      2.128    153.317     39.454    105.952     95.745    -81.270     -0.692
      2.129    153.413     39.373    105.952     95.611    -81.293     -0.777
      2.130    153.509     39.291    105.951     95.478    -81.315     -0.862
      2.131    153.604     39.210    105.950     95.345    -81.338     -0.947
      2.132    153.699     39.129    105.949     95.212    -81.360     -1.032
      2.133    153.795     39.047    105.948     95.079    -81.382     -1.117
      2.134    153.890     38.966    105.947     94.945    -81.404     -1.202
      2.135    153.984     38.884    105.945     94.812    -81.426     -1.286
      2.136    154.079     38.803    105.944     94.679    -81.448     -1.371
      2.137    154.174     38.721    105.943     94.546    -81.470     -1.455
      2.138    154.268     38.640    105.941     94.413    -81.492     -1.540
      2.139    154.363     38.558    105.940     94.280    -81.514     -1.624
      2.140    154.457     38.477    105.938     94.147    -81.535     -1.708
      2.141    154.551     38.395    105.936     94.014    -81.557     -1.793
      2.142    154.645     38.314    105.934     93.881    -81.578     -1.877
      2.143    154.739     38.232    105.933     93.749    -81.599     -1.961
      2.144    154.832     38.151    105.931     93.616    -81.620     -2.045
      2.145    154.926     38.069    105.928     93.483    -81.642     -2.129
      2.146    155.019     37.987    105.926     93.350    -81.663     -2.212
      2.147    155.113     37.906    105.924     93.217    -81.683     -2.296
      2.148    155.206     37.824    105.922     93.085    -81.704     -2.380
      2.149    155.299     37.742    105.919     92.952    -81.725     -2.463
      2.150    155.392     37.661    105.917     92.820    -81.746     -2.547
      2.151    155.484     37.579    105.914     92.687    -81.766     -2.630
      2.152    155.577     37.497    105.911     92.554    -81.787     -2.714
      2.153    155.669     37.415    105.909     92.422    -81.807     -2.797
      2.154    155.762     37.333    105.906     92.289    -81.827     -2.880
      2.155    155.854     37.252    105.903     92.157    -81.847     -2.963
      2.156    155.946     37.170    105.900     92.025    -81.868     -3.046
      2.157    156.038     37.088    105.897     91.892    -81.888     -3.129
      2.158    156.130     37.006    105.894     91.760    -81.907     -3.212
      2.159    156.222     36.924    105.890     91.627    -81.927     -3.295
      2.160    156.313     36.842    105.887     91.495    -81.947     -3.378
      2.161    156.405     36.760    105.884     91.363    -81.967     -3.460
      2.162    156.496     36.678    105.880     91.231    -81.986     -3.543
      2.163    156.587     36.596    105.877     91.099    -82.006     -3.625
      2.164    156.678     36.514    105.873     90.966    -82.025     -3.708
      2.165    156.769     36.432    105.869     90.834    -82.044     -3.790
      2.166    156.860     36.350    105.865     90.702    -82.064     -3.873
      2.167    156.950     36.268    105.861     90.570    -82.083     -3.955
      2.168    157.041     36.186    105.857     90.438    -82.102     -4.037
      2.169    157.131     36.104    105.853     90.306    -82.121     -4.119
      2.170    157.222     36.022    105.849     90.174    -82.139     -4.201
      2.171    157.312     35.939    105.845     90.042    -82.158     -4.283
      2.172    157.402     35.857    105.841     89.910    -82.177     -4.365
      2.173    157.491     35.775    105.836     89.779    -82.195     -4.447
      2.174    157.581     35.693    105.832     89.647    -82.214     -4.528
      2.175    157.671     35.611    105.827     89.515    -82.232     -4.610
      2.176    157.760     35.528    105.823     89.383    -82.251     -4.691
      2.177    157.850     35.446    105.818     89.251    -82.269     -4.773
      2.178    157.939     35.364    105.813     89.120    -82.287     -4.854
      2.179    158.028     35.282    105.808     88.988    -82.305     -4.936
      2.180    158.117     35.199    105.803     88.857    -82.323     -5.017
      2.181    158.205     35.117    105.798     88.725    -82.341     -5.098
      2.182    158.294     35.035    105.793     88.593    -82.359     -5.179
      2.183    158.383     34.952    105.788     88.462    -82.376     -5.260
      2.184    158.471     34.870    105.782     88.330    -82.394     -5.341
      2.185    158.559     34.787    105.777     88.199    -82.411     -5.422
      2.186    158.647     34.705    105.772     88.067    -82.429     -5.503
      2.187    158.735     34.623    105.766     87.936    -82.446     -5.584
      2.188    158.823     34.540    105.760     87.805    -82.463     -5.665
      2.189    158.911     34.458    105.755     87.673    -82.481     -5.745
      2.190    158.999     34.375    105.749     87.542    -82.498     -5.826
      2.191    159.086     34.293    105.743     87.411    -82.515     -5.906
      2.192    159.174     34.210    105.737     87.280    -82.532     -5.987
      2.193    159.261     34.128    105.731     87.148    -82.548     -6.067
      2.194    159.348     34.045    105.725     87.017    -82.565     -6.147
      2.195    159.435     33.963    105.719     86.886    -82.582     -6.227
      2.196    159.522     33.880    105.712     86.755    -82.598     -6.308
      2.197    159.608     33.797    105.706     86.624    -82.615     -6.388
      2.198    159.695     33.715    105.700     86.493    -82.631     -6.468
      2.199    159.781     33.632    105.693     86.362    -82.648     -6.547
      2.200    159.868     33.549    105.687     86.231    -82.664     -6.627
      2.201    159.954     33.467    105.680     86.100    -82.680     -6.707
      2.202    160.040     33.384    105.673     85.969    -82.696     -6.787
      2.203    160.126     33.301    105.666     85.838    -82.712     -6.866
      2.204    160.211     33.219    105.659     85.707    -82.728     -6.946
      2.205    160.297     33.136    105.652     85.576    -82.744     -7.025
      2.206    160.383     33.053    105.645     85.445    -82.760     -7.105
      2.207    160.468     32.970    105.638     85.315    -82.775     -7.184
      2.208    160.553     32.888    105.631     85.184    -82.791     -7.263
      2.209    160.638     32.805    105.624     85.053    -82.806     -7.343
      2.210    160.723     32.722    105.616     84.923    -82.822     -7.422
      2.211    160.808     32.639    105.609     84.792    -82.837     -7.501
      2.212    160.893     32.556    105.601     84.661    -82.852     -7.580
      2.213    160.977     32.473    105.594     84.531    -82.867     -7.659
      2.214    161.062     32.391    105.586     84.400    -82.882     -7.738
      2.215    161.146     32.308    105.578     84.270    -82.897     -7.817
      2.216    161.231     32.225    105.570     84.139    -82.912     -7.895
      2.217    161.315     32.142    105.562     84.009    -82.927     -7.974
      2.218    161.399     32.059    105.554     83.878    -82.942     -8.052
      2.219    161.482     31.976    105.546     83.748    -82.956     -8.131
      2.220    161.566     31.893    105.538     83.618    -82.971     -8.209
      2.221    161.650     31.810    105.530     83.487    -82.986     -8.288
      2.222    161.733     31.727    105.522     83.357    -83.000     -8.366
      2.223    161.816     31.644    105.513     83.227    -83.014     -8.444
      2.224    161.899     31.561    105.505     83.096    -83.028     -8.523
      2.225    161.982     31.478    105.496     82.966    -83.043     -8.601
      2.226    162.065     31.395    105.488     82.836    -83.057     -8.679
      2.227    162.148     31.312    105.479     82.706    -83.071     -8.757
      2.228    162.231     31.229    105.470     82.576    -83.085     -8.835
      2.229    162.313     31.146    105.461     82.446    -83.098     -8.912
      2.230    162.396     31.063    105.452     82.316    -83.112     -8.990
      2.231    162.478     30.979    105.443     82.186    -83.126     -9.068
      2.232    162.560     30.896    105.434     82.056    -83.139     -9.146
      2.233    162.642     30.813    105.425     81.926    -83.153     -9.223
      2.234    162.724     30.730    105.416     81.796    -83.166     -9.301
      2.235    162.806     30.647    105.406     81.666    -83.180     -9.378
      2.236    162.887     30.564    105.397     81.536    -83.193     -9.455
      2.237    162.969     30.480    105.387     81.406    -83.206     -9.533
      2.238    163.050     30.397    105.378     81.276    -83.219     -9.610
      2.239    163.131     30.314    105.368     81.146    -83.232     -9.687
      2.240    163.212     30.231    105.358     81.017    -83.245     -9.764
      2.241    163.293     30.148    105.349     80.887    -83.258     -9.841
      2.242    163.374     30.064    105.339     80.757    -83.271     -9.918
      2.243    163.455     29.981    105.329     80.628    -83.284     -9.995
      2.244    163.535     29.898    105.319     80.498    -83.296    -10.072
      2.245    163.616     29.814    105.309     80.368    -83.309    -10.149
      2.246    163.696     29.731    105.298     80.239    -83.321    -10.225
      2.247    163.776     29.648    105.288     80.109    -83.334    -10.302
      2.248    163.856     29.564    105.278     79.980    -83.346    -10.379
      2.249    163.936     29.481    105.267     79.850    -83.358    -10.455
      2.250    164.016     29.398    105.257     79.721    -83.370    -10.532
      2.251    164.096     29.314    105.246     79.591    -83.383    -10.608
      2.252    164.175     29.231    105.236     79.462    -83.395    -10.684
      2.253    164.255     29.148    105.225     79.332    -83.406    -10.761
      2.254    164.334     29.064    105.214     79.203    -83.418    -10.837
      2.255    164.413     28.981    105.203     79.074    -83.430    -10.913
      2.256    164.492     28.897    105.192     78.945    -83.442    -10.989
      2.257    164.571     28.814    105.181     78.815    -83.453    -11.065
      2.258    164.650     28.730    105.170     78.686    -83.465    -11.141
      2.259    164.728     28.647    105.159     78.557    -83.476    -11.217
      2.260    164.807     28.563    105.148     78.428    -83.488    -11.292
      2.261    164.885     28.480    105.136     78.299    -83.499    -11.368
      2.262    164.963     28.396    105.125     78.169    -83.510    -11.444
      2.263    165.041     28.313    105.114     78.040    -83.521    -11.519
      2.264    165.119     28.229    105.102     77.911    -83.532    -11.595
      2.265    165.197     28.146    105.090     77.782    -83.543    -11.670
      2.266    165.275     28.062    105.079     77.653    -83.554    -11.746
      2.267    165.353     27.979    105.067     77.524    -83.565    -11.821
      2.268    165.430     27.895    105.055     77.395    -83.576    -11.896
      2.269    165.507     27.812    105.043     77.266    -83.587    -11.972
      2.270    165.585     27.728    105.031     77.138    -83.597    -12.047
      2.271    165.662     27.644    105.019     77.009    -83.608    -12.122
      2.272    165.739     27.561    105.007     76.880    -83.618    -12.197
      2.273    165.815     27.477    104.995     76.751    -83.629    -12.272
      2.274    165.892     27.393    104.982     76.622    -83.639    -12.347
      2.275    165.969     27.310    104.970     76.494    -83.649    -12.422
      2.276    166.045     27.226    104.957     76.365    -83.659    -12.496
      2.277    166.121     27.143    104.945     76.236    -83.669    -12.571
      2.278    166.198     27.059    104.932     76.108    -83.679    -12.646
      2.279    166.274     26.975    104.920     75.979    -83.689    -12.720
      2.280    166.350     26.891    104.907     75.850    -83.699    -12.795
      2.281    166.425     26.808    104.894     75.722    -83.709    -12.869
      2.282    166.501     26.724    104.881     75.593    -83.718    -12.944
      2.283    166.576     26.640    104.868     75.465    -83.728    -13.018
      2.284    166.652     26.557    104.855     75.336    -83.738    -13.092
      2.285    166.727     26.473    104.842     75.208    -83.747    -13.166
      2.286    166.802     26.389    104.829     75.079    -83.757    -13.241
      2.287    166.877     26.305    104.816     74.951    -83.766    -13.315
      2.288    166.952     26.222    104.802     74.823    -83.775    -13.389
      2.289    167.027     26.138    104.789     74.694    -83.784    -13.463
      2.290    167.102     26.054    104.775     74.566    -83.793    -13.536
      2.291    167.176     25.970    104.762     74.438    -83.802    -13.610
      2.292    167.250     25.886    104.748     74.309    -83.811    -13.684
      2.293    167.325     25.803    104.734     74.181    -83.820    -13.758
      2.294    167.399     25.719    104.720     74.053    -83.829    -13.831
      2.295    167.473     25.635    104.707     73.925    -83.838    -13.905
      2.296    167.547     25.551    104.693     73.797    -83.846    -13.979
      2.297    167.620     25.467    104.679     73.668    -83.855    -14.052
      2.298    167.694     25.383    104.665     73.540    -83.863    -14.125
      2.299    167.768     25.300    104.650     73.412    -83.872    -14.199
      2.300    167.841     25.216    104.636     73.284    -83.880    -14.272
      2.301    167.914     25.132    104.622     73.156    -83.888    -14.345
      2.302    167.987     25.048    104.607     73.028    -83.897    -14.418
      2.303    168.060     24.964    104.593     72.900    -83.905    -14.491
      2.304    168.133     24.880    104.579     72.772    -83.913    -14.564
      2.305    168.206     24.796    104.564     72.645    -83.921    -14.637
      2.306    168.278     24.712    104.549     72.517    -83.929    -14.710
      2.307    168.351     24.628    104.534     72.389    -83.937    -14.783
      2.308    168.423     24.544    104.520     72.261    -83.944    -14.856
      2.309    168.495     24.460    104.505     72.133    -83.952    -14.929
      2.310    168.567     24.376    104.490     72.005    -83.960    -15.001
      2.311    168.639     24.292    104.475     71.878    -83.967    -15.074
      2.312    168.711     24.208    104.460     71.750    -83.975    -15.147
      2.313    168.783     24.125    104.444     71.622    -83.982    -15.219
      2.314    168.854     24.041    104.429     71.495    -83.989    -15.291
      2.315    168.926     23.957    104.414     71.367    -83.997    -15.364
      2.316    168.997     23.873    104.398     71.239    -84.004    -15.436
      2.317    169.068     23.789    104.383     71.112    -84.011    -15.508
      2.318    169.139     23.705    104.367     70.984    -84.018    -15.581
      2.319    169.210     23.620    104.352     70.857    -84.025    -15.653
      2.320    169.281     23.536    104.336     70.729    -84.032    -15.725
      2.321    169.352     23.452    104.320     70.602    -84.039    -15.797
      2.322    169.422     23.368    104.305     70.474    -84.046    -15.869
      2.323    169.493     23.284    104.289     70.347    -84.052    -15.941
      2.324    169.563     23.200    104.273     70.219    -84.059    -16.012
      2.325    169.633     23.116    104.257     70.092    -84.065    -16.084
      2.326    169.703     23.032    104.241     69.965    -84.072    -16.156
      2.327    169.773     22.948    104.224     69.837    -84.078    -16.228
      2.328    169.843     22.864    104.208     69.710    -84.085    -16.299
      2.329    169.912     22.780    104.192     69.583    -84.091    -16.371
      2.330    169.982     22.696    104.175     69.456    -84.097    -16.442
      2.331    170.051     22.612    104.159     69.328    -84.103    -16.514
      2.332    170.121     22.528    104.142     69.201    -84.109    -16.585
      2.333    170.190     22.443    104.126     69.074    -84.115    -16.656
      2.334    170.259     22.359    104.109     68.947    -84.121    -16.727
      2.335    170.328     22.275    104.092     68.820    -84.127    -16.799
      2.336    170.396     22.191    104.075     68.693    -84.133    -16.870
      2.337    170.465     22.107    104.058     68.566    -84.138    -16.941
      2.338    170.533     22.023    104.042     68.439    -84.144    -17.012
      2.339    170.602     21.939    104.024     68.312    -84.150    -17.083
      2.340    170.670     21.855    104.007     68.185    -84.155    -17.154
      2.341    170.738     21.770    103.990     68.058    -84.160    -17.225
      2.342    170.806     21.686    103.973     67.931    -84.166    -17.295
      2.343    170.874     21.602    103.956     67.804    -84.171    -17.366
      2.344    170.942     21.518    103.938     67.677    -84.176    -17.437
      2.345    171.009     21.434    103.921     67.550    -84.181    -17.507
      2.346    171.077     21.350    103.903     67.423    -84.187    -17.578
      2.347    171.144     21.265    103.886     67.297    -84.192    -17.648
      2.348    171.212     21.181    103.868     67.170    -84.196    -17.719
      2.349    171.279     21.097    103.850     67.043    -84.201    -17.789
      2.350    171.346     21.013    103.832     66.916    -84.206    -17.859
      2.351    171.412     20.929    103.814     66.790    -84.211    -17.930
      2.352    171.479     20.844    103.796     66.663    -84.215    -18.000
      2.353    171.546     20.760    103.778     66.536    -84.220    -18.070
      2.354    171.612     20.676    103.760     66.410    -84.225    -18.140
      2.355    171.679     20.592    103.742     66.283    -84.229    -18.210
      2.356    171.745     20.507    103.724     66.156    -84.233    -18.280
      2.357    171.811     20.423    103.706     66.030    -84.238    -18.350
      2.358    171.877     20.339    103.687     65.903    -84.242    -18.420
      2.359    171.943     20.255    103.669     65.777    -84.246    -18.490
      2.360    172.008     20.170    103.650     65.650    -84.250    -18.559
      2.361    172.074     20.086    103.632     65.524    -84.254    -18.629
      2.362    172.139     20.002    103.613     65.398    -84.258    -18.699
      2.363    172.205     19.918    103.594     65.271    -84.262    -18.768
      2.364    172.270     19.833    103.575     65.145    -84.266    -18.838
      2.365    172.335     19.749    103.557     65.018    -84.270    -18.907
      2.366    172.400     19.665    103.538     64.892    -84.273    -18.977
      2.367    172.465     19.581    103.519     64.766    -84.277    -19.046
      2.368    172.530     19.496    103.499     64.639    -84.281    -19.115
      2.369    172.594     19.412    103.480     64.513    -84.284    -19.185
      2.370    172.659     19.328    103.461     64.387    -84.288    -19.254
      2.371    172.723     19.243    103.442     64.261    -84.291    -19.323
      2.372    172.787     19.159    103.422     64.135    -84.294    -19.392
      2.373    172.851     19.075    103.403     64.008    -84.297    -19.461
      2.374    172.915     18.991    103.384     63.882    -84.301    -19.530
      2.375    172.979     18.906    103.364     63.756    -84.304    -19.599
      2.376    173.043     18.822    103.344     63.630    -84.307    -19.668
      2.377    173.106     18.738    103.325     63.504    -84.310    -19.737
      2.378    173.170     18.653    103.305     63.378    -84.313    -19.805
      2.379    173.233     18.569    103.285     63.252    -84.315    -19.874
      2.380    173.296     18.485    103.265     63.126    -84.318    -19.943
      2.381    173.359     18.400    103.245     63.000    -84.321    -20.011
      2.382    173.422     18.316    103.225     62.874    -84.323    -20.080
      2.383    173.485     18.232    103.205     62.748    -84.326    -20.148
      2.384    173.548     18.147    103.185     62.622    -84.328    -20.217
      2.385    173.610     18.063    103.165     62.496    -84.331    -20.285
      2.386    173.673     17.979    103.144     62.371    -84.333    -20.353
      2.387    173.735     17.894    103.124     62.245    -84.336    -20.422
      2.388    173.797     17.810    103.103     62.119    -84.338    -20.490
      2.389    173.859     17.726    103.083     61.993    -84.340    -20.558
      2.390    173.921     17.641    103.062     61.867    -84.342    -20.626
      2.391    173.983     17.557    103.042     61.742    -84.344    -20.694
      2.392    174.045     17.473    103.021     61.616    -84.346    -20.762
      2.393    174.106     17.388    103.000     61.490    -84.348    -20.830
      2.394    174.168     17.304    102.979     61.365    -84.350    -20.898
      2.395    174.229     17.220    102.958     61.239    -84.351    -20.966
      2.396    174.290     17.135    102.937     61.113    -84.353    -21.033
      2.397    174.351     17.051    102.916     60.988    -84.355    -21.101
      2.398    174.412     16.967    102.895     60.862    -84.356    -21.169
      2.399    174.473     16.882    102.874     60.737    -84.358    -21.236
      2.400    174.534     16.798    102.853     60.611    -84.359    -21.304
      2.401    174.594     16.714    102.831     60.486    -84.361    -21.371
      2.402    174.654     16.629    102.810     60.360    -84.362    -21.439
      2.403    174.715     16.545    102.788     60.235    -84.363    -21.506
      2.404    174.775     16.460    102.767     60.109    -84.364    -21.574
      2.405    174.835     16.376    102.745     59.984    -84.366    -21.641
      2.406    174.895     16.292    102.724     59.859    -84.367    -21.708
      2.407    174.955     16.207    102.702     59.733    -84.368    -21.775
      2.408    175.014     16.123    102.680     59.608    -84.369    -21.842
      2.409    175.074     16.039    102.658     59.483    -84.369    -21.909
      2.410    175.133     15.954    102.636     59.357    -84.370    -21.976
      2.411    175.193     15.870    102.614     59.232    -84.371    -22.043
      2.412    175.252     15.786    102.592     59.107    -84.372    -22.110
      2.413    175.311     15.701    102.570     58.982    -84.372    -22.177
      2.414    175.370     15.617    102.548     58.856    -84.373    -22.244
      2.415    175.429     15.532    102.525     58.731    -84.373    -22.311
      2.416    175.487     15.448    102.503     58.606    -84.374    -22.377
      2.417    175.546     15.364    102.481     58.481    -84.374    -22.444
      2.418    175.604     15.279    102.458     58.356    -84.374    -22.511
      2.419    175.663     15.195    102.436     58.231    -84.374    -22.577
      2.420    175.721     15.111    102.413     58.106    -84.375    -22.644
      2.421    175.779     15.026    102.390     57.981    -84.375    -22.710
      2.422    175.837     14.942    102.368     57.856    -84.375    -22.777
      2.423    175.894     14.857    102.345     57.731    -84.375    -22.843
      2.424    175.952     14.773    102.322     57.606    -84.374    -22.909
      2.425    176.010     14.689    102.299     57.481    -84.374    -22.975
      2.426    176.067     14.604    102.276     57.356    -84.374    -23.042
      2.427    176.124     14.520    102.253     57.231    -84.374    -23.108
      2.428    176.182     14.436    102.230     57.106    -84.373    -23.174
      2.429    176.239     14.351    102.207     56.981    -84.373    -23.240
      2.430    176.295     14.267    102.183     56.856    -84.373    -23.306
      2.431    176.352     14.182    102.160     56.732    -84.372    -23.372
      2.432    176.409     14.098    102.137     56.607    -84.371    -23.438
      2.433    176.465     14.014    102.113     56.482    -84.371    -23.503
      2.434    176.522     13.929    102.090     56.357    -84.370    -23.569
      2.435    176.578     13.845    102.066     56.232    -84.369    -23.635
      2.436    176.634     13.761    102.042     56.108    -84.368    -23.700
      2.437    176.690     13.676    102.019     55.983    -84.367    -23.766
      2.438    176.746     13.592    101.995     55.858    -84.366    -23.832
      2.439    176.802     13.507    101.971     55.734    -84.365    -23.897
      2.440    176.858     13.423    101.947     55.609    -84.364    -23.963
      2.441    176.913     13.339    101.923     55.485    -84.363    -24.028
      2.442    176.969     13.254    101.899     55.360    -84.362    -24.093
      2.443    177.024     13.170    101.875     55.235    -84.361    -24.159
      2.444    177.079     13.086    101.851     55.111    -84.359    -24.224
      2.445    177.134     13.001    101.826     54.986    -84.358    -24.289
      2.446    177.189     12.917    101.802     54.862    -84.356    -24.354
      2.447    177.244     12.833    101.778     54.737    -84.355    -24.419
      2.448    177.299     12.748    101.753     54.613    -84.353    -24.484
      2.449    177.353     12.664    101.729     54.488    -84.351    -24.549
      2.450    177.408     12.580    101.704     54.364    -84.350    -24.614
      2.451    177.462     12.495    101.679     54.240    -84.348    -24.679
      2.452    177.516     12.411    101.655     54.115    -84.346    -24.744
      2.453    177.570     12.326    101.630     53.991    -84.344    -24.809
      2.454    177.624     12.242    101.605     53.867    -84.342    -24.874
      2.455    177.678     12.158    101.580     53.742    -84.340    -24.938
      2.456    177.732     12.073    101.555     53.618    -84.338    -25.003
      2.457    177.785     11.989    101.530     53.494    -84.336    -25.068
      2.458    177.839     11.905    101.505     53.369    -84.334    -25.132
      2.459    177.892     11.820    101.480     53.245    -84.331    -25.197
      2.460    177.945     11.736    101.455     53.121    -84.329    -25.261
      2.461    177.998     11.652    101.429     52.997    -84.327    -25.326
      2.462    178.051     11.567    101.404     52.873    -84.324    -25.390
      2.463    178.104     11.483    101.379     52.749    -84.322    -25.454
      2.464    178.157     11.399    101.353     52.624    -84.319    -25.518
      2.465    178.209     11.314    101.328     52.500    -84.316    -25.583
      2.466    178.262     11.230    101.302     52.376    -84.314    -25.647
      2.467    178.314     11.146    101.276     52.252    -84.311    -25.711
      2.468    178.366     11.062    101.251     52.128    -84.308    -25.775
      2.469    178.418     10.977    101.225     52.004    -84.305    -25.839
      2.470    178.470     10.893    101.199     51.880    -84.302    -25.903
      2.471    178.522     10.809    101.173     51.756    -84.299    -25.967
      2.472    178.574     10.724    101.147     51.632    -84.296    -26.031
      2.473    178.625     10.640    101.121     51.508    -84.293    -26.095
      2.474    178.677     10.556    101.095     51.384    -84.290    -26.158
      2.475    178.728     10.471    101.069     51.260    -84.286    -26.222
      2.476    178.779     10.387    101.042     51.136    -84.283    -26.286
      2.477    178.830     10.303    101.016     51.013    -84.280    -26.349
      2.478    178.881     10.219    100.990     50.889    -84.276    -26.413
      2.479    178.932     10.134    100.963     50.765    -84.273    -26.476
      2.480    178.983     10.050    100.937     50.641    -84.269    -26.540
      2.481    179.033      9.966    100.910     50.517    -84.266    -26.603
      2.482    179.084      9.882    100.883     50.394    -84.262    -26.667
      2.483    179.134      9.797    100.857     50.270    -84.258    -26.730
      2.484    179.184      9.713    100.830     50.146    -84.254    -26.793
      2.485    179.234      9.629    100.803     50.022    -84.250    -26.856
      2.486    179.284      9.545    100.776     49.899    -84.247    -26.920
      2.487    179.334      9.460    100.749     49.775    -84.243    -26.983
      2.488    179.384      9.376    100.722     49.651    -84.239    -27.046
      2.489    179.433      9.292    100.695     49.528    -84.234    -27.109
      2.490    179.483      9.208    100.668     49.404    -84.230    -27.172
      2.491    179.532      9.123    100.641     49.281    -84.226    -27.235
      2.492    179.582      9.039    100.614     49.157    -84.222    -27.298
      2.493    179.631      8.955    100.586     49.033    -84.217    -27.361
      2.494    179.680      8.871    100.559     48.910    -84.213    -27.423
      2.495    179.728      8.786    100.531     48.786    -84.209    -27.486
      2.496    179.777      8.702    100.504     48.663    -84.204    -27.549
      2.497    179.826      8.618    100.476     48.539    -84.200    -27.611
      2.498    179.874      8.534    100.449     48.416    -84.195    -27.674
      2.499    179.923      8.450    100.421     48.293    -84.190    -27.737
      2.500    179.971      8.366    100.393     48.169    -84.185    -27.799
      2.501    180.019      8.281    100.365     48.046    -84.181    -27.862
      2.502    180.067      8.197    100.338     47.922    -84.176    -27.924
      2.503    180.115      8.113    100.310     47.799    -84.171    -27.986
      2.504    180.162      8.029    100.282     47.676    -84.166    -28.049
      2.505    180.210      7.945    100.254     47.552    -84.161    -28.111
      2.506    180.258      7.860    100.225     47.429    -84.156    -28.173
      2.507    180.305      7.776    100.197     47.306    -84.151    -28.235
      2.508    180.352      7.692    100.169     47.182    -84.145    -28.297
      2.509    180.399      7.608    100.141     47.059    -84.140    -28.360
      2.510    180.446      7.524    100.112     46.936    -84.135    -28.422
      2.511    180.493      7.440    100.084     46.813    -84.129    -28.484
      2.512    180.540      7.356    100.055     46.690    -84.124    -28.546
      2.513    180.587      7.272    100.027     46.566    -84.118    -28.607
      2.514    180.633      7.187     99.998     46.443    -84.113    -28.669
      2.515    180.679      7.103     99.969     46.320    -84.107    -28.731
      2.516    180.726      7.019     99.941     46.197    -84.101    -28.793
      2.517    180.772      6.935     99.912     46.074    -84.096    -28.855
      2.518    180.818      6.851     99.883     45.951    -84.090    -28.916
      2.519    180.864      6.767     99.854     45.828    -84.084    -28.978
      2.520    180.910      6.683     99.825     45.705    -84.078    -29.039
      2.521    180.955      6.599     99.796     45.582    -84.072    -29.101
      2.522    181.001      6.515     99.767     45.459    -84.066    -29.162
      2.523    181.046      6.431     99.737     45.336    -84.060    -29.224
      2.524    181.091      6.347     99.708     45.213    -84.054    -29.285
      2.525    181.137      6.263     99.679     45.090    -84.048    -29.347
      2.526    181.182      6.178     99.650     44.967    -84.041    -29.408
      2.527    181.226      6.094     99.620     44.844    -84.035    -29.469
      2.528    181.271      6.010     99.591     44.721    -84.029    -29.530
      2.529    181.316      5.926     99.561     44.598    -84.022    -29.592
      2.530    181.360      5.842     99.531     44.475    -84.016    -29.653
      2.531    181.405      5.758     99.502     44.352    -84.009    -29.714
      2.532    181.449      5.674     99.472     44.229    -84.003    -29.775
      2.533    181.493      5.590     99.442     44.107    -83.996    -29.836
      2.534    181.537      5.506     99.412     43.984    -83.989    -29.897
      2.535    181.581      5.422     99.382     43.861    -83.983    -29.958
      2.536    181.625      5.338     99.352     43.738    -83.976    -30.018
      2.537    181.669      5.254     99.322     43.615    -83.969    -30.079
      2.538    181.712      5.170     99.292     43.493    -83.962    -30.140
      2.539    181.756      5.086     99.262     43.370    -83.955    -30.201
      2.540    181.799      5.003     99.232     43.247    -83.948    -30.261
      2.541    181.842      4.919     99.202     43.125    -83.941    -30.322
      2.542    181.885      4.835     99.171     43.002    -83.933    -30.383
      2.543    181.928      4.751     99.141     42.879    -83.926    -30.443
      2.544    181.971      4.667     99.110     42.757    -83.919    -30.504
      2.545    182.014      4.583     99.080     42.634    -83.912    -30.564
      2.546    182.056      4.499     99.049     42.511    -83.904    -30.624
      2.547    182.099      4.415     99.019     42.389    -83.897    -30.685
      2.548    182.141      4.331     98.988     42.266    -83.889    -30.745
      2.549    182.183      4.247     98.957     42.144    -83.882    -30.805
      2.550    182.225      4.163     98.926     42.021    -83.874    -30.865
      2.551    182.267      4.080     98.895     41.899    -83.866    -30.926
      2.552    182.309      3.996     98.864     41.776    -83.859    -30.986
      2.553    182.351      3.912     98.833     41.654    -83.851    -31.046
      2.554    182.392      3.828     98.802     41.531    -83.843    -31.106
      2.555    182.434      3.744     98.771     41.409    -83.835    -31.166
      2.556    182.475      3.660     98.740     41.286    -83.827    -31.226
      2.557    182.517      3.576     98.709     41.164    -83.819    -31.286
      2.558    182.558      3.493     98.677     41.042    -83.811    -31.346
      2.559    182.599      3.409     98.646     40.919    -83.803    -31.405
      2.560    182.639      3.325     98.615     40.797    -83.795    -31.465
      2.561    182.680      3.241     98.583     40.674    -83.786    -31.525
      2.562    182.721      3.157     98.551     40.552    -83.778    -31.585
      2.563    182.761      3.074     98.520     40.430    -83.770    -31.644
      2.564    182.802      2.990     98.488     40.308    -83.761    -31.704
      2.565    182.842      2.906     98.456     40.185    -83.753    -31.763
      2.566    182.882      2.822     98.425     40.063    -83.744    -31.823
      2.567    182.922      2.739     98.393     39.941    -83.736    -31.882
      2.568    182.962      2.655     98.361     39.818    -83.727    -31.942
      2.569    183.002      2.571     98.329     39.696    -83.718    -32.001
      2.570    183.041      2.488     98.297     39.574    -83.710    -32.060
      2.571    183.081      2.404     98.265     39.452    -83.701    -32.120
      2.572    183.120      2.320     98.233     39.330    -83.692    -32.179
      2.573    183.159      2.236     98.200     39.207    -83.683    -32.238
      2.574    183.199      2.153     98.168     39.085    -83.674    -32.297
      2.575    183.238      2.069     98.136     38.963    -83.665    -32.356
      2.576    183.277      1.985     98.103     38.841    -83.656    -32.416
      2.577    183.315      1.902     98.071     38.719    -83.647    -32.475
      2.578    183.354      1.818     98.039     38.597    -83.638    -32.534
      2.579    183.393      1.735     98.006     38.475    -83.628    -32.592
      2.580    183.431      1.651     97.973     38.353    -83.619    -32.651
      2.581    183.469      1.567     97.941     38.231    -83.610    -32.710
      2.582    183.507      1.484     97.908     38.109    -83.600    -32.769
      2.583    183.545      1.400     97.875     37.987    -83.591    -32.828
      2.584    183.583      1.316     97.842     37.865    -83.581    -32.887
      2.585    183.621      1.233     97.809     37.743    -83.572    -32.945
      2.586    183.659      1.149     97.776     37.621    -83.562    -33.004
      2.587    183.696      1.066     97.743     37.499    -83.552    -33.062
      2.588    183.734      0.982     97.710     37.377    -83.543    -33.121
      2.589    183.771      0.899     97.677     37.255    -83.533    -33.180
      2.590    183.808      0.815     97.644     37.133    -83.523    -33.238
      2.591    183.845      0.732     97.611     37.011    -83.513    -33.296
      2.592    183.882      0.648     97.577     36.889    -83.503    -33.355
      2.593    183.919      0.565     97.544     36.767    -83.493    -33.413
      2.594    183.956      0.481     97.510     36.646    -83.483    -33.471
      2.595    183.993      0.398     97.477     36.524    -83.473    -33.530
      2.596    184.029      0.314     97.443     36.402    -83.463    -33.588
      2.597    184.065      0.231     97.410     36.280    -83.453    -33.646
      2.598    184.102      0.147     97.376     36.158    -83.442    -33.704
      2.599    184.138      0.064     97.342     36.037    -83.432    -33.762
      2.600    184.174     -0.020     97.309     35.915    -83.422    -33.820
      2.601    184.209     -0.103     97.275     35.793    -83.411    -33.878
      2.602    184.245     -0.186     97.241     35.671    -83.401    -33.936
      2.603    184.281     -0.270     97.207     35.550    -83.390    -33.994
      2.604    184.316     -0.353     97.173     35.428    -83.379    -34.052
      2.605    184.352     -0.437     97.139     35.306    -83.369    -34.110
      2.606    184.387     -0.520     97.105     35.185    -83.358    -34.168
      2.607    184.422     -0.603     97.070     35.063    -83.347    -34.226
      2.608    184.457     -0.687     97.036     34.941    -83.336    -34.283
      2.609    184.492     -0.770     97.002     34.820    -83.326    -34.341
      2.610    184.527     -0.853     96.967     34.698    -83.315    -34.399
      2.611    184.561     -0.937     96.933     34.576    -83.304    -34.456
      2.612    184.596     -1.020     96.899     34.455    -83.293    -34.514
      2.613    184.630     -1.103     96.864     34.333    -83.281    -34.571
      2.614    184.665     -1.186     96.829     34.212    -83.270    -34.629
      2.615    184.699     -1.270     96.795     34.090    -83.259    -34.686
      2.616    184.733     -1.353     96.760     33.969    -83.248    -34.743
      2.617    184.767     -1.436     96.725     33.847    -83.237    -34.801
      2.618    184.800     -1.519     96.690     33.726    -83.225    -34.858
      2.619    184.834     -1.603     96.656     33.604    -83.214    -34.915
      2.620    184.868     -1.686     96.621     33.483    -83.202    -34.973
      2.621    184.901     -1.769     96.586     33.361    -83.191    -35.030
      2.622    184.934     -1.852     96.551     33.240    -83.179    -35.087
      2.623    184.967     -1.935     96.515     33.118    -83.168    -35.144
      2.624    185.001     -2.019     96.480     32.997    -83.156    -35.201
      2.625    185.033     -2.102     96.445     32.876    -83.144    -35.258
      2.626    185.066     -2.185     96.410     32.754    -83.132    -35.315
      2.627    185.099     -2.268     96.374     32.633    -83.120    -35.372
      2.628    185.132     -2.351     96.339     32.511    -83.109    -35.429
      2.629    185.164     -2.434     96.304     32.390    -83.097    -35.486
      2.630    185.196     -2.517     96.268     32.269    -83.085    -35.543
      2.631    185.229     -2.600     96.232     32.147    -83.073    -35.599
      2.632    185.261     -2.683     96.197     32.026    -83.060    -35.656
      2.633    185.293     -2.766     96.161     31.905    -83.048    -35.713
      2.634    185.324     -2.849     96.125     31.783    -83.036    -35.769
      2.635    185.356     -2.933     96.090     31.662    -83.024    -35.826
      2.636    185.388     -3.016     96.054     31.541    -83.011    -35.883
      2.637    185.419     -3.099     96.018     31.420    -82.999    -35.939
      2.638    185.451     -3.182     95.982     31.298    -82.987    -35.996
      2.639    185.482     -3.265     95.946     31.177    -82.974    -36.052
      2.640    185.513     -3.347     95.910     31.056    -82.962    -36.108
      2.641    185.544     -3.430     95.874     30.935    -82.949    -36.165
      2.642    185.575     -3.513     95.837     30.814    -82.936    -36.221
      2.643    185.606     -3.596     95.801     30.692    -82.924    -36.277
      2.644    185.636     -3.679     95.765     30.571    -82.911    -36.334
      2.645    185.667     -3.762     95.729     30.450    -82.898    -36.390
      2.646    185.697     -3.845     95.692     30.329    -82.885    -36.446
      2.647    185.727     -3.928     95.656     30.208    -82.872    -36.502
      2.648    185.758     -4.011     95.619     30.087    -82.859    -36.558
      2.649    185.788     -4.094     95.583     29.966    -82.846    -36.614
      2.650    185.817     -4.176     95.546     29.844    -82.833    -36.670
      2.651    185.847     -4.259     95.509     29.723    -82.820    -36.726
      2.652    185.877     -4.342     95.472     29.602    -82.807    -36.782
      2.653    185.906     -4.425     95.436     29.481    -82.794    -36.838
      2.654    185.936     -4.508     95.399     29.360    -82.781    -36.894
      2.655    185.965     -4.590     95.362     29.239    -82.767    -36.950
      2.656    185.994     -4.673     95.325     29.118    -82.754    -37.005
      2.657    186.023     -4.756     95.288     28.997    -82.741    -37.061
      2.658    186.052     -4.839     95.251     28.876    -82.727    -37.117
      2.659    186.081     -4.921     95.214     28.755    -82.713    -37.172
      2.660    186.110     -5.004     95.176     28.634    -82.700    -37.228
      2.661    186.138     -5.087     95.139     28.513    -82.686    -37.284
      2.662    186.167     -5.170     95.102     28.392    -82.673    -37.339
      2.663    186.195     -5.252     95.064     28.271    -82.659    -37.395
      2.664    186.223     -5.335     95.027     28.150    -82.645    -37.450
      2.665    186.252     -5.417     94.990     28.029    -82.631    -37.506
      2.666    186.279     -5.500     94.952     27.909    -82.617    -37.561
      2.667    186.307     -5.583     94.914     27.788    -82.603    -37.616
      2.668    186.335     -5.665     94.877     27.667    -82.589    -37.672
      2.669    186.363     -5.748     94.839     27.546    -82.575    -37.727
      2.670    186.390     -5.830     94.801     27.425    -82.561    -37.782
      2.671    186.418     -5.913     94.764     27.304    -82.547    -37.837
      2.672    186.445     -5.996     94.726     27.183    -82.533    -37.892
      2.673    186.472     -6.078     94.688     27.063    -82.519    -37.947
      2.674    186.499     -6.161     94.650     26.942    -82.504    -38.003
      2.675    186.526     -6.243     94.612     26.821    -82.490    -38.058
      2.676    186.553     -6.326     94.574     26.700    -82.475    -38.113
      2.677    186.579     -6.408     94.536     26.579    -82.461    -38.167
      2.678    186.606     -6.490     94.497     26.459    -82.446    -38.222
      2.679    186.632     -6.573     94.459     26.338    -82.432    -38.277
      2.680    186.658     -6.655     94.421     26.217    -82.417    -38.332
      2.681    186.685     -6.738     94.382     26.096    -82.403    -38.387
      2.682    186.711     -6.820     94.344     25.976    -82.388    -38.442
      2.683    186.736     -6.903     94.306     25.855    -82.373    -38.496
      2.684    186.762     -6.985     94.267     25.734    -82.358    -38.551
      2.685    186.788     -7.067     94.228     25.614    -82.343    -38.606
      2.686    186.813     -7.150     94.190     25.493    -82.328    -38.660
      2.687    186.839     -7.232     94.151     25.372    -82.314    -38.715
      2.688    186.864     -7.314     94.112     25.251    -82.298    -38.769
      2.689    186.889     -7.397     94.074     25.131    -82.283    -38.824
      2.690    186.914     -7.479     94.035     25.010    -82.268    -38.878
      2.691    186.939     -7.561     93.996     24.890    -82.253    -38.933
      2.692    186.964     -7.643     93.957     24.769    -82.238    -38.987
      2.693    186.989     -7.726     93.918     24.648    -82.223    -39.041
      2.694    187.014     -7.808     93.879     24.528    -82.207    -39.096
      2.695    187.038     -7.890     93.840     24.407    -82.192    -39.150
      2.696    187.062     -7.972     93.800     24.287    -82.176    -39.204
      2.697    187.087     -8.054     93.761     24.166    -82.161    -39.258
      2.698    187.111     -8.136     93.722     24.045    -82.145    -39.313
      2.699    187.135     -8.219     93.683     23.925    -82.130    -39.367
      2.700    187.159     -8.301     93.643     23.804    -82.114    -39.421
      2.701    187.182     -8.383     93.604     23.684    -82.098    -39.475
      2.702    187.206     -8.465     93.564     23.563    -82.083    -39.529
      2.703    187.229     -8.547     93.525     23.443    -82.067    -39.583
      2.704    187.253     -8.629     93.485     23.322    -82.051    -39.637
      2.705    187.276     -8.711     93.445     23.202    -82.035    -39.691
      2.706    187.299     -8.793     93.406     23.081    -82.019    -39.744
      2.707    187.322     -8.875     93.366     22.961    -82.003    -39.798
      2.708    187.345     -8.957     93.326     22.840    -81.987    -39.852
      2.709    187.368     -9.039     93.286     22.720    -81.971    -39.906
      2.710    187.391     -9.121     93.246     22.599    -81.955    -39.959
      2.711    187.413     -9.203     93.206     22.479    -81.939    -40.013
      2.712    187.436     -9.285     93.166     22.359    -81.922    -40.067
      2.713    187.458     -9.367     93.126     22.238    -81.906    -40.120
      2.714    187.480     -9.449     93.086     22.118    -81.890    -40.174
      2.715    187.502     -9.531     93.046     21.997    -81.873    -40.227
      2.716    187.524     -9.612     93.006     21.877    -81.857    -40.281
      2.717    187.546     -9.694     92.965     21.756    -81.840    -40.334
      2.718    187.568     -9.776     92.925     21.636    -81.824    -40.388
      2.719    187.589     -9.858     92.885     21.516    -81.807    -40.441
      2.720    187.611     -9.940     92.844     21.395    -81.790    -40.494
      2.721    187.632    -10.022     92.804     21.275    -81.774    -40.548
      2.722    187.653    -10.103     92.763     21.155    -81.757    -40.601
      2.723    187.674    -10.185     92.722     21.034    -81.740    -40.654
      2.724    187.695    -10.267     92.682     20.914    -81.723    -40.707
      2.725    187.716    -10.349     92.641     20.794    -81.706    -40.761
      2.726    187.737    -10.430     92.600     20.673    -81.689    -40.814
      2.727    187.757    -10.512     92.559     20.553    -81.672    -40.867
      2.728    187.778    -10.594     92.518     20.433    -81.655    -40.920
      2.729    187.798    -10.675     92.477     20.313    -81.638    -40.973
      2.730    187.818    -10.757     92.436     20.192    -81.621    -41.026
      2.731    187.839    -10.838     92.395     20.072    -81.604    -41.079
      2.732    187.859    -10.920     92.354     19.952    -81.587    -41.132
      2.733    187.879    -11.002     92.313     19.832    -81.569    -41.184
      2.734    187.898    -11.083     92.272     19.711    -81.552    -41.237
      2.735    187.918    -11.165     92.231     19.591    -81.534    -41.290
      2.736    187.937    -11.246     92.189     19.471    -81.517    -41.343
      2.737    187.957    -11.328     92.148     19.351    -81.499    -41.395
      2.738    187.976    -11.409     92.107     19.230    -81.482    -41.448
      2.739    187.995    -11.491     92.065     19.110    -81.464    -41.501
      2.740    188.014    -11.572     92.024     18.990    -81.447    -41.553
      2.741    188.033    -11.654     91.982     18.870    -81.429    -41.606
      2.742    188.052    -11.735     91.940     18.750    -81.411    -41.659
      2.743    188.071    -11.816     91.899     18.629    -81.393    -41.711
      2.744    188.089    -11.898     91.857     18.509    -81.375    -41.763
      2.745    188.108    -11.979     91.815     18.389    -81.358    -41.816
      2.746    188.126    -12.061     91.773     18.269    -81.340    -41.868
      2.747    188.144    -12.142     91.731     18.149    -81.322    -41.921
      2.748    188.162    -12.223     91.689     18.029    -81.303    -41.973
      2.749    188.180    -12.304     91.647     17.909    -81.285    -42.025
      2.750    188.198    -12.386     91.605     17.788    -81.267    -42.078
      2.751    188.216    -12.467     91.563     17.668    -81.249    -42.130
      2.752    188.234    -12.548     91.521     17.548    -81.231    -42.182
      2.753    188.251    -12.629     91.479     17.428    -81.212    -42.234
      2.754    188.268    -12.711     91.437     17.308    -81.194    -42.286
      2.755    188.286    -12.792     91.394     17.188    -81.176    -42.338
      2.756    188.303    -12.873     91.352     17.068    -81.157    -42.390
      2.757    188.320    -12.954     91.310     16.948    -81.139    -42.442
      2.758    188.337    -13.035     91.267     16.828    -81.120    -42.494
      2.759    188.354    -13.116     91.225     16.708    -81.101    -42.546
      2.760    188.370    -13.198     91.182     16.588    -81.083    -42.598
      2.761    188.387    -13.279     91.139     16.468    -81.064    -42.650
      2.762    188.403    -13.360     91.097     16.348    -81.045    -42.702
      2.763    188.419    -13.441     91.054     16.228    -81.026    -42.754
      2.764    188.436    -13.522     91.011     16.108    -81.008    -42.805
      2.765    188.452    -13.603     90.968     15.988    -80.989    -42.857
      2.766    188.468    -13.684     90.925     15.868    -80.970    -42.909
      2.767    188.483    -13.765     90.883     15.748    -80.951    -42.960
      2.768    188.499    -13.846     90.840     15.628    -80.932    -43.012
      2.769    188.515    -13.926     90.797     15.508    -80.913    -43.064
      2.770    188.530    -14.007     90.753     15.388    -80.893    -43.115
      2.771    188.545    -14.088     90.710     15.268    -80.874    -43.167
      2.772    188.561    -14.169     90.667     15.148    -80.855    -43.218
      2.773    188.576    -14.250     90.624     15.028    -80.836    -43.270
      2.774    188.591    -14.331     90.581     14.908    -80.816    -43.321
      2.775    188.605    -14.412     90.537     14.788    -80.797    -43.372
      2.776    188.620    -14.492     90.494     14.668    -80.777    -43.424
      2.777    188.635    -14.573     90.450     14.548    -80.758    -43.475
      2.778    188.649    -14.654     90.407     14.428    -80.738    -43.526
      2.779    188.664    -14.735     90.363     14.308    -80.719    -43.578
      2.780    188.678    -14.815     90.320     14.188    -80.699    -43.629
      2.781    188.692    -14.896     90.276     14.068    -80.679    -43.680
      2.782    188.706    -14.977     90.232     13.948    -80.660    -43.731
      2.783    188.720    -15.057     90.189     13.828    -80.640    -43.782
      2.784    188.734    -15.138     90.145     13.708    -80.620    -43.833
      2.785    188.747    -15.219     90.101     13.589    -80.600    -43.884
      2.786    188.761    -15.299     90.057     13.469    -80.580    -43.935
      2.787    188.774    -15.380     90.013     13.349    -80.560    -43.986
      2.788    188.788    -15.460     89.969     13.229    -80.540    -44.037
      2.789    188.801    -15.541     89.925     13.109    -80.520    -44.088
      2.790    188.814    -15.621     89.881     12.989    -80.500    -44.139
      2.791    188.827    -15.702     89.837     12.869    -80.480    -44.190
      2.792    188.840    -15.782     89.792     12.749    -80.459    -44.240
      2.793    188.852    -15.863     89.748     12.630    -80.439    -44.291
      2.794    188.865    -15.943     89.704     12.510    -80.419    -44.342
      2.795    188.877    -16.024     89.660     12.390    -80.398    -44.393
      2.796    188.890    -16.104     89.615     12.270    -80.378    -44.443
      2.797    188.902    -16.184     89.571     12.150    -80.357    -44.494
      2.798    188.914    -16.265     89.526     12.030    -80.337    -44.545
      2.799    188.926    -16.345     89.482     11.911    -80.316    -44.595
      2.800    188.938    -16.425     89.437     11.791    -80.296    -44.646
      2.801    188.949    -16.506     89.392     11.671    -80.275    -44.696
      2.802    188.961    -16.586     89.348     11.551    -80.254    -44.747
      2.803    188.973    -16.666     89.303     11.431    -80.233    -44.797
      2.804    188.984    -16.746     89.258     11.312    -80.213    -44.847
      2.805    188.995    -16.827     89.213     11.192    -80.192    -44.898
      2.806    189.006    -16.907     89.168     11.072    -80.171    -44.948
      2.807    189.017    -16.987     89.123     10.952    -80.150    -44.998
      2.808    189.028    -17.067     89.078     10.832    -80.129    -45.049
      2.809    189.039    -17.147     89.033     10.713    -80.108    -45.099
      2.810    189.050    -17.227     88.988     10.593    -80.086    -45.149
      2.811    189.060    -17.307     88.943     10.473    -80.065    -45.199
      2.812    189.071    -17.387     88.898     10.353    -80.044    -45.249
      2.813    189.081    -17.467     88.852     10.234    -80.023    -45.299
      2.814    189.091    -17.547     88.807     10.114    -80.001    -45.349
      2.815    189.101    -17.627     88.762      9.994    -79.980    -45.399
      2.816    189.111    -17.707     88.716      9.874    -79.959    -45.449
      2.817    189.121    -17.787     88.671      9.755    -79.937    -45.499
      2.818    189.131    -17.867     88.625      9.635    -79.916    -45.549
      2.819    189.140    -17.947     88.580      9.515    -79.894    -45.599
      2.820    189.150    -18.027     88.534      9.395    -79.873    -45.649
      2.821    189.159    -18.107     88.488      9.276    -79.851    -45.699
      2.822    189.168    -18.187     88.443      9.156    -79.829    -45.749
      2.823    189.177    -18.267     88.397      9.036    -79.807    -45.798
      2.824    189.186    -18.346     88.351      8.916    -79.786    -45.848
      2.825    189.195    -18.426     88.305      8.797    -79.764    -45.898
      2.826    189.204    -18.506     88.259      8.677    -79.742    -45.948
      2.827    189.212    -18.586     88.213      8.557    -79.720    -45.997
      2.828    189.221    -18.665     88.167      8.438    -79.698    -46.047
      2.829    189.229    -18.745     88.121      8.318    -79.676    -46.096
      2.830    189.238    -18.825     88.075      8.198    -79.654    -46.146
      2.831    189.246    -18.904     88.029      8.079    -79.631    -46.195
      2.832    189.254    -18.984     87.983      7.959    -79.609    -46.245
      2.833    189.262    -19.064     87.936      7.839    -79.587    -46.294
      2.834    189.269    -19.143     87.890      7.719    -79.565    -46.344
      2.835    189.277    -19.223     87.844      7.600    -79.542    -46.393
      2.836    189.285    -19.302     87.797      7.480    -79.520    -46.442
      2.837    189.292    -19.382     87.751      7.360    -79.498    -46.492
      2.838    189.299    -19.461     87.704      7.241    -79.475    -46.541
      2.839    189.306    -19.541     87.658      7.121    -79.453    -46.590
      2.840    189.314    -19.620     87.611      7.001    -79.430    -46.639
      2.841    189.320    -19.700     87.564      6.882    -79.407    -46.689
      2.842    189.327    -19.779     87.518      6.762    -79.385    -46.738
      2.843    189.334    -19.858     87.471      6.642    -79.362    -46.787
      2.844    189.341    -19.938     87.424      6.523    -79.339    -46.836
      2.845    189.347    -20.017     87.377      6.403    -79.316    -46.885
      2.846    189.353    -20.096     87.330      6.283    -79.293    -46.934
      2.847    189.360    -20.176     87.283      6.164    -79.270    -46.983
      2.848    189.366    -20.255     87.236      6.044    -79.247    -47.032
      2.849    189.372    -20.334     87.189      5.924    -79.224    -47.081
      2.850    189.378    -20.413     87.142      5.805    -79.201    -47.130
      2.851    189.383    -20.492     87.095      5.685    -79.178    -47.179
      2.852    189.389    -20.572     87.048      5.565    -79.155    -47.227
      2.853    189.394    -20.651     87.001      5.446    -79.132    -47.276
      2.854    189.400    -20.730     86.953      5.326    -79.109    -47.325
      2.855    189.405    -20.809     86.906      5.207    -79.085    -47.374
      2.856    189.410    -20.888     86.859      5.087    -79.062    -47.422
      2.857    189.415    -20.967     86.811      4.967    -79.038    -47.471
      2.858    189.420    -21.046     86.764      4.848    -79.015    -47.520
      2.859    189.425    -21.125     86.716      4.728    -78.991    -47.568
      2.860    189.430    -21.204     86.668      4.608    -78.968    -47.617
      2.861    189.434    -21.283     86.621      4.489    -78.944    -47.665
      2.862    189.439    -21.362     86.573      4.369    -78.921    -47.714
      2.863    189.443    -21.441     86.525      4.249    -78.897    -47.762
      2.864    189.447    -21.520     86.478      4.130    -78.873    -47.811
      2.865    189.451    -21.599     86.430      4.010    -78.849    -47.859
      2.866    189.455    -21.677     86.382      3.891    -78.825    -47.908
      2.867    189.459    -21.756     86.334      3.771    -78.802    -47.956
      2.868    189.463    -21.835     86.286      3.651    -78.778    -48.004
      2.869    189.466    -21.914     86.238      3.532    -78.754    -48.053
      2.870    189.470    -21.993     86.190      3.412    -78.730    -48.101
      2.871    189.473    -22.071     86.142      3.292    -78.705    -48.149
      2.872    189.476    -22.150     86.094      3.173    -78.681    -48.197
      2.873    189.479    -22.229     86.045      3.053    -78.657    -48.245
      2.874    189.482    -22.307     85.997      2.934    -78.633    -48.294
      2.875    189.485    -22.386     85.949      2.814    -78.609    -48.342
      2.876    189.488    -22.465     85.900      2.694    -78.584    -48.390
      2.877    189.491    -22.543     85.852      2.575    -78.560    -48.438
      2.878    189.493    -22.622     85.804      2.455    -78.535    -48.486
      2.879    189.496    -22.700     85.755      2.336    -78.511    -48.534
      2.880    189.498    -22.779     85.706      2.216    -78.486    -48.582
      2.881    189.500    -22.857     85.658      2.096    -78.462    -48.630
      2.882    189.502    -22.936     85.609      1.977    -78.437    -48.678
      2.883    189.504    -23.014     85.561      1.857    -78.413    -48.725
      2.884    189.506    -23.092     85.512      1.737    -78.388    -48.773
      2.885    189.507    -23.171     85.463      1.618    -78.363    -48.821
      2.886    189.509    -23.249     85.414      1.498    -78.338    -48.869
      2.887    189.510    -23.327     85.365      1.379    -78.313    -48.917
      2.888    189.512    -23.406     85.316      1.259    -78.288    -48.964
      2.889    189.513    -23.484     85.267      1.139    -78.263    -49.012
      2.890    189.514    -23.562     85.218      1.020    -78.238    -49.060
      2.891    189.515    -23.641     85.169      0.900    -78.213    -49.107
      2.892    189.516    -23.719     85.120      0.780    -78.188    -49.155
      2.893    189.517    -23.797     85.071      0.661    -78.163    -49.202
      2.894    189.517    -23.875     85.022      0.541    -78.138    -49.250
      2.895    189.518    -23.953     84.972      0.422    -78.113    -49.297
      2.896    189.518    -24.031     84.923      0.302    -78.087    -49.345
      2.897    189.518    -24.109     84.874      0.182    -78.062    -49.392
      2.898    189.518    -24.187     84.824      0.063    -78.037    -49.440
      2.899    189.518    -24.265     84.775     -0.057    -78.011    -49.487
      2.900    189.518    -24.343     84.725     -0.176    -77.986    -49.534
      2.901    189.518    -24.421     84.676     -0.296    -77.960    -49.582
      2.902    189.518    -24.499     84.626     -0.416    -77.934    -49.629
      2.903    189.517    -24.577     84.576     -0.535    -77.909    -49.676
      2.904    189.517    -24.655     84.527     -0.655    -77.883    -49.723
      2.905    189.516    -24.733     84.477     -0.775    -77.857    -49.771
      2.906    189.515    -24.811     84.427     -0.894    -77.832    -49.818
      2.907    189.514    -24.889     84.377     -1.014    -77.806    -49.865
      2.908    189.513    -24.967     84.328     -1.134    -77.780    -49.912
      2.909    189.512    -25.044     84.278     -1.253    -77.754    -49.959
      2.910    189.511    -25.122     84.228     -1.373    -77.728    -50.006
      2.911    189.509    -25.200     84.178     -1.492    -77.702    -50.053
      2.912    189.508    -25.277     84.127     -1.612    -77.676    -50.100
      2.913    189.506    -25.355     84.077     -1.732    -77.650    -50.147
      2.914    189.504    -25.433     84.027     -1.851    -77.623    -50.194
      2.915    189.502    -25.510     83.977     -1.971    -77.597    -50.241
      2.916    189.500    -25.588     83.927     -2.091    -77.571    -50.288
      2.917    189.498    -25.665     83.876     -2.210    -77.545    -50.335
      2.918    189.496    -25.743     83.826     -2.330    -77.518    -50.381
      2.919    189.493    -25.821     83.776     -2.450    -77.492    -50.428
      2.920    189.491    -25.898     83.725     -2.569    -77.465    -50.475
      2.921    189.488    -25.975     83.675     -2.689    -77.439    -50.522
      2.922    189.485    -26.053     83.624     -2.809    -77.412    -50.568
      2.923    189.483    -26.130     83.574     -2.928    -77.386    -50.615
      2.924    189.480    -26.208     83.523     -3.048    -77.359    -50.662
      2.925    189.476    -26.285     83.472     -3.168    -77.332    -50.708
      2.926    189.473    -26.362     83.421     -3.287    -77.306    -50.755
      2.927    189.470    -26.440     83.371     -3.407    -77.279    -50.801
      2.928    189.466    -26.517     83.320     -3.527    -77.252    -50.848
      2.929    189.463    -26.594     83.269     -3.646    -77.225    -50.894
      2.930    189.459    -26.671     83.218     -3.766    -77.198    -50.941
      2.931    189.455    -26.748     83.167     -3.886    -77.171    -50.987
      2.932    189.451    -26.826     83.116     -4.005    -77.144    -51.033
      2.933    189.447    -26.903     83.065     -4.125    -77.117    -51.080
      2.934    189.443    -26.980     83.014     -4.245    -77.090    -51.126
      2.935    189.439    -27.057     82.963     -4.364    -77.062    -51.172
      2.936    189.434    -27.134     82.912     -4.484    -77.035    -51.219
      2.937    189.430    -27.211     82.860     -4.604    -77.008    -51.265
      2.938    189.425    -27.288     82.809     -4.724    -76.981    -51.311
      2.939    189.420    -27.365     82.758     -4.843    -76.953    -51.357
      2.940    189.416    -27.442     82.706     -4.963    -76.926    -51.404
      2.941    189.410    -27.519     82.655     -5.083    -76.898    -51.450
      2.942    189.405    -27.596     82.603     -5.202    -76.871    -51.496
      2.943    189.400    -27.673     82.552     -5.322    -76.843    -51.542
      2.944    189.395    -27.749     82.500     -5.442    -76.815    -51.588
      2.945    189.389    -27.826     82.449     -5.562    -76.788    -51.634
      2.946    189.384    -27.903     82.397     -5.681    -76.760    -51.680
      2.947    189.378    -27.980     82.345     -5.801    -76.732    -51.726
      2.948    189.372    -28.056     82.294     -5.921    -76.704    -51.772
      2.949    189.366    -28.133     82.242     -6.041    -76.677    -51.818
      2.950    189.360    -28.210     82.190     -6.160    -76.649    -51.864
      2.951    189.354    -28.286     82.138     -6.280    -76.621    -51.909
      2.952    189.347    -28.363     82.086     -6.400    -76.593    -51.955
      2.953    189.341    -28.440     82.034     -6.520    -76.565    -52.001
      2.954    189.334    -28.516     81.982     -6.639    -76.536    -52.047
      2.955    189.328    -28.593     81.930     -6.759    -76.508    -52.092
      2.956    189.321    -28.669     81.878     -6.879    -76.480    -52.138
      2.957    189.314    -28.746     81.826     -6.999    -76.452    -52.184
      2.958    189.307    -28.822     81.774     -7.119    -76.423    -52.229
      2.959    189.300    -28.899     81.721     -7.238    -76.395    -52.275
      2.960    189.292    -28.975     81.669     -7.358    -76.367    -52.321
      2.961    189.285    -29.051     81.617     -7.478    -76.338    -52.366
      2.962    189.277    -29.128     81.564     -7.598    -76.310    -52.412
      2.963    189.270    -29.204     81.512     -7.718    -76.281    -52.457
      2.964    189.262    -29.280     81.459     -7.837    -76.253    -52.503
      2.965    189.254    -29.356     81.407     -7.957    -76.224    -52.548
      2.966    189.246    -29.433     81.354     -8.077    -76.195    -52.594
      2.967    189.238    -29.509     81.302     -8.197    -76.166    -52.639
      2.968    189.230    -29.585     81.249     -8.317    -76.138    -52.684
      2.969    189.221    -29.661     81.196     -8.436    -76.109    -52.730
      2.970    189.213    -29.737     81.144     -8.556    -76.080    -52.775
      2.971    189.204    -29.813     81.091     -8.676    -76.051    -52.820
      2.972    189.195    -29.889     81.038     -8.796    -76.022    -52.865
      2.973    189.187    -29.965     80.985     -8.916    -75.993    -52.911
      2.974    189.178    -30.041     80.932     -9.036    -75.964    -52.956
      2.975    189.168    -30.117     80.879     -9.156    -75.935    -53.001
      2.976    189.159    -30.193     80.826     -9.276    -75.905    -53.046
      2.977    189.150    -30.269     80.773     -9.395    -75.876    -53.091
      2.978    189.140    -30.345     80.720     -9.515    -75.847    -53.136
      2.979    189.131    -30.421     80.667     -9.635    -75.817    -53.181
      2.980    189.121    -30.496     80.614     -9.755    -75.788    -53.226
      2.981    189.111    -30.572     80.560     -9.875    -75.759    -53.271
      2.982    189.101    -30.648     80.507     -9.995    -75.729    -53.316
      2.983    189.091    -30.724     80.454    -10.115    -75.700    -53.361
      2.984    189.081    -30.799     80.400    -10.235    -75.670    -53.406
      2.985    189.071    -30.875     80.347    -10.355    -75.640    -53.451
      2.986    189.060    -30.951     80.293    -10.475    -75.611    -53.496
      2.987    189.050    -31.026     80.240    -10.595    -75.581    -53.541
      2.988    189.039    -31.102     80.186    -10.715    -75.551    -53.586
      2.989    189.029    -31.177     80.133    -10.835    -75.521    -53.630
      2.990    189.018    -31.253     80.079    -10.954    -75.491    -53.675
      2.991    189.007    -31.328     80.025    -11.074    -75.462    -53.720
      2.992    188.995    -31.404     79.972    -11.194    -75.432    -53.765
      2.993    188.984    -31.479     79.918    -11.314    -75.401    -53.809
      2.994    188.973    -31.555     79.864    -11.434    -75.371    -53.854
      2.995    188.961    -31.630     79.810    -11.554    -75.341    -53.898
      2.996    188.950    -31.705     79.756    -11.674    -75.311    -53.943
      2.997    188.938    -31.781     79.702    -11.794    -75.281    -53.988
      2.998    188.926    -31.856     79.648    -11.914    -75.251    -54.032
      2.999    188.914    -31.931     79.594    -12.035    -75.220    -54.077
      3.000    188.902    -32.006     79.540    -12.155    -75.190    -54.121
      3.001    188.890    -32.081     79.486    -12.275    -75.159    -54.165
      3.002    188.878    -32.157     79.432    -12.395    -75.129    -54.210
      3.003    188.865    -32.232     79.378    -12.515    -75.098    -54.254
      3.004    188.852    -32.307     79.323    -12.635    -75.068    -54.299
      3.005    188.840    -32.382     79.269    -12.755    -75.037    -54.343
      3.006    188.827    -32.457     79.215    -12.875    -75.007    -54.387
      3.007    188.814    -32.532     79.160    -12.995    -74.976    -54.432
      3.008    188.801    -32.607     79.106    -13.115    -74.945    -54.476
      3.009    188.788    -32.682     79.051    -13.235    -74.914    -54.520
      3.010    188.775    -32.757     78.997    -13.355    -74.883    -54.564
      3.011    188.761    -32.832     78.942    -13.475    -74.852    -54.608
      3.012    188.748    -32.906     78.887    -13.596    -74.821    -54.653
      3.013    188.734    -32.981     78.833    -13.716    -74.790    -54.697
      3.014    188.720    -33.056     78.778    -13.836    -74.759    -54.741
      3.015    188.706    -33.131     78.723    -13.956    -74.728    -54.785
      3.016    188.692    -33.205     78.669    -14.076    -74.697    -54.829
      3.017    188.678    -33.280     78.614    -14.196    -74.666    -54.873
      3.018    188.664    -33.355     78.559    -14.317    -74.635    -54.917
      3.019    188.649    -33.429     78.504    -14.437    -74.603    -54.961
      3.020    188.635    -33.504     78.449    -14.557    -74.572    -55.005
      3.021    188.620    -33.578     78.394    -14.677    -74.541    -55.049
      3.022    188.606    -33.653     78.339    -14.797    -74.509    -55.092
      3.023    188.591    -33.728     78.284    -14.918    -74.478    -55.136
      3.024    188.576    -33.802     78.228    -15.038    -74.446    -55.180
      3.025    188.561    -33.876     78.173    -15.158    -74.414    -55.224
      3.026    188.545    -33.951     78.118    -15.278    -74.383    -55.268
      3.027    188.530    -34.025     78.063    -15.399    -74.351    -55.311
      3.028    188.515    -34.099     78.007    -15.519    -74.319    -55.355
      3.029    188.499    -34.174     77.952    -15.639    -74.287    -55.399
      3.030    188.483    -34.248     77.897    -15.759    -74.255    -55.443
      3.031    188.468    -34.322     77.841    -15.880    -74.224    -55.486
      3.032    188.452    -34.397     77.786    -16.000    -74.192    -55.530
      3.033    188.436    -34.471     77.730    -16.120    -74.160    -55.573
      3.034    188.419    -34.545     77.675    -16.241    -74.128    -55.617
      3.035    188.403    -34.619     77.619    -16.361    -74.095    -55.660
      3.036    188.387    -34.693     77.563    -16.481    -74.063    -55.704
      3.037    188.370    -34.767     77.507    -16.602    -74.031    -55.747
      3.038    188.353    -34.841     77.452    -16.722    -73.999    -55.791
      3.039    188.337    -34.915     77.396    -16.843    -73.966    -55.834
      3.040    188.320    -34.989     77.340    -16.963    -73.934    -55.878
      3.041    188.303    -35.063     77.284    -17.083    -73.902    -55.921
      3.042    188.286    -35.137     77.228    -17.204    -73.869    -55.964
      3.043    188.268    -35.211     77.172    -17.324    -73.837    -56.008
      3.044    188.251    -35.285     77.116    -17.445    -73.804    -56.051
      3.045    188.233    -35.358     77.060    -17.565    -73.771    -56.094
      3.046    188.216    -35.432     77.004    -17.685    -73.739    -56.137
      3.047    188.198    -35.506     76.948    -17.806    -73.706    -56.181
      3.048    188.180    -35.579     76.892    -17.926    -73.673    -56.224
      3.049    188.162    -35.653     76.835    -18.047    -73.640    -56.267
      3.050    188.144    -35.727     76.779    -18.167    -73.608    -56.310
      3.051    188.126    -35.800     76.723    -18.288    -73.575    -56.353
      3.052    188.108    -35.874     76.666    -18.408    -73.542    -56.396
      3.053    188.089    -35.947     76.610    -18.529    -73.509    -56.439
      3.054    188.070    -36.021     76.553    -18.649    -73.476    -56.482
      3.055    188.052    -36.094     76.497    -18.770    -73.443    -56.525
      3.056    188.033    -36.168     76.440    -18.891    -73.409    -56.568
      3.057    188.014    -36.241     76.384    -19.011    -73.376    -56.611
      3.058    187.995    -36.315     76.327    -19.132    -73.343    -56.654
      3.059    187.976    -36.388     76.271    -19.252    -73.310    -56.697
      3.060    187.956    -36.461     76.214    -19.373    -73.276    -56.740
      3.061    187.937    -36.534     76.157    -19.494    -73.243    -56.783
      3.062    187.917    -36.608     76.100    -19.614    -73.209    -56.826
      3.063    187.898    -36.681     76.043    -19.735    -73.176    -56.868
      3.064    187.878    -36.754     75.987    -19.856    -73.142    -56.911
      3.065    187.858    -36.827     75.930    -19.976    -73.108    -56.954
      3.066    187.838    -36.900     75.873    -20.097    -73.075    -56.997
      3.067    187.818    -36.973     75.816    -20.218    -73.041    -57.039
      3.068    187.798    -37.046     75.759    -20.338    -73.007    -57.082
      3.069    187.777    -37.119     75.701    -20.459    -72.973    -57.125
      3.070    187.757    -37.192     75.644    -20.580    -72.940    -57.167
      3.071    187.736    -37.265     75.587    -20.700    -72.906    -57.210
      3.072    187.715    -37.338     75.530    -20.821    -72.872    -57.252
      3.073    187.694    -37.411     75.473    -20.942    -72.838    -57.295
      3.074    187.673    -37.484     75.415    -21.063    -72.804    -57.338
      3.075    187.652    -37.557     75.358    -21.184    -72.769    -57.380
      3.076    187.631    -37.629     75.301    -21.304    -72.735    -57.422
      3.077    187.610    -37.702     75.243    -21.425    -72.701    -57.465
      3.078    187.588    -37.775     75.186    -21.546    -72.667    -57.507
      3.079    187.567    -37.847     75.128    -21.667    -72.632    -57.550
      3.080    187.545    -37.920     75.070    -21.788    -72.598    -57.592
      3.081    187.523    -37.993     75.013    -21.909    -72.563    -57.634
      3.082    187.501    -38.065     74.955    -22.029    -72.529    -57.677
      3.083    187.479    -38.138     74.898    -22.150    -72.494    -57.719
      3.084    187.457    -38.210     74.840    -22.271    -72.460    -57.761
      3.085    187.434    -38.282     74.782    -22.392    -72.425    -57.803
      3.086    187.412    -38.355     74.724    -22.513    -72.390    -57.846
      3.087    187.389    -38.427     74.666    -22.634    -72.356    -57.888
      3.088    187.367    -38.500     74.608    -22.755    -72.321    -57.930
      3.089    187.344    -38.572     74.550    -22.876    -72.286    -57.972
      3.090    187.321    -38.644     74.492    -22.997    -72.251    -58.014
      3.091    187.298    -38.716     74.434    -23.118    -72.216    -58.056
      3.092    187.275    -38.789     74.376    -23.239    -72.181    -58.098
      3.093    187.251    -38.861     74.318    -23.360    -72.146    -58.140
      3.094    187.228    -38.933     74.260    -23.481    -72.111    -58.182
      3.095    187.204    -39.005     74.202    -23.602    -72.076    -58.224
      3.096    187.181    -39.077     74.144    -23.723    -72.041    -58.266
      3.097    187.157    -39.149     74.085    -23.844    -72.005    -58.308
      3.098    187.133    -39.221     74.027    -23.965    -71.970    -58.350
      3.099    187.109    -39.293     73.969    -24.087    -71.935    -58.392
      3.100    187.085    -39.365     73.910    -24.208    -71.899    -58.434
      3.101    187.061    -39.437     73.852    -24.329    -71.864    -58.476
      3.102    187.036    -39.509     73.793    -24.450    -71.828    -58.517
      3.103    187.012    -39.580     73.735    -24.571    -71.792    -58.559
      3.104    186.987    -39.652     73.676    -24.692    -71.757    -58.601
      3.105    186.962    -39.724     73.618    -24.814    -71.721    -58.643
      3.106    186.937    -39.796     73.559    -24.935    -71.685    -58.684
      3.107    186.912    -39.867     73.500    -25.056    -71.650    -58.726
      3.108    186.887    -39.939     73.441    -25.177    -71.614    -58.768
      3.109    186.862    -40.011     73.383    -25.299    -71.578    -58.809
      3.110    186.837    -40.082     73.324    -25.420    -71.542    -58.851
      3.111    186.811    -40.154     73.265    -25.541    -71.506    -58.893
      3.112    186.786    -40.225     73.206    -25.662    -71.470    -58.934
      3.113    186.760    -40.297     73.147    -25.784    -71.434    -58.976
      3.114    186.734    -40.368     73.088    -25.905    -71.398    -59.017
      3.115    186.708    -40.439     73.029    -26.027    -71.361    -59.059
      3.116    186.682    -40.511     72.970    -26.148    -71.325    -59.100
      3.117    186.656    -40.582     72.911    -26.269    -71.289    -59.141
      3.118    186.629    -40.653     72.852    -26.391    -71.252    -59.183
      3.119    186.603    -40.725     72.792    -26.512    -71.216    -59.224
      3.120    186.576    -40.796     72.733    -26.634    -71.179    -59.266
      3.121    186.550    -40.867     72.674    -26.755    -71.143    -59.307
      3.122    186.523    -40.938     72.615    -26.877    -71.106    -59.348
      3.123    186.496    -41.009     72.555    -26.998    -71.070    -59.389
      3.124    186.469    -41.080     72.496    -27.120    -71.033    -59.431
      3.125    186.442    -41.151     72.436    -27.241    -70.996    -59.472
      3.126    186.414    -41.222     72.377    -27.363    -70.960    -59.513
      3.127    186.387    -41.293     72.317    -27.484    -70.923    -59.554
      3.128    186.360    -41.364     72.258    -27.606    -70.886    -59.595
      3.129    186.332    -41.435     72.198    -27.727    -70.849    -59.637
      3.130    186.304    -41.506     72.138    -27.849    -70.812    -59.678
      3.131    186.276    -41.577     72.079    -27.971    -70.775    -59.719
      3.132    186.248    -41.647     72.019    -28.092    -70.738    -59.760
      3.133    186.220    -41.718     71.959    -28.214    -70.700    -59.801
      3.134    186.192    -41.789     71.899    -28.336    -70.663    -59.842
      3.135    186.163    -41.859     71.840    -28.457    -70.626    -59.883
      3.136    186.135    -41.930     71.780    -28.579    -70.589    -59.924
      3.137    186.106    -42.000     71.720    -28.701    -70.551    -59.965
      3.138    186.077    -42.071     71.660    -28.822    -70.514    -60.006
      3.139    186.048    -42.142     71.600    -28.944    -70.476    -60.047
      3.140    186.019    -42.212     71.540    -29.066    -70.439    -60.087
      3.141    185.990    -42.282     71.480    -29.188    -70.401    -60.128
      3.142    185.961    -42.353     71.419    -29.310    -70.364    -60.169
      3.143    185.932    -42.423     71.359    -29.431    -70.326    -60.210
      3.144    185.902    -42.493     71.299    -29.553    -70.288    -60.251
      3.145    185.873    -42.564     71.239    -29.675    -70.250    -60.291
      3.146    185.843    -42.634     71.178    -29.797    -70.212    -60.332
      3.147    185.813    -42.704     71.118    -29.919    -70.174    -60.373
      3.148    185.783    -42.774     71.058    -30.041    -70.136    -60.413
      3.149    185.753    -42.844     70.997    -30.163    -70.098    -60.454
      3.150    185.723    -42.914     70.937    -30.285    -70.060    -60.495
      3.151    185.692    -42.985     70.876    -30.407    -70.022    -60.535
      3.152    185.662    -43.055     70.816    -30.529    -69.984    -60.576
      3.153    185.631    -43.124     70.755    -30.651    -69.946    -60.616
      3.154    185.601    -43.194     70.694    -30.773    -69.907    -60.657
      3.155    185.570    -43.264     70.634    -30.895    -69.869    -60.697
      3.156    185.539    -43.334     70.573    -31.017    -69.831    -60.738
      3.157    185.508    -43.404     70.512    -31.139    -69.792    -60.778
      3.158    185.477    -43.474     70.451    -31.261    -69.754    -60.819
      3.159    185.445    -43.543     70.391    -31.383    -69.715    -60.859
      3.160    185.414    -43.613     70.330    -31.506    -69.677    -60.899
      3.161    185.382    -43.683     70.269    -31.628    -69.638    -60.940
      3.162    185.351    -43.752     70.208    -31.750    -69.599    -60.980
      3.163    185.319    -43.822     70.147    -31.872    -69.560    -61.020
      3.164    185.287    -43.892     70.086    -31.994    -69.521    -61.061
      3.165    185.255    -43.961     70.025    -32.117    -69.483    -61.101
      3.166    185.223    -44.031     69.964    -32.239    -69.444    -61.141
      3.167    185.190    -44.100     69.902    -32.361    -69.405    -61.181
      3.168    185.158    -44.169     69.841    -32.484    -69.366    -61.221
      3.169    185.125    -44.239     69.780    -32.606    -69.326    -61.262
      3.170    185.093    -44.308     69.719    -32.728    -69.287    -61.302
      3.171    185.060    -44.377     69.657    -32.851    -69.248    -61.342
      3.172    185.027    -44.446     69.596    -32.973    -69.209    -61.382
      3.173    184.994    -44.516     69.535    -33.095    -69.169    -61.422
      3.174    184.961    -44.585     69.473    -33.218    -69.130    -61.462
      3.175    184.927    -44.654     69.412    -33.340    -69.091    -61.502
      3.176    184.894    -44.723     69.350    -33.463    -69.051    -61.542
      3.177    184.861    -44.792     69.289    -33.585    -69.011    -61.582
      3.178    184.827    -44.861     69.227    -33.708    -68.972    -61.622
      3.179    184.793    -44.930     69.165    -33.830    -68.932    -61.662
      3.180    184.759    -44.999     69.104    -33.953    -68.892    -61.702
      3.181    184.725    -45.068     69.042    -34.076    -68.853    -61.742
      3.182    184.691    -45.137     68.980    -34.198    -68.813    -61.781
      3.183    184.657    -45.205     68.918    -34.321    -68.773    -61.821
      3.184    184.622    -45.274     68.857    -34.443    -68.733    -61.861
      3.185    184.588    -45.343     68.795    -34.566    -68.693    -61.901
      3.186    184.553    -45.412     68.733    -34.689    -68.653    -61.940
      3.187    184.519    -45.480     68.671    -34.811    -68.613    -61.980
      3.188    184.484    -45.549     68.609    -34.934    -68.573    -62.020
      3.189    184.449    -45.617     68.547    -35.057    -68.532    -62.060
      3.190    184.414    -45.686     68.485    -35.180    -68.492    -62.099
      3.191    184.378    -45.754     68.423    -35.303    -68.452    -62.139
      3.192    184.343    -45.823     68.360    -35.425    -68.411    -62.178
      3.193    184.307    -45.891     68.298    -35.548    -68.371    -62.218
      3.194    184.272    -45.959     68.236    -35.671    -68.330    -62.258
      3.195    184.236    -46.028     68.174    -35.794    -68.290    -62.297
      3.196    184.200    -46.096     68.111    -35.917    -68.249    -62.337
      3.197    184.164    -46.164     68.049    -36.040    -68.209    -62.376
      3.198    184.128    -46.232     67.987    -36.163    -68.168    -62.416
      3.199    184.092    -46.301     67.924    -36.286    -68.127    -62.455
      3.200    184.056    -46.369     67.862    -36.409    -68.086    -62.494
      3.201    184.019    -46.437     67.799    -36.532    -68.045    -62.534
      3.202    183.983    -46.505     67.737    -36.655    -68.004    -62.573
      3.203    183.946    -46.573     67.674    -36.778    -67.963    -62.612
      3.204    183.909    -46.641     67.611    -36.901    -67.922    -62.652
      3.205    183.872    -46.709     67.549    -37.024    -67.881    -62.691
      3.206    183.835    -46.776     67.486    -37.147    -67.840    -62.730
      3.207    183.798    -46.844     67.423    -37.270    -67.799    -62.770
      3.208    183.760    -46.912     67.361    -37.394    -67.757    -62.809
      3.209    183.723    -46.980     67.298    -37.517    -67.716    -62.848
      3.210    183.685    -47.048     67.235    -37.640    -67.674    -62.887
      3.211    183.648    -47.115     67.172    -37.763    -67.633    -62.926
      3.212    183.610    -47.183     67.109    -37.887    -67.591    -62.965
      3.213    183.572    -47.250     67.046    -38.010    -67.550    -63.004
      3.214    183.534    -47.318     66.983    -38.133    -67.508    -63.044
      3.215    183.496    -47.385     66.920    -38.257    -67.466    -63.083
      3.216    183.457    -47.453     66.857    -38.380    -67.425    -63.122
      3.217    183.419    -47.520     66.794    -38.503    -67.383    -63.161
      3.218    183.380    -47.588     66.731    -38.627    -67.341    -63.200
      3.219    183.342    -47.655     66.667    -38.750    -67.299    -63.239
      3.220    183.303    -47.722     66.604    -38.874    -67.257    -63.278
      3.221    183.264    -47.789     66.541    -38.997    -67.215    -63.316
      3.222    183.225    -47.857     66.477    -39.121    -67.173    -63.355
      3.223    183.186    -47.924     66.414    -39.244    -67.131    -63.394
      3.224    183.146    -47.991     66.351    -39.368    -67.088    -63.433
      3.225    183.107    -48.058     66.287    -39.492    -67.046    -63.472
      3.226    183.067    -48.125     66.224    -39.615    -67.004    -63.511
      3.227    183.028    -48.192     66.160    -39.739    -66.961    -63.549
      3.228    182.988    -48.259     66.097    -39.863    -66.919    -63.588
      3.229    182.948    -48.326     66.033    -39.986    -66.876    -63.627
      3.230    182.908    -48.393     65.969    -40.110    -66.834    -63.666
      3.231    182.868    -48.459     65.906    -40.234    -66.791    -63.704
      3.232    182.827    -48.526     65.842    -40.358    -66.749    -63.743
      3.233    182.787    -48.593     65.778    -40.481    -66.706    -63.782
      3.234    182.746    -48.660     65.714    -40.605    -66.663    -63.820
      3.235    182.706    -48.726     65.651    -40.729    -66.620    -63.859
      3.236    182.665    -48.793     65.587    -40.853    -66.577    -63.897
      3.237    182.624    -48.859     65.523    -40.977    -66.534    -63.936
      3.238    182.583    -48.926     65.459    -41.101    -66.491    -63.974
      3.239    182.542    -48.992     65.395    -41.225    -66.448    -64.013
      3.240    182.501    -49.059     65.331    -41.349    -66.405    -64.051
      3.241    182.459    -49.125     65.267    -41.473    -66.362    -64.090
      3.242    182.418    -49.192     65.203    -41.597    -66.318    -64.128
      3.243    182.376    -49.258     65.138    -41.721    -66.275    -64.166
      3.244    182.334    -49.324     65.074    -41.845    -66.231    -64.205
      3.245    182.292    -49.390     65.010    -41.969    -66.188    -64.243
      3.246    182.250    -49.456     64.946    -42.093    -66.144    -64.281
      3.247    182.208    -49.523     64.881    -42.217    -66.101    -64.320
      3.248    182.166    -49.589     64.817    -42.342    -66.057    -64.358
      3.249    182.123    -49.655     64.753    -42.466    -66.014    -64.396
      3.250    182.081    -49.721     64.688    -42.590    -65.970    -64.435
      3.251    182.038    -49.787     64.624    -42.714    -65.926    -64.473
      3.252    181.995    -49.853     64.559    -42.839    -65.882    -64.511
      3.253    181.953    -49.918     64.495    -42.963    -65.838    -64.549
      3.254    181.910    -49.984     64.430    -43.087    -65.794    -64.587
      3.255    181.866    -50.050     64.366    -43.212    -65.750    -64.625
      3.256    181.823    -50.116     64.301    -43.336    -65.706    -64.663
      3.257    181.780    -50.181     64.236    -43.461    -65.662    -64.701
      3.258    181.736    -50.247     64.172    -43.585    -65.617    -64.740
      3.259    181.693    -50.313     64.107    -43.710    -65.573    -64.778
      3.260    181.649    -50.378     64.042    -43.834    -65.529    -64.816
      3.261    181.605    -50.444     63.977    -43.959    -65.484    -64.853
      3.262    181.561    -50.509     63.912    -44.083    -65.440    -64.891
      3.263    181.517    -50.575     63.847    -44.208    -65.395    -64.929
      3.264    181.472    -50.640     63.782    -44.333    -65.351    -64.967
      3.265    181.428    -50.705     63.717    -44.457    -65.306    -65.005
      3.266    181.384    -50.771     63.652    -44.582    -65.261    -65.043
      3.267    181.339    -50.836     63.587    -44.707    -65.216    -65.081
      3.268    181.294    -50.901     63.522    -44.832    -65.172    -65.119
      3.269    181.249    -50.966     63.457    -44.956    -65.127    -65.156
      3.270    181.204    -51.031     63.392    -45.081    -65.082    -65.194
      3.271    181.159    -51.096     63.327    -45.206    -65.037    -65.232
      3.272    181.114    -51.161     63.262    -45.331    -64.991    -65.270
      3.273    181.068    -51.226     63.196    -45.456    -64.946    -65.307
      3.274    181.023    -51.291     63.131    -45.581    -64.901    -65.345
      3.275    180.977    -51.356     63.066    -45.706    -64.856    -65.383
      3.276    180.931    -51.421     63.000    -45.831    -64.810    -65.420
      3.277    180.886    -51.486     62.935    -45.956    -64.765    -65.458
      3.278    180.840    -51.550     62.869    -46.081    -64.719    -65.495
      3.279    180.793    -51.615     62.804    -46.206    -64.674    -65.533
      3.280    180.747    -51.680     62.738    -46.331    -64.628    -65.570
      3.281    180.701    -51.744     62.673    -46.456    -64.583    -65.608
      3.282    180.654    -51.809     62.607    -46.581    -64.537    -65.645
      3.283    180.608    -51.874     62.541    -46.707    -64.491    -65.683
      3.284    180.561    -51.938     62.476    -46.832    -64.445    -65.720
      3.285    180.514    -52.002     62.410    -46.957    -64.399    -65.758
      3.286    180.467    -52.067     62.344    -47.082    -64.353    -65.795
      3.287    180.420    -52.131     62.278    -47.208    -64.307    -65.832
      3.288    180.372    -52.195     62.212    -47.333    -64.261    -65.870
      3.289    180.325    -52.260     62.147    -47.459    -64.215    -65.907
      3.290    180.278    -52.324     62.081    -47.584    -64.169    -65.944
      3.291    180.230    -52.388     62.015    -47.709    -64.123    -65.982
      3.292    180.182    -52.452     61.949    -47.835    -64.076    -66.019
      3.293    180.134    -52.516     61.883    -47.960    -64.030    -66.056
      3.294    180.086    -52.580     61.817    -48.086    -63.983    -66.093
      3.295    180.038    -52.644     61.750    -48.212    -63.937    -66.130
      3.296    179.990    -52.708     61.684    -48.337    -63.890    -66.168
      3.297    179.941    -52.772     61.618    -48.463    -63.843    -66.205
      3.298    179.893    -52.836     61.552    -48.589    -63.797    -66.242
      3.299    179.844    -52.899     61.486    -48.714    -63.750    -66.279
      3.300    179.795    -52.963     61.419    -48.840    -63.703    -66.316
      3.301    179.747    -53.027     61.353    -48.966    -63.656    -66.353
      3.302    179.698    -53.090     61.287    -49.092    -63.609    -66.390
      3.303    179.648    -53.154     61.220    -49.217    -63.562    -66.427
      3.304    179.599    -53.218     61.154    -49.343    -63.515    -66.464
      3.305    179.550    -53.281     61.087    -49.469    -63.468    -66.501
      3.306    179.500    -53.345     61.021    -49.595    -63.420    -66.538
      3.307    179.450    -53.408     60.954    -49.721    -63.373    -66.575
      3.308    179.401    -53.471     60.888    -49.847    -63.326    -66.611
      3.309    179.351    -53.535     60.821    -49.973    -63.278    -66.648
      3.310    179.301    -53.598     60.754    -50.099    -63.231    -66.685
      3.311    179.251    -53.661     60.688    -50.225    -63.183    -66.722
      3.312    179.200    -53.724     60.621    -50.351    -63.136    -66.759
      3.313    179.150    -53.787     60.554    -50.478    -63.088    -66.795
      3.314    179.099    -53.850     60.487    -50.604    -63.040    -66.832
      3.315    179.049    -53.913     60.420    -50.730    -62.992    -66.869
      3.316    178.998    -53.976     60.354    -50.856    -62.944    -66.906
      3.317    178.947    -54.039     60.287    -50.983    -62.896    -66.942
      3.318    178.896    -54.102     60.220    -51.109    -62.848    -66.979
      3.319    178.845    -54.165     60.153    -51.235    -62.800    -67.015
      3.320    178.793    -54.228     60.086    -51.362    -62.752    -67.052
      3.321    178.742    -54.291     60.019    -51.488    -62.704    -67.089
      3.322    178.690    -54.353     59.951    -51.615    -62.656    -67.125
      3.323    178.639    -54.416     59.884    -51.741    -62.607    -67.162
      3.324    178.587    -54.478     59.817    -51.868    -62.559    -67.198
      3.325    178.535    -54.541     59.750    -51.994    -62.510    -67.235
      3.326    178.483    -54.603     59.683    -52.121    -62.462    -67.271
      3.327    178.431    -54.666     59.615    -52.248    -62.413    -67.307
      3.328    178.379    -54.728     59.548    -52.374    -62.364    -67.344
      3.329    178.326    -54.791     59.481    -52.501    -62.316    -67.380
      3.330    178.274    -54.853     59.413    -52.628    -62.267    -67.417
      3.331    178.221    -54.915     59.346    -52.755    -62.218    -67.453
      3.332    178.168    -54.977     59.278    -52.881    -62.169    -67.489
      3.333    178.115    -55.039     59.211    -53.008    -62.120    -67.525
      3.334    178.062    -55.102     59.143    -53.135    -62.071    -67.562
      3.335    178.009    -55.164     59.076    -53.262    -62.022    -67.598
      3.336    177.955    -55.226     59.008    -53.389    -61.972    -67.634
      3.337    177.902    -55.288     58.940    -53.516    -61.923    -67.670
      3.338    177.848    -55.349     58.873    -53.643    -61.874    -67.706
      3.339    177.795    -55.411     58.805    -53.770    -61.824    -67.743
      3.340    177.741    -55.473     58.737    -53.897    -61.775    -67.779
      3.341    177.687    -55.535     58.669    -54.024    -61.725    -67.815
      3.342    177.633    -55.597     58.602    -54.152    -61.676    -67.851
      3.343    177.579    -55.658     58.534    -54.279    -61.626    -67.887
      3.344    177.524    -55.720     58.466    -54.406    -61.576    -67.923
      3.345    177.470    -55.781     58.398    -54.533    -61.526    -67.959
      3.346    177.415    -55.843     58.330    -54.661    -61.476    -67.995
      3.347    177.361    -55.904     58.262    -54.788    -61.426    -68.031
      3.348    177.306    -55.966     58.194    -54.915    -61.376    -68.067
      3.349    177.251    -56.027     58.126    -55.043    -61.326    -68.103
      3.350    177.196    -56.088     58.058    -55.170    -61.276    -68.139
      3.351    177.140    -56.150     57.990    -55.298    -61.226    -68.174
      3.352    177.085    -56.211     57.921    -55.425    -61.175    -68.210
      3.353    177.029    -56.272     57.853    -55.553    -61.125    -68.246
      3.354    176.974    -56.333     57.785    -55.681    -61.075    -68.282
      3.355    176.918    -56.394     57.717    -55.808    -61.024    -68.318
      3.356    176.862    -56.455     57.648    -55.936    -60.973    -68.353
      3.357    176.806    -56.516     57.580    -56.064    -60.923    -68.389
      3.358    176.750    -56.577     57.511    -56.192    -60.872    -68.425
      3.359    176.694    -56.638     57.443    -56.319    -60.821    -68.460
      3.360    176.637    -56.699     57.375    -56.447    -60.770    -68.496
      3.361    176.581    -56.759     57.306    -56.575    -60.719    -68.532
      3.362    176.524    -56.820     57.237    -56.703    -60.668    -68.567
      3.363    176.468    -56.881     57.169    -56.831    -60.617    -68.603
      3.364    176.411    -56.941     57.100    -56.959    -60.566    -68.638
      3.365    176.354    -57.002     57.032    -57.087    -60.515    -68.674
      3.366    176.296    -57.062     56.963    -57.215    -60.464    -68.709
      3.367    176.239    -57.123     56.894    -57.343    -60.412    -68.745
      3.368    176.182    -57.183     56.825    -57.471    -60.361    -68.780
      3.369    176.124    -57.243     56.757    -57.600    -60.309    -68.816
      3.370    176.067    -57.304     56.688    -57.728    -60.258    -68.851
      3.371    176.009    -57.364     56.619    -57.856    -60.206    -68.886
      3.372    175.951    -57.424     56.550    -57.985    -60.154    -68.922
      3.373    175.893    -57.484     56.481    -58.113    -60.103    -68.957
      3.374    175.835    -57.544     56.412    -58.241    -60.051    -68.992
      3.375    175.776    -57.604     56.343    -58.370    -59.999    -69.028
      3.376    175.718    -57.664     56.274    -58.498    -59.947    -69.063
      3.377    175.659    -57.724     56.205    -58.627    -59.895    -69.098
      3.378    175.601    -57.784     56.136    -58.755    -59.842    -69.133
      3.379    175.542    -57.844     56.067    -58.884    -59.790    -69.168
      3.380    175.483    -57.904     55.998    -59.013    -59.738    -69.204
      3.381    175.424    -57.963     55.928    -59.141    -59.686    -69.239
      3.382    175.365    -58.023     55.859    -59.270    -59.633    -69.274
      3.383    175.305    -58.083     55.790    -59.399    -59.581    -69.309
      3.384    175.246    -58.142     55.720    -59.528    -59.528    -69.344
      3.385    175.186    -58.202     55.651    -59.656    -59.475    -69.379
      3.386    175.127    -58.261     55.582    -59.785    -59.423    -69.414
      3.387    175.067    -58.321     55.512    -59.914    -59.370    -69.449
      3.388    175.007    -58.380     55.443    -60.043    -59.317    -69.484
      3.389    174.947    -58.439     55.373    -60.172    -59.264    -69.519
      3.390    174.886    -58.498     55.304    -60.301    -59.211    -69.554
      3.391    174.826    -58.558     55.234    -60.430    -59.158    -69.589
      3.392    174.765    -58.617     55.165    -60.559    -59.105    -69.624
      3.393    174.705    -58.676     55.095    -60.689    -59.052    -69.658
      3.394    174.644    -58.735     55.025    -60.818    -58.998    -69.693
      3.395    174.583    -58.794     54.956    -60.947    -58.945    -69.728
      3.396    174.522    -58.853     54.886    -61.076    -58.891    -69.763
      3.397    174.461    -58.912     54.816    -61.206    -58.838    -69.797
      3.398    174.400    -58.970     54.746    -61.335    -58.784    -69.832
      3.399    174.338    -59.029     54.676    -61.465    -58.731    -69.867
      3.400    174.277    -59.088     54.606    -61.594    -58.677    -69.902
      3.401    174.215    -59.147     54.537    -61.724    -58.623    -69.936
      3.402    174.153    -59.205     54.467    -61.853    -58.569    -69.971
      3.403    174.092    -59.264     54.397    -61.983    -58.515    -70.005
      3.404    174.029    -59.322     54.327    -62.112    -58.461    -70.040
      3.405    173.967    -59.381     54.256    -62.242    -58.407    -70.075
      3.406    173.905    -59.439     54.186    -62.372    -58.353    -70.109
      3.407    173.843    -59.497     54.116    -62.502    -58.298    -70.144
      3.408    173.780    -59.556     54.046    -62.631    -58.244    -70.178
      3.409    173.717    -59.614     53.976    -62.761    -58.190    -70.212
      3.410    173.654    -59.672     53.906    -62.891    -58.135    -70.247
      3.411    173.591    -59.730     53.835    -63.021    -58.080    -70.281
      3.412    173.528    -59.788     53.765    -63.151    -58.026    -70.316
      3.413    173.465    -59.846     53.695    -63.281    -57.971    -70.350
      3.414    173.402    -59.904     53.624    -63.411    -57.916    -70.384
      3.415    173.338    -59.962     53.554    -63.541    -57.861    -70.419
      3.416    173.275    -60.020     53.484    -63.671    -57.806    -70.453
      3.417    173.211    -60.078     53.413    -63.802    -57.751    -70.487
      3.418    173.147    -60.135     53.343    -63.932    -57.696    -70.521
      3.419    173.083    -60.193     53.272    -64.062    -57.641    -70.556
      3.420    173.019    -60.251     53.202    -64.193    -57.586    -70.590
      3.421    172.955    -60.308     53.131    -64.323    -57.530    -70.624
      3.422    172.890    -60.366     53.060    -64.453    -57.475    -70.658
      3.423    172.826    -60.423     52.990    -64.584    -57.420    -70.692
      3.424    172.761    -60.480     52.919    -64.714    -57.364    -70.726
      3.425    172.696    -60.538     52.848    -64.845    -57.308    -70.760
      3.426    172.632    -60.595     52.777    -64.976    -57.253    -70.794
      3.427    172.566    -60.652     52.707    -65.106    -57.197    -70.828
      3.428    172.501    -60.709     52.636    -65.237    -57.141    -70.862
      3.429    172.436    -60.767     52.565    -65.368    -57.085    -70.896
      3.430    172.371    -60.824     52.494    -65.499    -57.029    -70.930
      3.431    172.305    -60.881     52.423    -65.629    -56.973    -70.964
      3.432    172.239    -60.938     52.352    -65.760    -56.917    -70.998
      3.433    172.173    -60.995     52.281    -65.891    -56.860    -71.032
      3.434    172.108    -61.051     52.210    -66.022    -56.804    -71.066
      3.435    172.041    -61.108     52.139    -66.153    -56.747    -71.099
      3.436    171.975    -61.165     52.068    -66.284    -56.691    -71.133
      3.437    171.909    -61.221     51.997    -66.415    -56.634    -71.167
      3.438    171.842    -61.278     51.925    -66.547    -56.578    -71.201
      3.439    171.776    -61.335     51.854    -66.678    -56.521    -71.234
      3.440    171.709    -61.391     51.783    -66.809    -56.464    -71.268
      3.441    171.642    -61.448     51.712    -66.940    -56.407    -71.302
      3.442    171.575    -61.504     51.640    -67.072    -56.350    -71.335
      3.443    171.508    -61.560     51.569    -67.203    -56.293    -71.369
      3.444    171.441    -61.617     51.498    -67.335    -56.236    -71.402
      3.445    171.373    -61.673     51.426    -67.466    -56.179    -71.436
      3.446    171.306    -61.729     51.355    -67.598    -56.121    -71.470
      3.447    171.238    -61.785     51.283    -67.729    -56.064    -71.503
      3.448    171.170    -61.841     51.212    -67.861    -56.007    -71.537
      3.449    171.102    -61.897     51.140    -67.993    -55.949    -71.570
      3.450    171.034    -61.953     51.069    -68.124    -55.891    -71.603
      3.451    170.966    -62.009     50.997    -68.256    -55.834    -71.637
      3.452    170.898    -62.065     50.925    -68.388    -55.776    -71.670
      3.453    170.829    -62.120     50.854    -68.520    -55.718    -71.703
      3.454    170.761    -62.176     50.782    -68.652    -55.660    -71.737
      3.455    170.692    -62.232     50.710    -68.784    -55.602    -71.770
      3.456    170.623    -62.287     50.638    -68.916    -55.544    -71.803
      3.457    170.554    -62.343     50.567    -69.048    -55.486    -71.837
      3.458    170.485    -62.398     50.495    -69.180    -55.427    -71.870
      3.459    170.416    -62.454     50.423    -69.312    -55.369    -71.903
      3.460    170.347    -62.509     50.351    -69.445    -55.310    -71.936
      3.461    170.277    -62.564     50.279    -69.577    -55.252    -71.969
      3.462    170.207    -62.619     50.207    -69.709    -55.193    -72.002
      3.463    170.138    -62.675     50.135    -69.842    -55.135    -72.035
      3.464    170.068    -62.730     50.063    -69.974    -55.076    -72.069
      3.465    169.998    -62.785     49.991    -70.106    -55.017    -72.102
      3.466    169.927    -62.840     49.919    -70.239    -54.958    -72.135
      3.467    169.857    -62.895     49.846    -70.372    -54.899    -72.168
      3.468    169.787    -62.950     49.774    -70.504    -54.840    -72.201
      3.469    169.716    -63.004     49.702    -70.637    -54.781    -72.233
      3.470    169.645    -63.059     49.630    -70.770    -54.721    -72.266
      3.471    169.575    -63.114     49.558    -70.902    -54.662    -72.299
      3.472    169.504    -63.168     49.485    -71.035    -54.603    -72.332
      3.473    169.433    -63.223     49.413    -71.168    -54.543    -72.365
      3.474    169.361    -63.278     49.341    -71.301    -54.483    -72.398
      3.475    169.290    -63.332     49.268    -71.434    -54.424    -72.430
      3.476    169.218    -63.386     49.196    -71.567    -54.364    -72.463
      3.477    169.147    -63.441     49.123    -71.700    -54.304    -72.496
      3.478    169.075    -63.495     49.051    -71.833    -54.244    -72.529
      3.479    169.003    -63.549     48.978    -71.967    -54.184    -72.561
      3.480    168.931    -63.603     48.906    -72.100    -54.124    -72.594
      3.481    168.859    -63.657     48.833    -72.233    -54.064    -72.627
      3.482    168.787    -63.711     48.760    -72.366    -54.003    -72.659
      3.483    168.714    -63.765     48.688    -72.500    -53.943    -72.692
      3.484    168.642    -63.819     48.615    -72.633    -53.883    -72.724
      3.485    168.569    -63.873     48.542    -72.767    -53.822    -72.757
      3.486    168.496    -63.927     48.469    -72.900    -53.761    -72.789
      3.487    168.423    -63.981     48.397    -73.034    -53.701    -72.822
      3.488    168.350    -64.034     48.324    -73.168    -53.640    -72.854
      3.489    168.277    -64.088     48.251    -73.301    -53.579    -72.887
      3.490    168.203    -64.142     48.178    -73.435    -53.518    -72.919
      3.491    168.130    -64.195     48.105    -73.569    -53.457    -72.951
      3.492    168.056    -64.248     48.032    -73.703    -53.396    -72.984
      3.493    167.983    -64.302     47.959    -73.837    -53.334    -73.016
      3.494    167.909    -64.355     47.886    -73.971    -53.273    -73.048
      3.495    167.835    -64.408     47.813    -74.105    -53.212    -73.080
      3.496    167.760    -64.462     47.740    -74.239    -53.150    -73.113
      3.497    167.686    -64.515     47.667    -74.373    -53.088    -73.145
      3.498    167.612    -64.568     47.594    -74.507    -53.027    -73.177
      3.499    167.537    -64.621     47.520    -74.642    -52.965    -73.209
      3.500    167.462    -64.674     47.447    -74.776    -52.903    -73.241
      3.501    167.388    -64.727     47.374    -74.910    -52.841    -73.273
      3.502    167.313    -64.779     47.301    -75.045    -52.779    -73.305
      3.503    167.237    -64.832     47.227    -75.179    -52.717    -73.337
      3.504    167.162    -64.885     47.154    -75.314    -52.655    -73.369
      3.505    167.087    -64.937     47.081    -75.448    -52.592    -73.401
      3.506    167.011    -64.990     47.007    -75.583    -52.530    -73.433
      3.507    166.936    -65.042     46.934    -75.718    -52.468    -73.465
      3.508    166.860    -65.095     46.860    -75.852    -52.405    -73.497
      3.509    166.784    -65.147     46.787    -75.987    -52.342    -73.529
      3.510    166.708    -65.200     46.713    -76.122    -52.280    -73.561
      3.511    166.632    -65.252     46.640    -76.257    -52.217    -73.592
      3.512    166.555    -65.304     46.566    -76.392    -52.154    -73.624
      3.513    166.479    -65.356     46.492    -76.527    -52.091    -73.656
      3.514    166.402    -65.408     46.419    -76.662    -52.028    -73.688
      3.515    166.326    -65.460     46.345    -76.797    -51.964    -73.719
      3.516    166.249    -65.512     46.271    -76.933    -51.901    -73.751
      3.517    166.172    -65.564     46.197    -77.068    -51.838    -73.783
      3.518    166.095    -65.616     46.124    -77.203    -51.774    -73.814
      3.519    166.017    -65.668     46.050    -77.338    -51.711    -73.846
      3.520    165.940    -65.719     45.976    -77.474    -51.647    -73.877
      3.521    165.862    -65.771     45.902    -77.609    -51.583    -73.909
      3.522    165.785    -65.822     45.828    -77.745    -51.519    -73.940
      3.523    165.707    -65.874     45.754    -77.881    -51.455    -73.972
      3.524    165.629    -65.925     45.680    -78.016    -51.391    -74.003
      3.525    165.551    -65.977     45.606    -78.152    -51.327    -74.035
      3.526    165.473    -66.028     45.532    -78.288    -51.263    -74.066
      3.527    165.394    -66.079     45.458    -78.424    -51.199    -74.098
      3.528    165.316    -66.130     45.384    -78.559    -51.134    -74.129
      3.529    165.237    -66.181     45.310    -78.695    -51.070    -74.160
      3.530    165.158    -66.232     45.236    -78.831    -51.005    -74.191
      3.531    165.080    -66.283     45.161    -78.967    -50.940    -74.223
      3.532    165.000    -66.334     45.087    -79.104    -50.875    -74.254
      3.533    164.921    -66.385     45.013    -79.240    -50.811    -74.285
      3.534    164.842    -66.436     44.939    -79.376    -50.746    -74.316
      3.535    164.763    -66.487     44.864    -79.512    -50.681    -74.347
      3.536    164.683    -66.537     44.790    -79.649    -50.615    -74.378
      3.537    164.603    -66.588     44.716    -79.785    -50.550    -74.410
      3.538    164.523    -66.638     44.641    -79.922    -50.485    -74.441
      3.539    164.443    -66.689     44.567    -80.058    -50.419    -74.472
      3.540    164.363    -66.739     44.492    -80.195    -50.354    -74.503
      3.541    164.283    -66.790     44.418    -80.331    -50.288    -74.534
      3.542    164.203    -66.840     44.343    -80.468    -50.222    -74.564
      3.543    164.122    -66.890     44.268    -80.605    -50.156    -74.595
      3.544    164.041    -66.940     44.194    -80.742    -50.090    -74.626
      3.545    163.961    -66.990     44.119    -80.879    -50.024    -74.657
      3.546    163.880    -67.040     44.045    -81.016    -49.958    -74.688
      3.547    163.799    -67.090     43.970    -81.153    -49.892    -74.719
      3.548    163.717    -67.140     43.895    -81.290    -49.826    -74.749
      3.549    163.636    -67.190     43.820    -81.427    -49.759    -74.780
      3.550    163.555    -67.240     43.746    -81.564    -49.693    -74.811
      3.551    163.473    -67.289     43.671    -81.701    -49.626    -74.841
      3.552    163.391    -67.339     43.596    -81.839    -49.559    -74.872
      3.553    163.309    -67.388     43.521    -81.976    -49.493    -74.903
      3.554    163.227    -67.438     43.446    -82.114    -49.426    -74.933
      3.555    163.145    -67.487     43.371    -82.251    -49.359    -74.964
      3.556    163.063    -67.536     43.296    -82.389    -49.292    -74.994
      3.557    162.980    -67.586     43.221    -82.526    -49.224    -75.025
      3.558    162.898    -67.635     43.146    -82.664    -49.157    -75.055
      3.559    162.815    -67.684     43.071    -82.802    -49.090    -75.086
      3.560    162.732    -67.733     42.996    -82.940    -49.022    -75.116
      3.561    162.649    -67.782     42.921    -83.077    -48.954    -75.146
      3.562    162.566    -67.831     42.846    -83.215    -48.887    -75.177
      3.563    162.483    -67.880     42.770    -83.353    -48.819    -75.207
      3.564    162.399    -67.929     42.695    -83.492    -48.751    -75.237
      3.565    162.316    -67.977     42.620    -83.630    -48.683    -75.268
      3.566    162.232    -68.026     42.545    -83.768    -48.615    -75.298
      3.567    162.148    -68.075     42.469    -83.906    -48.547    -75.328
      3.568    162.064    -68.123     42.394    -84.044    -48.478    -75.358
      3.569    161.980    -68.172     42.319    -84.183    -48.410    -75.388
      3.570    161.896    -68.220     42.243    -84.321    -48.341    -75.418
      3.571    161.811    -68.268     42.168    -84.460    -48.273    -75.449
      3.572    161.727    -68.316     42.092    -84.598    -48.204    -75.479
      3.573    161.642    -68.365     42.017    -84.737    -48.135    -75.509
      3.574    161.557    -68.413     41.941    -84.876    -48.066    -75.539
      3.575    161.472    -68.461     41.866    -85.015    -47.997    -75.568
      3.576    161.387    -68.509     41.790    -85.153    -47.928    -75.598
      3.577    161.302    -68.557     41.715    -85.292    -47.859    -75.628
      3.578    161.217    -68.604     41.639    -85.431    -47.790    -75.658
      3.579    161.131    -68.652     41.563    -85.570    -47.720    -75.688
      3.580    161.046    -68.700     41.488    -85.709    -47.651    -75.718
      3.581    160.960    -68.748     41.412    -85.849    -47.581    -75.747
      3.582    160.874    -68.795     41.336    -85.988    -47.511    -75.777
      3.583    160.788    -68.843     41.260    -86.127    -47.441    -75.807
      3.584    160.702    -68.890     41.184    -86.267    -47.371    -75.837
      3.585    160.615    -68.937     41.109    -86.406    -47.301    -75.866
      3.586    160.529    -68.985     41.033    -86.545    -47.231    -75.896
      3.587    160.442    -69.032     40.957    -86.685    -47.161    -75.925
      3.588    160.355    -69.079     40.881    -86.825    -47.090    -75.955
      3.589    160.269    -69.126     40.805    -86.964    -47.020    -75.984
      3.590    160.181    -69.173     40.729    -87.104    -46.949    -76.014
      3.591    160.094    -69.220     40.653    -87.244    -46.879    -76.043
      3.592    160.007    -69.267     40.577    -87.384    -46.808    -76.073
      3.593    159.920    -69.313     40.501    -87.524    -46.737    -76.102
      3.594    159.832    -69.360     40.425    -87.664    -46.666    -76.131
      3.595    159.744    -69.407     40.348    -87.804    -46.595    -76.161
      3.596    159.656    -69.453     40.272    -87.944    -46.523    -76.190
      3.597    159.568    -69.500     40.196    -88.084    -46.452    -76.219
      3.598    159.480    -69.546     40.120    -88.225    -46.381    -76.248
      3.599    159.392    -69.593     40.044    -88.365    -46.309    -76.278
      3.600    159.303    -69.639     39.967    -88.506    -46.237    -76.307
      3.601    159.215    -69.685     39.891    -88.646    -46.166    -76.336
      3.602    159.126    -69.731     39.815    -88.787    -46.094    -76.365
      3.603    159.037    -69.777     39.738    -88.927    -46.022    -76.394
      3.604    158.948    -69.823     39.662    -89.068    -45.950    -76.423
      3.605    158.859    -69.869     39.585    -89.209    -45.877    -76.452
      3.606    158.770    -69.915     39.509    -89.350    -45.805    -76.481
      3.607    158.680    -69.961     39.432    -89.491    -45.733    -76.510
      3.608    158.591    -70.006     39.356    -89.632    -45.660    -76.539
      3.609    158.501    -70.052     39.279    -89.773    -45.587    -76.568
      3.610    158.411    -70.098     39.203    -89.914    -45.515    -76.597
      3.611    158.321    -70.143     39.126    -90.055    -45.442    -76.625
      3.612    158.231    -70.189     39.050    -90.196    -45.369    -76.654
      3.613    158.141    -70.234     38.973    -90.338    -45.296    -76.683
      3.614    158.051    -70.279     38.896    -90.479    -45.223    -76.712
      3.615    157.960    -70.324     38.819    -90.620    -45.149    -76.740
      3.616    157.869    -70.369     38.743    -90.762    -45.076    -76.769
      3.617    157.778    -70.414     38.666    -90.904    -45.002    -76.797
      3.618    157.688    -70.459     38.589    -91.045    -44.929    -76.826
      3.619    157.596    -70.504     38.512    -91.187    -44.855    -76.854
      3.620    157.505    -70.549     38.435    -91.329    -44.781    -76.883
      3.621    157.414    -70.594     38.358    -91.471    -44.707    -76.911
      3.622    157.322    -70.639     38.282    -91.613    -44.633    -76.940
      3.623    157.231    -70.683     38.205    -91.755    -44.559    -76.968
      3.624    157.139    -70.728     38.128    -91.897    -44.484    -76.997
      3.625    157.047    -70.772     38.051    -92.039    -44.410    -77.025
      3.626    156.955    -70.816     37.974    -92.181    -44.335    -77.053
      3.627    156.862    -70.861     37.897    -92.324    -44.260    -77.081
      3.628    156.770    -70.905     37.819    -92.466    -44.186    -77.110
      3.629    156.677    -70.949     37.742    -92.609    -44.111    -77.138
      3.630    156.585    -70.993     37.665    -92.751    -44.036    -77.166
      3.631    156.492    -71.037     37.588    -92.894    -43.961    -77.194
      3.632    156.399    -71.081     37.511    -93.037    -43.885    -77.222
      3.633    156.306    -71.125     37.434    -93.179    -43.810    -77.250
      3.634    156.213    -71.169     37.356    -93.322    -43.734    -77.278
      3.635    156.119    -71.212     37.279    -93.465    -43.659    -77.306
      3.636    156.026    -71.256     37.202    -93.608    -43.583    -77.334
      3.637    155.932    -71.300     37.124    -93.751    -43.507    -77.362
      3.638    155.838    -71.343     37.047    -93.894    -43.431    -77.390
      3.639    155.744    -71.386     36.970    -94.038    -43.355    -77.418
      3.640    155.650    -71.430     36.892    -94.181    -43.279    -77.446
      3.641    155.556    -71.473     36.815    -94.324    -43.203    -77.473
      3.642    155.461    -71.516     36.737    -94.468    -43.126    -77.501
      3.643    155.367    -71.559     36.660    -94.611    -43.050    -77.529
      3.644    155.272    -71.602     36.582    -94.755    -42.973    -77.556
      3.645    155.177    -71.645     36.505    -94.898    -42.896    -77.584
      3.646    155.082    -71.688     36.427    -95.042    -42.819    -77.612
      3.647    154.987    -71.731     36.349    -95.186    -42.742    -77.639
      3.648    154.892    -71.774     36.272    -95.330    -42.665    -77.667
      3.649    154.797    -71.816     36.194    -95.474    -42.588    -77.694
      3.650    154.701    -71.859     36.116    -95.618    -42.510    -77.722
      3.651    154.605    -71.901     36.039    -95.762    -42.433    -77.749
      3.652    154.510    -71.944     35.961    -95.906    -42.355    -77.776
      3.653    154.414    -71.986     35.883    -96.051    -42.277    -77.804
      3.654    154.317    -72.028     35.805    -96.195    -42.200    -77.831
      3.655    154.221    -72.070     35.727    -96.339    -42.122    -77.858
      3.656    154.125    -72.112     35.649    -96.484    -42.043    -77.886
      3.657    154.028    -72.154     35.572    -96.628    -41.965    -77.913
      3.658    153.932    -72.196     35.494    -96.773    -41.887    -77.940
      3.659    153.835    -72.238     35.416    -96.918    -41.808    -77.967
      3.660    153.738    -72.280     35.338    -97.063    -41.730    -77.994
      3.661    153.641    -72.322     35.260    -97.208    -41.651    -78.021
      3.662    153.543    -72.363     35.182    -97.353    -41.572    -78.048
      3.663    153.446    -72.405     35.104    -97.498    -41.493    -78.075
      3.664    153.348    -72.446     35.025    -97.643    -41.414    -78.102
      3.665    153.251    -72.488     34.947    -97.788    -41.335    -78.129
      3.666    153.153    -72.529     34.869    -97.933    -41.255    -78.156
      3.667    153.055    -72.570     34.791    -98.079    -41.176    -78.183
      3.668    152.957    -72.611     34.713    -98.224    -41.096    -78.209
      3.669    152.858    -72.652     34.635    -98.370    -41.016    -78.236
      3.670    152.760    -72.693     34.556    -98.515    -40.937    -78.263
      3.671    152.661    -72.734     34.478    -98.661    -40.857    -78.289
      3.672    152.563    -72.775     34.400    -98.807    -40.776    -78.316
      3.673    152.464    -72.816     34.321    -98.952    -40.696    -78.343
      3.674    152.365    -72.856     34.243    -99.098    -40.616    -78.369
      3.675    152.265    -72.897     34.165    -99.244    -40.535    -78.396
      3.676    152.166    -72.937     34.086    -99.390    -40.455    -78.422
      3.677    152.067    -72.978     34.008    -99.537    -40.374    -78.449
      3.678    151.967    -73.018     33.929    -99.683    -40.293    -78.475
      3.679    151.867    -73.058     33.851    -99.829    -40.212    -78.501
      3.680    151.767    -73.099     33.772    -99.976    -40.131    -78.528
      3.681    151.667    -73.139     33.694   -100.122    -40.049    -78.554
      3.682    151.567    -73.179     33.615   -100.269    -39.968    -78.580
      3.683    151.467    -73.219     33.537   -100.415    -39.886    -78.606
      3.684    151.366    -73.259     33.458   -100.562    -39.805    -78.633
      3.685    151.266    -73.298     33.379   -100.709    -39.723    -78.659
      3.686    151.165    -73.338     33.301   -100.856    -39.641    -78.685
      3.687    151.064    -73.378     33.222   -101.003    -39.559    -78.711
      3.688    150.963    -73.417     33.143   -101.150    -39.477    -78.737
      3.689    150.862    -73.457     33.065   -101.297    -39.394    -78.763
      3.690    150.760    -73.496     32.986   -101.444    -39.312    -78.789
      3.691    150.659    -73.535     32.907   -101.591    -39.229    -78.815
      3.692    150.557    -73.574     32.828   -101.739    -39.147    -78.840
      3.693    150.455    -73.613     32.749   -101.886    -39.064    -78.866
      3.694    150.353    -73.652     32.670   -102.034    -38.981    -78.892
      3.695    150.251    -73.691     32.592   -102.181    -38.898    -78.918
      3.696    150.149    -73.730     32.513   -102.329    -38.814    -78.943
      3.697    150.047    -73.769     32.434   -102.477    -38.731    -78.969
      3.698    149.944    -73.808     32.355   -102.625    -38.647    -78.995
      3.699    149.841    -73.846     32.276   -102.773    -38.564    -79.020
      3.700    149.738    -73.885     32.197   -102.921    -38.480    -79.046
      3.701    149.635    -73.923     32.118   -103.069    -38.396    -79.071
      3.702    149.532    -73.962     32.039   -103.217    -38.312    -79.096
      3.703    149.429    -74.000     31.959   -103.365    -38.228    -79.122
      3.704    149.326    -74.038     31.880   -103.514    -38.143    -79.147
      3.705    149.222    -74.076     31.801   -103.662    -38.059    -79.173
      3.706    149.118    -74.114     31.722   -103.811    -37.974    -79.198
      3.707    149.014    -74.152     31.643   -103.960    -37.889    -79.223
      3.708    148.910    -74.190     31.563   -104.108    -37.804    -79.248
      3.709    148.806    -74.228     31.484   -104.257    -37.719    -79.273
      3.710    148.702    -74.265     31.405   -104.406    -37.634    -79.298
      3.711    148.597    -74.303     31.326   -104.555    -37.549    -79.323
      3.712    148.493    -74.341     31.246   -104.704    -37.463    -79.348
      3.713    148.388    -74.378     31.167   -104.853    -37.378    -79.373
      3.714    148.283    -74.415     31.088   -105.002    -37.292    -79.398
      3.715    148.178    -74.453     31.008   -105.152    -37.206    -79.423
      3.716    148.073    -74.490     30.929   -105.301    -37.120    -79.448
      3.717    147.967    -74.527     30.849   -105.451    -37.034    -79.473
      3.718    147.862    -74.564     30.770   -105.600    -36.948    -79.498
      3.719    147.756    -74.601     30.690   -105.750    -36.861    -79.522
      3.720    147.650    -74.637     30.611   -105.900    -36.775    -79.547
      3.721    147.544    -74.674     30.531   -106.050    -36.688    -79.572
      3.722    147.438    -74.711     30.452   -106.200    -36.601    -79.596
      3.723    147.332    -74.747     30.372   -106.350    -36.514    -79.621
      3.724    147.226    -74.784     30.292   -106.500    -36.427    -79.645
      3.725    147.119    -74.820     30.213   -106.650    -36.340    -79.670
      3.726    147.012    -74.857     30.133   -106.800    -36.252    -79.694
      3.727    146.905    -74.893     30.053   -106.951    -36.164    -79.718
      3.728    146.798    -74.929     29.974   -107.101    -36.077    -79.743
      3.729    146.691    -74.965     29.894   -107.252    -35.989    -79.767
      3.730    146.584    -75.001     29.814   -107.402    -35.901    -79.791
      3.731    146.476    -75.037     29.734   -107.553    -35.813    -79.815
      3.732    146.369    -75.072     29.654   -107.704    -35.724    -79.840
      3.733    146.261    -75.108     29.575   -107.855    -35.636    -79.864
      3.734    146.153    -75.144     29.495   -108.006    -35.547    -79.888
      3.735    146.045    -75.179     29.415   -108.157    -35.458    -79.912
      3.736    145.937    -75.215     29.335   -108.308    -35.369    -79.936
      3.737    145.828    -75.250     29.255   -108.459    -35.280    -79.960
      3.738    145.720    -75.285     29.175   -108.611    -35.191    -79.983
      3.739    145.611    -75.320     29.095   -108.762    -35.102    -80.007
      3.740    145.502    -75.355     29.015   -108.914    -35.012    -80.031
      3.741    145.393    -75.390     28.935   -109.066    -34.923    -80.055
      3.742    145.284    -75.425     28.855   -109.217    -34.833    -80.078
      3.743    145.175    -75.460     28.775   -109.369    -34.743    -80.102
      3.744    145.065    -75.495     28.695   -109.521    -34.653    -80.126
      3.745    144.956    -75.529     28.614   -109.673    -34.562    -80.149
      3.746    144.846    -75.564     28.534   -109.825    -34.472    -80.173
      3.747    144.736    -75.598     28.454   -109.977    -34.381    -80.196
      3.748    144.626    -75.633     28.374   -110.130    -34.291    -80.219
      3.749    144.516    -75.667     28.294   -110.282    -34.200    -80.243
      3.750    144.406    -75.701     28.213   -110.435    -34.109    -80.266
      3.751    144.295    -75.735     28.133   -110.587    -34.018    -80.289
      3.752    144.184    -75.769     28.053   -110.740    -33.926    -80.312
      3.753    144.074    -75.803     27.973   -110.893    -33.835    -80.336
      3.754    143.963    -75.837     27.892   -111.045    -33.743    -80.359
      3.755    143.851    -75.870     27.812   -111.198    -33.651    -80.382
      3.756    143.740    -75.904     27.731   -111.351    -33.559    -80.405
      3.757    143.629    -75.938     27.651   -111.505    -33.467    -80.428
      3.758    143.517    -75.971     27.571   -111.658    -33.375    -80.451
      3.759    143.405    -76.004     27.490   -111.811    -33.282    -80.474
      3.760    143.294    -76.038     27.410   -111.965    -33.190    -80.496
      3.761    143.181    -76.071     27.329   -112.118    -33.097    -80.519
      3.762    143.069    -76.104     27.249   -112.272    -33.004    -80.542
      3.763    142.957    -76.137     27.168   -112.425    -32.911    -80.565
      3.764    142.844    -76.170     27.087   -112.579    -32.818    -80.587
      3.765    142.732    -76.202     27.007   -112.733    -32.725    -80.610
      3.766    142.619    -76.235     26.926   -112.887    -32.631    -80.632
      3.767    142.506    -76.268     26.846   -113.041    -32.537    -80.655
      3.768    142.393    -76.300     26.765   -113.195    -32.443    -80.677
      3.769    142.280    -76.333     26.684   -113.350    -32.349    -80.699
      3.770    142.166    -76.365     26.603   -113.504    -32.255    -80.722
      3.771    142.053    -76.397     26.523   -113.659    -32.161    -80.744
      3.772    141.939    -76.429     26.442   -113.813    -32.066    -80.766
      3.773    141.825    -76.461     26.361   -113.968    -31.972    -80.788
      3.774    141.711    -76.493     26.280   -114.123    -31.877    -80.810
      3.775    141.597    -76.525     26.200   -114.277    -31.782    -80.833
      3.776    141.482    -76.557     26.119   -114.432    -31.687    -80.855
      3.777    141.368    -76.588     26.038   -114.588    -31.591    -80.877
      3.778    141.253    -76.620     25.957   -114.743    -31.496    -80.898
      3.779    141.138    -76.651     25.876   -114.898    -31.400    -80.920
      3.780    141.023    -76.683     25.795   -115.053    -31.304    -80.942
      3.781    140.908    -76.714     25.714   -115.209    -31.208    -80.964
      3.782    140.793    -76.745     25.633   -115.364    -31.112    -80.986
      3.783    140.678    -76.776     25.552   -115.520    -31.016    -81.007
      3.784    140.562    -76.807     25.471   -115.676    -30.919    -81.029
      3.785    140.446    -76.838     25.390   -115.832    -30.823    -81.050
      3.786    140.330    -76.869     25.309   -115.988    -30.726    -81.072
      3.787    140.214    -76.899     25.228   -116.144    -30.629    -81.093
      3.788    140.098    -76.930     25.147   -116.300    -30.532    -81.115
      3.789    139.982    -76.960     25.066   -116.456    -30.435    -81.136
      3.790    139.865    -76.991     24.985   -116.612    -30.337    -81.157
      3.791    139.748    -77.021     24.904   -116.769    -30.239    -81.178
      3.792    139.632    -77.051     24.822   -116.925    -30.142    -81.200
      3.793    139.515    -77.081     24.741   -117.082    -30.043    -81.221
      3.794    139.397    -77.111     24.660   -117.239    -29.945    -81.242
      3.795    139.280    -77.141     24.579   -117.396    -29.847    -81.263
      3.796    139.163    -77.171     24.497   -117.553    -29.748    -81.284
      3.797    139.045    -77.201     24.416   -117.710    -29.650    -81.304
      3.798    138.927    -77.230     24.335   -117.867    -29.551    -81.325
      3.799    138.809    -77.260     24.253   -118.024    -29.452    -81.346
      3.800    138.691    -77.289     24.172   -118.182    -29.353    -81.367
      3.801    138.573    -77.319     24.091   -118.339    -29.253    -81.387
      3.802    138.454    -77.348     24.009   -118.497    -29.154    -81.408
      3.803    138.336    -77.377     23.928   -118.654    -29.054    -81.429
      3.804    138.217    -77.406     23.846   -118.812    -28.954    -81.449
      3.805    138.098    -77.435     23.765   -118.970    -28.854    -81.470
      3.806    137.979    -77.464     23.683   -119.128    -28.754    -81.490
      3.807    137.860    -77.492     23.602   -119.286    -28.653    -81.510
      3.808    137.741    -77.521     23.520   -119.444    -28.552    -81.530
      3.809    137.621    -77.549     23.439   -119.603    -28.452    -81.551
      3.810    137.501    -77.578     23.357   -119.761    -28.351    -81.571
      3.811    137.382    -77.606     23.276   -119.920    -28.249    -81.591
      3.812    137.262    -77.634     23.194   -120.078    -28.148    -81.611
      3.813    137.141    -77.662     23.113   -120.237    -28.047    -81.631
      3.814    137.021    -77.690     23.031   -120.396    -27.945    -81.651
      3.815    136.901    -77.718     22.949   -120.555    -27.843    -81.671
      3.816    136.780    -77.746     22.868   -120.714    -27.741    -81.690
      3.817    136.659    -77.774     22.786   -120.873    -27.639    -81.710
      3.818    136.538    -77.801     22.704   -121.032    -27.536    -81.730
      3.819    136.417    -77.829     22.622   -121.192    -27.434    -81.750
      3.820    136.296    -77.856     22.541   -121.351    -27.331    -81.769
      3.821    136.174    -77.884     22.459   -121.511    -27.228    -81.789
      3.822    136.053    -77.911     22.377   -121.670    -27.125    -81.808
      3.823    135.931    -77.938     22.295   -121.830    -27.021    -81.827
      3.824    135.809    -77.965     22.213   -121.990    -26.918    -81.847
      3.825    135.687    -77.992     22.132   -122.150    -26.814    -81.866
      3.826    135.565    -78.018     22.050   -122.310    -26.710    -81.885
      3.827    135.443    -78.045     21.968   -122.470    -26.606    -81.904
      3.828    135.320    -78.072     21.886   -122.631    -26.501    -81.923
      3.829    135.197    -78.098     21.804   -122.791    -26.397    -81.942
      3.830    135.074    -78.124     21.722   -122.952    -26.292    -81.961
      3.831    134.951    -78.151     21.640   -123.112    -26.187    -81.980
      3.832    134.828    -78.177     21.558   -123.273    -26.082    -81.999
      3.833    134.705    -78.203     21.476   -123.434    -25.977    -82.018
      3.834    134.581    -78.229     21.394   -123.595    -25.872    -82.036
      3.835    134.458    -78.255     21.312   -123.756    -25.766    -82.055
      3.836    134.334    -78.280     21.230   -123.917    -25.660    -82.074
      3.837    134.210    -78.306     21.148   -124.079    -25.554    -82.092
      3.838    134.086    -78.331     21.066   -124.240    -25.448    -82.111
      3.839    133.961    -78.357     20.984   -124.401    -25.342    -82.129
      3.840    133.837    -78.382     20.901   -124.563    -25.235    -82.147
      3.841    133.712    -78.407     20.819   -124.725    -25.128    -82.166
      3.842    133.587    -78.432     20.737   -124.887    -25.021    -82.184
      3.843    133.462    -78.457     20.655   -125.049    -24.914    -82.202
      3.844    133.337    -78.482     20.573   -125.211    -24.807    -82.220
      3.845    133.212    -78.507     20.490   -125.373    -24.699    -82.238
      3.846    133.087    -78.532     20.408   -125.535    -24.591    -82.256
      3.847    132.961    -78.556     20.326   -125.698    -24.483    -82.274
      3.848    132.835    -78.580     20.244   -125.860    -24.375    -82.292
      3.849    132.709    -78.605     20.161   -126.023    -24.267    -82.309
      3.850    132.583    -78.629     20.079   -126.186    -24.158    -82.327
      3.851    132.457    -78.653     19.997   -126.349    -24.049    -82.345
      3.852    132.330    -78.677     19.914   -126.512    -23.940    -82.362
      3.853    132.204    -78.701     19.832   -126.675    -23.831    -82.380
      3.854    132.077    -78.725     19.750   -126.838    -23.722    -82.397
      3.855    131.950    -78.748     19.667   -127.001    -23.612    -82.414
      3.856    131.823    -78.772     19.585   -127.165    -23.502    -82.431
      3.857    131.696    -78.795     19.502   -127.328    -23.392    -82.449
      3.858    131.568    -78.819     19.420   -127.492    -23.282    -82.466
      3.859    131.441    -78.842     19.337   -127.656    -23.172    -82.483
      3.860    131.313    -78.865     19.255   -127.820    -23.061    -82.500
      3.861    131.185    -78.888     19.172   -127.984    -22.950    -82.517
      3.862    131.057    -78.911     19.090   -128.148    -22.839    -82.534
      3.863    130.929    -78.934     19.007   -128.312    -22.728    -82.550
      3.864    130.800    -78.956     18.925   -128.476    -22.617    -82.567
      3.865    130.672    -78.979     18.842   -128.641    -22.505    -82.584
      3.866    130.543    -79.002     18.760   -128.805    -22.393    -82.600
      3.867    130.414    -79.024     18.677   -128.970    -22.281    -82.617
      3.868    130.285    -79.046     18.594   -129.135    -22.169    -82.633
      3.869    130.156    -79.068     18.512   -129.300    -22.057    -82.650
      3.870    130.027    -79.090     18.429   -129.465    -21.944    -82.666
      3.871    129.897    -79.112     18.346   -129.630    -21.831    -82.682
      3.872    129.767    -79.134     18.264   -129.795    -21.718    -82.698
      3.873    129.638    -79.156     18.181   -129.961    -21.604    -82.714
      3.874    129.507    -79.177     18.098   -130.126    -21.491    -82.730
      3.875    129.377    -79.198     18.016   -130.292    -21.377    -82.746
      3.876    129.247    -79.220     17.933   -130.458    -21.263    -82.762
      3.877    129.116    -79.241     17.850   -130.624    -21.149    -82.778
      3.878    128.986    -79.262     17.767   -130.790    -21.035    -82.793
      3.879    128.855    -79.283     17.684   -130.956    -20.920    -82.809
      3.880    128.724    -79.304     17.602   -131.122    -20.805    -82.825
      3.881    128.593    -79.325     17.519   -131.288    -20.690    -82.840
      3.882    128.461    -79.345     17.436   -131.455    -20.575    -82.856
      3.883    128.330    -79.366     17.353   -131.621    -20.459    -82.871
      3.884    128.198    -79.386     17.270   -131.788    -20.344    -82.886
      3.885    128.066    -79.407     17.187   -131.955    -20.228    -82.901
      3.886    127.934    -79.427     17.104   -132.122    -20.111    -82.916
      3.887    127.802    -79.447     17.021   -132.289    -19.995    -82.931
      3.888    127.669    -79.467     16.939   -132.456    -19.879    -82.946
      3.889    127.537    -79.487     16.856   -132.624    -19.762    -82.961
      3.890    127.404    -79.506     16.773   -132.791    -19.645    -82.976
      3.891    127.271    -79.526     16.690   -132.959    -19.527    -82.991
      3.892    127.138    -79.545     16.607   -133.126    -19.410    -83.005
      3.893    127.005    -79.565     16.524   -133.294    -19.292    -83.020
      3.894    126.872    -79.584     16.441   -133.462    -19.174    -83.034
      3.895    126.738    -79.603     16.358   -133.630    -19.056    -83.049
      3.896    126.604    -79.622     16.275   -133.798    -18.938    -83.063
      3.897    126.471    -79.641     16.191   -133.966    -18.819    -83.077
      3.898    126.336    -79.660     16.108   -134.135    -18.700    -83.091
      3.899    126.202    -79.678     16.025   -134.303    -18.581    -83.106
      3.900    126.068    -79.697     15.942   -134.472    -18.462    -83.120
      3.901    125.933    -79.715     15.859   -134.641    -18.342    -83.133
      3.902    125.799    -79.733     15.776   -134.810    -18.222    -83.147
      3.903    125.664    -79.752     15.693   -134.979    -18.102    -83.161
      3.904    125.529    -79.770     15.610   -135.148    -17.982    -83.175
      3.905    125.393    -79.788     15.526   -135.317    -17.862    -83.188
      3.906    125.258    -79.805     15.443   -135.487    -17.741    -83.202
      3.907    125.122    -79.823     15.360   -135.656    -17.620    -83.215
      3.908    124.987    -79.841     15.277   -135.826    -17.499    -83.229
      3.909    124.851    -79.858     15.194   -135.996    -17.377    -83.242
      3.910    124.715    -79.875     15.110   -136.166    -17.256    -83.255
      3.911    124.578    -79.893     15.027   -136.336    -17.134    -83.268
      3.912    124.442    -79.910     14.944   -136.506    -17.012    -83.281
      3.913    124.305    -79.927     14.860   -136.676    -16.889    -83.294
      3.914    124.169    -79.943     14.777   -136.846    -16.766    -83.307
      3.915    124.032    -79.960     14.694   -137.017    -16.644    -83.320
      3.916    123.895    -79.977     14.610   -137.188    -16.521    -83.332
      3.917    123.757    -79.993     14.527   -137.358    -16.397    -83.345
      3.918    123.620    -80.009     14.444   -137.529    -16.274    -83.357
      3.919    123.482    -80.026     14.360   -137.700    -16.150    -83.370
      3.920    123.345    -80.042     14.277   -137.872    -16.026    -83.382
      3.921    123.207    -80.058     14.194   -138.043    -15.901    -83.394
      3.922    123.068    -80.074     14.110   -138.214    -15.777    -83.407
      3.923    122.930    -80.089     14.027   -138.386    -15.652    -83.419
      3.924    122.792    -80.105     13.943   -138.557    -15.527    -83.431
      3.925    122.653    -80.120     13.860   -138.729    -15.402    -83.442
      3.926    122.514    -80.136     13.777   -138.901    -15.276    -83.454
      3.927    122.375    -80.151     13.693   -139.073    -15.150    -83.466
      3.928    122.236    -80.166     13.610   -139.245    -15.024    -83.478
      3.929    122.097    -80.181     13.526   -139.418    -14.898    -83.489
      3.930    121.957    -80.196     13.443   -139.590    -14.771    -83.501
      3.931    121.818    -80.211     13.359   -139.763    -14.644    -83.512
      3.932    121.678    -80.225     13.276   -139.936    -14.517    -83.523
      3.933    121.538    -80.240     13.192   -140.108    -14.390    -83.534
      3.934    121.397    -80.254     13.109   -140.281    -14.262    -83.545
      3.935    121.257    -80.268     13.025   -140.455    -14.135    -83.556
      3.936    121.117    -80.282     12.941   -140.628    -14.006    -83.567
      3.937    120.976    -80.296     12.858   -140.801    -13.878    -83.578
      3.938    120.835    -80.310     12.774   -140.975    -13.749    -83.589
      3.939    120.694    -80.324     12.691   -141.148    -13.621    -83.599
      3.940    120.553    -80.337     12.607   -141.322    -13.491    -83.610
      3.941    120.411    -80.351     12.523   -141.496    -13.362    -83.620
      3.942    120.270    -80.364     12.440   -141.670    -13.232    -83.631
      3.943    120.128    -80.377     12.356   -141.844    -13.102    -83.641
      3.944    119.986    -80.390     12.273   -142.018    -12.972    -83.651
      3.945    119.844    -80.403     12.189   -142.193    -12.842    -83.661
      3.946    119.702    -80.416     12.105   -142.367    -12.711    -83.671
      3.947    119.559    -80.428     12.022   -142.542    -12.580    -83.681
      3.948    119.417    -80.441     11.938   -142.717    -12.449    -83.690
      3.949    119.274    -80.453     11.854   -142.892    -12.317    -83.700
      3.950    119.131    -80.466     11.770   -143.067    -12.186    -83.710
      3.951    118.988    -80.478     11.687   -143.242    -12.054    -83.719
      3.952    118.844    -80.490     11.603   -143.418    -11.921    -83.728
      3.953    118.701    -80.502     11.519   -143.593    -11.789    -83.738
      3.954    118.557    -80.513     11.436   -143.769    -11.656    -83.747
      3.955    118.413    -80.525     11.352   -143.944    -11.523    -83.756
      3.956    118.269    -80.536     11.268   -144.120    -11.389    -83.765
      3.957    118.125    -80.548     11.184   -144.296    -11.256    -83.774
      3.958    117.981    -80.559     11.101   -144.473    -11.122    -83.782
      3.959    117.836    -80.570     11.017   -144.649    -10.987    -83.791
      3.960    117.691    -80.581     10.933   -144.825    -10.853    -83.800
      3.961    117.546    -80.592     10.849   -145.002    -10.718    -83.808
      3.962    117.401    -80.602     10.765   -145.179    -10.583    -83.816
      3.963    117.256    -80.613     10.681   -145.355    -10.448    -83.825
      3.964    117.111    -80.623     10.598   -145.532    -10.312    -83.833
      3.965    116.965    -80.633     10.514   -145.710    -10.176    -83.841
      3.966    116.819    -80.643     10.430   -145.887    -10.040    -83.849
      3.967    116.673    -80.653     10.346   -146.064     -9.903    -83.856
      3.968    116.527    -80.663     10.262   -146.242     -9.767    -83.864
      3.969    116.381    -80.673     10.178   -146.419     -9.630    -83.872
      3.970    116.234    -80.683     10.095   -146.597     -9.492    -83.879
      3.971    116.087    -80.692     10.011   -146.775     -9.355    -83.887
      3.972    115.941    -80.701      9.927   -146.953     -9.217    -83.894
      3.973    115.794    -80.710      9.843   -147.131     -9.079    -83.901
      3.974    115.646    -80.719      9.759   -147.310     -8.940    -83.908
      3.975    115.499    -80.728      9.675   -147.488     -8.801    -83.915
      3.976    115.351    -80.737      9.591   -147.667     -8.662    -83.922
      3.977    115.204    -80.746      9.507   -147.846     -8.523    -83.929
      3.978    115.056    -80.754      9.423   -148.025     -8.383    -83.935
      3.979    114.908    -80.762      9.339   -148.204     -8.243    -83.942
      3.980    114.759    -80.771      9.255   -148.383     -8.103    -83.948
      3.981    114.611    -80.779      9.171   -148.562     -7.963    -83.954
      3.982    114.462    -80.786      9.087   -148.742     -7.822    -83.960
      3.983    114.313    -80.794      9.004   -148.921     -7.681    -83.967
      3.984    114.164    -80.802      8.920   -149.101     -7.539    -83.972
      3.985    114.015    -80.809      8.836   -149.281     -7.398    -83.978
      3.986    113.866    -80.817      8.752   -149.461     -7.256    -83.984
      3.987    113.716    -80.824      8.668   -149.641     -7.113    -83.990
      3.988    113.566    -80.831      8.584   -149.822     -6.971    -83.995
      3.989    113.417    -80.838      8.500   -150.002     -6.828    -84.000
      3.990    113.266    -80.844      8.416   -150.183     -6.684    -84.006
      3.991    113.116    -80.851      8.332   -150.363     -6.541    -84.011
      3.992    112.966    -80.858      8.248   -150.544     -6.397    -84.016
      3.993    112.815    -80.864      8.164   -150.725     -6.253    -84.021
      3.994    112.664    -80.870      8.080   -150.907     -6.108    -84.025
      3.995    112.513    -80.876      7.996   -151.088     -5.964    -84.030
      3.996    112.362    -80.882      7.911   -151.269     -5.819    -84.035
      3.997    112.211    -80.888      7.827   -151.451     -5.673    -84.039
      3.998    112.059    -80.893      7.743   -151.633     -5.527    -84.043
      3.999    111.907    -80.899      7.659   -151.815     -5.381    -84.047
      4.000    111.756    -80.904      7.575   -151.997     -5.235    -84.051
      4.001    111.603    -80.909      7.491   -152.179     -5.088    -84.055
      4.002    111.451    -80.914      7.407   -152.361     -4.942    -84.059
      4.003    111.299    -80.919      7.323   -152.544     -4.794    -84.063
      4.004    111.146    -80.924      7.239   -152.726     -4.647    -84.066
      4.005    110.993    -80.928      7.155   -152.909     -4.499    -84.070
      4.006    110.840    -80.933      7.071   -153.092     -4.350    -84.073
      4.007    110.687    -80.937      6.987   -153.275     -4.202    -84.076
      4.008    110.534    -80.941      6.903   -153.458     -4.053    -84.079
      4.009    110.380    -80.945      6.819   -153.642     -3.904    -84.082
      4.010    110.226    -80.949      6.735   -153.825     -3.754    -84.085
      4.011    110.073    -80.953      6.651   -154.009     -3.604    -84.088
      4.012    109.918    -80.956      6.566   -154.193     -3.454    -84.090
      4.013    109.764    -80.960      6.482   -154.377     -3.304    -84.093
      4.014    109.610    -80.963      6.398   -154.561     -3.153    -84.095
      4.015    109.455    -80.966      6.314   -154.745     -3.002    -84.097
      4.016    109.300    -80.969      6.230   -154.929     -2.850    -84.099
      4.017    109.145    -80.972      6.146   -155.114     -2.698    -84.101
      4.018    108.990    -80.974      6.062   -155.298     -2.546    -84.103
      4.019    108.835    -80.977      5.978   -155.483     -2.394    -84.104
      4.020    108.679    -80.979      5.894   -155.668     -2.241    -84.106
      4.021    108.523    -80.981      5.810   -155.853     -2.088    -84.107
      4.022    108.367    -80.983      5.725   -156.039     -1.934    -84.108
      4.023    108.211    -80.985      5.641   -156.224     -1.780    -84.109
      4.024    108.055    -80.987      5.557   -156.409     -1.626    -84.110
      4.025    107.898    -80.988      5.473   -156.595     -1.472    -84.111
      4.026    107.742    -80.990      5.389   -156.781     -1.317    -84.112
      4.027    107.585    -80.991      5.305   -156.967     -1.161    -84.112
      4.028    107.428    -80.992      5.221   -157.153     -1.006    -84.113
      4.029    107.271    -80.993      5.137   -157.339     -0.850    -84.113
      4.030    107.113    -80.994      5.053   -157.526     -0.694    -84.113
      4.031    106.955    -80.994      4.968   -157.713     -0.537    -84.113
      4.032    106.798    -80.995      4.884   -157.899     -0.380    -84.113
      4.033    106.640    -80.995      4.800   -158.086     -0.223    -84.112
      4.034    106.481    -80.995      4.716   -158.273     -0.065    -84.112
      4.035    106.323    -80.995      4.632   -158.460      0.093    -84.111
      4.036    106.165    -80.995      4.548   -158.648      0.251    -84.111
      4.037    106.006    -80.995      4.464   -158.835      0.410    -84.110
      4.038    105.847    -80.994      4.380   -159.023      0.569    -84.109
      4.039    105.688    -80.994      4.296   -159.211      0.729    -84.107
      4.040    105.528    -80.993      4.211   -159.399      0.888    -84.106
      4.041    105.369    -80.992      4.127   -159.587      1.049    -84.105
      4.042    105.209    -80.991      4.043   -159.775      1.209    -84.103
      4.043    105.049    -80.989      3.959   -159.963      1.370    -84.101
      4.044    104.889    -80.988      3.875   -160.152      1.531    -84.099
      4.045    104.729    -80.986      3.791   -160.341      1.693    -84.097
      4.046    104.569    -80.985      3.707   -160.530      1.855    -84.095
      4.047    104.408    -80.983      3.623   -160.719      2.017    -84.092
      4.048    104.247    -80.981      3.539   -160.908      2.180    -84.090
      4.049    104.086    -80.978      3.455   -161.097      2.343    -84.087
      4.050    103.925    -80.976      3.370   -161.287      2.507    -84.084
      4.051    103.764    -80.973      3.286   -161.476      2.670    -84.081
      4.052    103.602    -80.971      3.202   -161.666      2.835    -84.078
      4.053    103.440    -80.968      3.118   -161.856      2.999    -84.075
      4.054    103.278    -80.965      3.034   -162.046      3.164    -84.071
      4.055    103.116    -80.961      2.950   -162.236      3.329    -84.067
      4.056    102.954    -80.958      2.866   -162.427      3.495    -84.064
      4.057    102.791    -80.954      2.782   -162.617      3.661    -84.060
      4.058    102.629    -80.951      2.698   -162.808      3.828    -84.055
      4.059    102.466    -80.947      2.614   -162.999      3.995    -84.051
      4.060    102.303    -80.943      2.530   -163.190      4.162    -84.047
      4.061    102.139    -80.938      2.446   -163.381      4.330    -84.042
      4.062    101.976    -80.934      2.362   -163.572      4.498    -84.037
      4.063    101.812    -80.929      2.278   -163.764      4.666    -84.032
      4.064    101.648    -80.925      2.194   -163.955      4.835    -84.027
      4.065    101.484    -80.920      2.110   -164.147      5.004    -84.022
      4.066    101.320    -80.915      2.026   -164.339      5.174    -84.016
      4.067    101.156    -80.909      1.942   -164.531      5.344    -84.010
      4.068    100.991    -80.904      1.858   -164.723      5.514    -84.005
      4.069    100.826    -80.898      1.774   -164.916      5.685    -83.999
      4.070    100.661    -80.893      1.690   -165.108      5.856    -83.992
      4.071    100.496    -80.887      1.606   -165.301      6.028    -83.986
      4.072    100.331    -80.880      1.522   -165.494      6.200    -83.979
      4.073    100.165    -80.874      1.438   -165.687      6.372    -83.973
      4.074     99.999    -80.868      1.354   -165.880      6.545    -83.966
      4.075     99.833    -80.861      1.270   -166.073      6.718    -83.958
      4.076     99.667    -80.854      1.186   -166.267      6.892    -83.951
      4.077     99.501    -80.847      1.102   -166.460      7.066    -83.943
      4.078     99.334    -80.840      1.018   -166.654      7.240    -83.936
      4.079     99.167    -80.833      0.934   -166.848      7.415    -83.928
      4.080     99.000    -80.825      0.850   -167.042      7.590    -83.919
      4.081     98.833    -80.818      0.766   -167.236      7.766    -83.911
      4.082     98.666    -80.810      0.682   -167.431      7.942    -83.902
      4.083     98.498    -80.802      0.598   -167.625      8.118    -83.893
      4.084     98.331    -80.794      0.514   -167.820      8.295    -83.884
      4.085     98.163    -80.785      0.431   -168.015      8.473    -83.875
      4.086     97.995    -80.777      0.347   -168.210      8.651    -83.865
      4.087     97.826    -80.768      0.263   -168.405      8.829    -83.855
      4.088     97.658    -80.759      0.179   -168.600      9.007    -83.845
      4.089     97.489    -80.750      0.095   -168.796      9.186    -83.834
      4.090     97.320    -80.741      0.011   -168.992      9.366    -83.823
      4.091     97.151    -80.731     -0.073   -169.187      9.546    -83.812
      4.092     96.982    -80.721     -0.156   -169.383      9.726    -83.800
      4.093     96.812    -80.712     -0.240   -169.579      9.907    -83.789
      4.094     96.643    -80.702     -0.324   -169.776     10.088    -83.777
      4.095     96.473    -80.691     -0.408   -169.972     10.270    -83.764
      4.096     96.303    -80.681     -0.491   -170.169     10.452    -83.751
      4.097     96.133    -80.671     -0.575   -170.365     10.634    -83.738
      4.098     95.962    -80.660     -0.659   -170.562     10.817    -83.725
      4.099     95.791    -80.649     -0.743   -170.759     11.000    -83.712
      4.100     95.621    -80.638     -0.826   -170.957     11.184    -83.698
      4.101     95.450    -80.627     -0.910   -171.154     11.368    -83.684
      4.102     95.278    -80.615     -0.994   -171.351     11.553    -83.670
      4.103     95.107    -80.603     -1.077   -171.549     11.738    -83.655
      4.104     94.935    -80.592     -1.161   -171.747     11.924    -83.640
      4.105     94.763    -80.580     -1.245   -171.945     12.110    -83.625
      4.106     94.591    -80.567     -1.328   -172.143     12.296    -83.610
      4.107     94.419    -80.555     -1.412   -172.341     12.483    -83.595
      4.108     94.247    -80.542     -1.495   -172.540     12.671    -83.579
      4.109     94.074    -80.530     -1.579   -172.738     12.859    -83.563
      4.110     93.901    -80.517     -1.663   -172.937     13.047    -83.547
      4.111     93.728    -80.504     -1.746   -173.136     13.236    -83.530
      4.112     93.555    -80.490     -1.830   -173.335     13.425    -83.514
      4.113     93.381    -80.477     -1.913   -173.534     13.615    -83.497
      4.114     93.208    -80.463     -1.997   -173.733     13.805    -83.480
      4.115     93.034    -80.449     -2.080   -173.933     13.995    -83.462
      4.116     92.860    -80.435     -2.164   -174.132     14.187    -83.445
      4.117     92.686    -80.421     -2.247   -174.332     14.378    -83.427
      4.118     92.511    -80.406     -2.330   -174.532     14.570    -83.409
      4.119     92.337    -80.392     -2.414   -174.732     14.763    -83.391
      4.120     92.162    -80.377     -2.497   -174.933     14.956    -83.372
      4.121     91.987    -80.362     -2.581   -175.133     15.149    -83.353
      4.122     91.812    -80.346     -2.664   -175.334     15.343    -83.334
      4.123     91.636    -80.331     -2.747   -175.534     15.537    -83.315
      4.124     91.460    -80.315     -2.831   -175.735     15.732    -83.296
      4.125     91.285    -80.300     -2.914   -175.936     15.928    -83.276
      4.126     91.109    -80.284     -2.997   -176.137     16.123    -83.256
      4.127     90.932    -80.267     -3.080   -176.339     16.320    -83.236
      4.128     90.756    -80.251     -3.164   -176.540     16.517    -83.215
      4.129     90.579    -80.234     -3.247   -176.742     16.714    -83.195
      4.130     90.402    -80.217     -3.330   -176.944     16.912    -83.174
      4.131     90.225    -80.200     -3.413   -177.145     17.110    -83.153
      4.132     90.048    -80.183     -3.496   -177.348     17.309    -83.131
      4.133     89.871    -80.166     -3.579   -177.550     17.508    -83.110
      4.134     89.693    -80.148     -3.662   -177.752     17.708    -83.088
      4.135     89.515    -80.130     -3.746   -177.955     17.908    -83.066
      4.136     89.337    -80.112     -3.829   -178.157     18.109    -83.043
      4.137     89.159    -80.094     -3.912   -178.360     18.310    -83.021
      4.138     88.980    -80.076     -3.995   -178.563     18.512    -82.998
      4.139     88.802    -80.057     -4.078   -178.766     18.714    -82.975
      4.140     88.623    -80.038     -4.161   -178.970     18.917    -82.951
      4.141     88.444    -80.019     -4.244   -179.173     19.121    -82.928
      4.142     88.265    -80.000     -4.326   -179.377     19.324    -82.904
      4.143     88.085    -79.981     -4.409   -179.580     19.529    -82.880
      4.144     87.905    -79.961     -4.492   -179.784     19.734    -82.855
      4.145     87.725    -79.941     -4.575   -179.988     19.939    -82.831
      4.146     87.545    -79.921     -4.658   -180.193     20.145    -82.806
      4.147     87.365    -79.901     -4.741   -180.397     20.352    -82.780
      4.148     87.185    -79.880     -4.823   -180.601     20.559    -82.755
      4.149     87.004    -79.860     -4.906   -180.806     20.766    -82.729
      4.150     86.823    -79.839     -4.989   -181.011     20.974    -82.703
      4.151     86.642    -79.818     -5.072   -181.216     21.183    -82.677
      4.152     86.461    -79.797     -5.154   -181.421     21.392    -82.651
      4.153     86.279    -79.775     -5.237   -181.626     21.601    -82.624
      4.154     86.097    -79.753     -5.319   -181.831     21.812    -82.597
      4.155     85.915    -79.731     -5.402   -182.037     22.022    -82.569
      4.156     85.733    -79.709     -5.485   -182.243     22.234    -82.542
      4.157     85.551    -79.687     -5.567   -182.448     22.445    -82.514
      4.158     85.368    -79.664     -5.650   -182.654     22.658    -82.486
      4.159     85.186    -79.642     -5.732   -182.861     22.871    -82.457
      4.160     85.003    -79.619     -5.815   -183.067     23.084    -82.429
      4.161     84.819    -79.596     -5.897   -183.273     23.298    -82.400
      4.162     84.636    -79.572     -5.979   -183.480     23.513    -82.370
      4.163     84.452    -79.548     -6.062   -183.686     23.728    -82.341
      4.164     84.269    -79.525     -6.144   -183.893     23.943    -82.311
      4.165     84.085    -79.501     -6.226   -184.100     24.160    -82.281
      4.166     83.900    -79.476     -6.309   -184.307     24.376    -82.250
      4.167     83.716    -79.452     -6.391   -184.515     24.594    -82.220
      4.168     83.531    -79.427     -6.473   -184.722     24.812    -82.188
      4.169     83.347    -79.402     -6.555   -184.930     25.030    -82.157
      4.170     83.162    -79.377     -6.637   -185.137     25.249    -82.126
      4.171     82.976    -79.352     -6.719   -185.345     25.469    -82.094
      4.172     82.791    -79.326     -6.802   -185.553     25.689    -82.061
      4.173     82.605    -79.300     -6.884   -185.761     25.910    -82.029
      4.174     82.419    -79.274     -6.966   -185.970     26.131    -81.996
      4.175     82.233    -79.248     -7.048   -186.178     26.353    -81.963
      4.176     82.047    -79.222     -7.130   -186.387     26.576    -81.930
      4.177     81.861    -79.195     -7.211   -186.595     26.799    -81.896
      4.178     81.674    -79.168     -7.293   -186.804     27.023    -81.862
      4.179     81.487    -79.141     -7.375   -187.013     27.247    -81.827
      4.180     81.300    -79.114     -7.457   -187.222     27.472    -81.793
      4.181     81.112    -79.086     -7.539   -187.432     27.697    -81.758
      4.182     80.925    -79.058     -7.620   -187.641     27.923    -81.723
      4.183     80.737    -79.030     -7.702   -187.851     28.150    -81.687
      4.184     80.549    -79.002     -7.784   -188.060     28.377    -81.651
      4.185     80.361    -78.973     -7.866   -188.270     28.605    -81.615
      4.186     80.173    -78.945     -7.947   -188.480     28.834    -81.578
      4.187     79.984    -78.916     -8.029   -188.690     29.063    -81.541
      4.188     79.795    -78.886     -8.110   -188.900     29.293    -81.504
      4.189     79.606    -78.857     -8.192   -189.111     29.523    -81.466
      4.190     79.417    -78.827     -8.273   -189.321     29.754    -81.429
      4.191     79.228    -78.798     -8.355   -189.532     29.986    -81.390
      4.192     79.038    -78.767     -8.436   -189.743     30.218    -81.352
      4.193     78.848    -78.737     -8.517   -189.954     30.451    -81.313
      4.194     78.658    -78.707     -8.599   -190.165     30.684    -81.274
      4.195     78.468    -78.676     -8.680   -190.376     30.918    -81.234
      4.196     78.277    -78.645     -8.761   -190.587     31.153    -81.194
      4.197     78.087    -78.613     -8.842   -190.799     31.388    -81.154
      4.198     77.896    -78.582     -8.923   -191.010     31.624    -81.113
      4.199     77.705    -78.550     -9.004   -191.222     31.861    -81.072
      4.200     77.513    -78.518     -9.085   -191.434     32.098    -81.031
      4.201     77.322    -78.486     -9.166   -191.646     32.336    -80.990
      4.202     77.130    -78.454     -9.247   -191.858     32.575    -80.948
      4.203     76.938    -78.421     -9.328   -192.070     32.814    -80.905
      4.204     76.746    -78.388     -9.409   -192.282     33.054    -80.862
      4.205     76.554    -78.355     -9.490   -192.495     33.294    -80.819
      4.206     76.361    -78.321     -9.571   -192.707     33.536    -80.776
      4.207     76.168    -78.288     -9.652   -192.920     33.777    -80.732
      4.208     75.975    -78.254     -9.732   -193.133     34.020    -80.688
      4.209     75.782    -78.220     -9.813   -193.346     34.263    -80.644
      4.210     75.588    -78.185     -9.894   -193.559     34.507    -80.599
      4.211     75.395    -78.151     -9.974   -193.772     34.751    -80.553
      4.212     75.201    -78.116    -10.055   -193.986     34.997    -80.508
      4.213     75.007    -78.081    -10.135   -194.199     35.242    -80.462
      4.214     74.812    -78.045    -10.216   -194.413     35.489    -80.415
      4.215     74.618    -78.010    -10.296   -194.626     35.736    -80.369
      4.216     74.423    -77.974    -10.376   -194.840     35.984    -80.321
      4.217     74.228    -77.938    -10.457   -195.054     36.233    -80.274
      4.218     74.033    -77.901    -10.537   -195.268     36.482    -80.226
      4.219     73.838    -77.865    -10.617   -195.483     36.732    -80.178
      4.220     73.642    -77.828    -10.697   -195.697     36.983    -80.129
      4.221     73.446    -77.791    -10.777   -195.911     37.234    -80.080
      4.222     73.250    -77.753    -10.857   -196.126     37.486    -80.030
      4.223     73.054    -77.716    -10.937   -196.340     37.739    -79.980
      4.224     72.858    -77.678    -11.017   -196.555     37.992    -79.930
      4.225     72.661    -77.640    -11.097   -196.770     38.246    -79.879
      4.226     72.464    -77.601    -11.177   -196.985     38.501    -79.828
      4.227     72.267    -77.563    -11.257   -197.200     38.757    -79.777
      4.228     72.070    -77.524    -11.337   -197.415     39.013    -79.725
      4.229     71.872    -77.485    -11.416   -197.631     39.270    -79.673
      4.230     71.674    -77.445    -11.496   -197.846     39.528    -79.620
      4.231     71.476    -77.406    -11.576   -198.062     39.787    -79.567
      4.232     71.278    -77.366    -11.655   -198.277     40.046    -79.513
      4.233     71.080    -77.326    -11.735   -198.493     40.306    -79.459
      4.234     70.881    -77.285    -11.814   -198.709     40.567    -79.405
      4.235     70.682    -77.244    -11.893   -198.925     40.828    -79.350
      4.236     70.483    -77.204    -11.973   -199.141     41.090    -79.295
      4.237     70.284    -77.162    -12.052   -199.357     41.353    -79.239
      4.238     70.085    -77.121    -12.131   -199.573     41.617    -79.183
      4.239     69.885    -77.079    -12.210   -199.789     41.881    -79.126
      4.240     69.685    -77.037    -12.290   -200.006     42.146    -79.069
      4.241     69.485    -76.995    -12.369   -200.222     42.412    -79.012
      4.242     69.285    -76.952    -12.448   -200.439     42.679    -78.954
      4.243     69.084    -76.909    -12.526   -200.656     42.946    -78.896
      4.244     68.883    -76.866    -12.605   -200.872     43.215    -78.837
      4.245     68.682    -76.823    -12.684   -201.089     43.483    -78.777
      4.246     68.481    -76.779    -12.763   -201.306     43.753    -78.718
      4.247     68.280    -76.735    -12.842   -201.523     44.024    -78.658
      4.248     68.078    -76.691    -12.920   -201.741     44.295    -78.597
      4.249     67.876    -76.647    -12.999   -201.958     44.567    -78.536
      4.250     67.674    -76.602    -13.077   -202.175     44.840    -78.474
      4.251     67.472    -76.557    -13.156   -202.393     45.114    -78.412
      4.252     67.269    -76.512    -13.234   -202.610     45.388    -78.350
      4.253     67.067    -76.466    -13.312   -202.828     45.663    -78.287
      4.254     66.864    -76.421    -13.391   -203.045     45.939    -78.223
      4.255     66.661    -76.375    -13.469   -203.263     46.216    -78.159
      4.256     66.457    -76.328    -13.547   -203.481     46.494    -78.095
      4.257     66.254    -76.282    -13.625   -203.699     46.772    -78.030
      4.258     66.050    -76.235    -13.703   -203.917     47.051    -77.965
      4.259     65.846    -76.187    -13.781   -204.135     47.332    -77.899
      4.260     65.642    -76.140    -13.859   -204.353     47.612    -77.833
      4.261     65.437    -76.092    -13.937   -204.571     47.894    -77.766
      4.262     65.232    -76.044    -14.014   -204.789     48.177    -77.698
      4.263     65.028    -75.996    -14.092   -205.008     48.460    -77.630
      4.264     64.822    -75.947    -14.170   -205.226     48.744    -77.562
      4.265     64.617    -75.898    -14.247   -205.444     49.029    -77.493
      4.266     64.412    -75.849    -14.325   -205.663     49.315    -77.424
      4.267     64.206    -75.800    -14.402   -205.882     49.602    -77.354
      4.268     64.000    -75.750    -14.479   -206.100     49.889    -77.283
      4.269     63.794    -75.700    -14.557   -206.319     50.178    -77.212
      4.270     63.587    -75.650    -14.634   -206.538     50.467    -77.141
      4.271     63.381    -75.599    -14.711   -206.756     50.757    -77.069
      4.272     63.174    -75.548    -14.788   -206.975     51.048    -76.996
      4.273     62.967    -75.497    -14.865   -207.194     51.340    -76.923
      4.274     62.759    -75.445    -14.942   -207.413     51.632    -76.850
      4.275     62.552    -75.394    -15.019   -207.632     51.926    -76.776
      4.276     62.344    -75.342    -15.095   -207.851     52.220    -76.701
      4.277     62.136    -75.289    -15.172   -208.070     52.515    -76.626
      4.278     61.928    -75.237    -15.249   -208.289     52.812    -76.550
      4.279     61.719    -75.184    -15.325   -208.508     53.109    -76.473
      4.280     61.511    -75.130    -15.402   -208.727     53.407    -76.397
      4.281     61.302    -75.077    -15.478   -208.947     53.705    -76.319
      4.282     61.093    -75.023    -15.554   -209.166     54.005    -76.241
      4.283     60.884    -74.969    -15.630   -209.385     54.306    -76.162
      4.284     60.674    -74.914    -15.706   -209.604     54.607    -76.083
      4.285     60.464    -74.860    -15.783   -209.824     54.909    -76.004
      4.286     60.255    -74.805    -15.858   -210.043     55.213    -75.923
      4.287     60.044    -74.749    -15.934   -210.263     55.517    -75.842
      4.288     59.834    -74.694    -16.010   -210.482     55.822    -75.761
      4.289     59.623    -74.638    -16.086   -210.701     56.128    -75.679
      4.290     59.413    -74.581    -16.162   -210.921     56.435    -75.596
      4.291     59.202    -74.525    -16.237   -211.140     56.743    -75.513
      4.292     58.990    -74.468    -16.313   -211.360     57.052    -75.429
      4.293     58.779    -74.411    -16.388   -211.579     57.362    -75.344
      4.294     58.567    -74.353    -16.463   -211.799     57.672    -75.259
      4.295     58.355    -74.295    -16.538   -212.018     57.984    -75.174
      4.296     58.143    -74.237    -16.614   -212.238     58.296    -75.087
      4.297     57.931    -74.179    -16.689   -212.457     58.610    -75.000
      4.298     57.718    -74.120    -16.764   -212.676     58.924    -74.913
      4.299     57.505    -74.061    -16.838   -212.896     59.240    -74.824
      4.300     57.292    -74.001    -16.913   -213.115     59.556    -74.736
      4.301     57.079    -73.942    -16.988   -213.335     59.874    -74.646
      4.302     56.866    -73.882    -17.063   -213.554     60.192    -74.556
      4.303     56.652    -73.821    -17.137   -213.774     60.511    -74.465
      4.304     56.438    -73.761    -17.211   -213.993     60.831    -74.374
      4.305     56.224    -73.700    -17.286   -214.212     61.153    -74.282
      4.306     56.010    -73.638    -17.360   -214.432     61.475    -74.189
      4.307     55.795    -73.577    -17.434   -214.651     61.798    -74.096
      4.308     55.580    -73.515    -17.508   -214.870     62.122    -74.002
      4.309     55.366    -73.452    -17.582   -215.089     62.448    -73.907
      4.310     55.150    -73.390    -17.656   -215.309     62.774    -73.812
      4.311     54.935    -73.327    -17.730   -215.528     63.101    -73.716
      4.312     54.719    -73.264    -17.803   -215.747     63.429    -73.619
      4.313     54.503    -73.200    -17.877   -215.966     63.758    -73.522
      4.314     54.287    -73.136    -17.951   -216.185     64.089    -73.423
      4.315     54.071    -73.072    -18.024   -216.404     64.420    -73.325
      4.316     53.855    -73.007    -18.097   -216.623     64.752    -73.225
      4.317     53.638    -72.942    -18.170   -216.842     65.086    -73.125
      4.318     53.421    -72.877    -18.243   -217.061     65.420    -73.024
      4.319     53.204    -72.811    -18.316   -217.279     65.755    -72.922
      4.320     52.986    -72.746    -18.389   -217.498     66.092    -72.820
      4.321     52.769    -72.679    -18.462   -217.717     66.429    -72.717
      4.322     52.551    -72.613    -18.535   -217.935     66.768    -72.613
      4.323     52.333    -72.546    -18.607   -218.154     67.107    -72.509
      4.324     52.115    -72.478    -18.680   -218.372     67.448    -72.404
      4.325     51.896    -72.411    -18.752   -218.590     67.790    -72.298
      4.326     51.677    -72.343    -18.824   -218.808     68.132    -72.191
      4.327     51.458    -72.275    -18.896   -219.026     68.476    -72.083
      4.328     51.239    -72.206    -18.968   -219.244     68.821    -71.975
      4.329     51.020    -72.137    -19.040   -219.462     69.167    -71.866
      4.330     50.800    -72.068    -19.112   -219.680     69.514    -71.756
      4.331     50.581    -71.998    -19.184   -219.898     69.862    -71.646
      4.332     50.361    -71.928    -19.255   -220.115     70.211    -71.535
      4.333     50.140    -71.858    -19.327   -220.333     70.562    -71.422
      4.334     49.920    -71.787    -19.398   -220.550     70.913    -71.310
      4.335     49.699    -71.716    -19.470   -220.767     71.266    -71.196
      4.336     49.478    -71.644    -19.541   -220.984     71.619    -71.082
      4.337     49.257    -71.572    -19.612   -221.201     71.974    -70.966
      4.338     49.036    -71.500    -19.683   -221.418     72.330    -70.850
      4.339     48.814    -71.428    -19.753   -221.635     72.687    -70.733
      4.340     48.593    -71.355    -19.824   -221.851     73.045    -70.616
      4.341     48.371    -71.282    -19.895   -222.068     73.404    -70.497
      4.342     48.149    -71.208    -19.965   -222.284     73.765    -70.378
      4.343     47.926    -71.134    -20.035   -222.500     74.126    -70.258
      4.344     47.704    -71.060    -20.106   -222.716     74.489    -70.137
      4.345     47.481    -70.985    -20.176   -222.932     74.853    -70.015
      4.346     47.258    -70.910    -20.246   -223.147     75.218    -69.892
      4.347     47.034    -70.835    -20.315   -223.363     75.584    -69.769
      4.348     46.811    -70.759    -20.385   -223.578     75.951    -69.645
      4.349     46.587    -70.683    -20.455   -223.793     76.320    -69.519
      4.350     46.363    -70.606    -20.524   -224.008     76.689    -69.393
      4.351     46.139    -70.529    -20.594   -224.222     77.060    -69.266
      4.352     45.915    -70.452    -20.663   -224.437     77.432    -69.138
      4.353     45.690    -70.375    -20.732   -224.651     77.805    -69.010
      4.354     45.466    -70.297    -20.801   -224.865     78.180    -68.880
      4.355     45.241    -70.218    -20.870   -225.079     78.555    -68.750
      4.356     45.015    -70.139    -20.938   -225.292     78.932    -68.618
      4.357     44.790    -70.060    -21.007   -225.505     79.310    -68.486
      4.358     44.564    -69.981    -21.075   -225.719     79.689    -68.353
      4.359     44.339    -69.901    -21.144   -225.931     80.069    -68.218
      4.360     44.113    -69.821    -21.212   -226.144     80.451    -68.083
      4.361     43.886    -69.740    -21.280   -226.356     80.834    -67.947
      4.362     43.660    -69.659    -21.348   -226.568     81.218    -67.810
      4.363     43.433    -69.578    -21.415   -226.780     81.603    -67.673
      4.364     43.206    -69.496    -21.483   -226.992     81.990    -67.534
      4.365     42.979    -69.414    -21.550   -227.203     82.377    -67.394
      4.366     42.752    -69.331    -21.618   -227.414     82.766    -67.253
      4.367     42.524    -69.248    -21.685   -227.625     83.156    -67.111
      4.368     42.297    -69.165    -21.752   -227.835     83.548    -66.969
      4.369     42.069    -69.081    -21.819   -228.046     83.941    -66.825
      4.370     41.841    -68.997    -21.886   -228.255     84.335    -66.680
      4.371     41.612    -68.912    -21.952   -228.465     84.730    -66.535
      4.372     41.384    -68.827    -22.019   -228.674     85.126    -66.388
      4.373     41.155    -68.742    -22.085   -228.883     85.524    -66.240
      4.374     40.926    -68.656    -22.151   -229.092     85.923    -66.092
      4.375     40.697    -68.570    -22.217   -229.300     86.324    -65.942
      4.376     40.467    -68.484    -22.283   -229.508     86.725    -65.791
      4.377     40.238    -68.397    -22.349   -229.715     87.128    -65.639
      4.378     40.008    -68.309    -22.414   -229.922     87.533    -65.486
      4.379     39.778    -68.222    -22.480   -230.129     87.938    -65.333
      4.380     39.548    -68.134    -22.545   -230.336     88.345    -65.178
      4.381     39.317    -68.045    -22.610   -230.542     88.753    -65.022
      4.382     39.087    -67.956    -22.675   -230.747     89.163    -64.865
      4.383     38.856    -67.867    -22.740   -230.953     89.573    -64.707
      4.384     38.625    -67.777    -22.804   -231.157     89.985    -64.547
      4.385     38.393    -67.687    -22.869   -231.362     90.399    -64.387
      4.386     38.162    -67.596    -22.933   -231.566     90.814    -64.226
      4.387     37.930    -67.505    -22.997   -231.770     91.230    -64.063
      4.388     37.698    -67.414    -23.061   -231.973     91.647    -63.900
      4.389     37.466    -67.322    -23.125   -232.175     92.066    -63.735
      4.390     37.234    -67.230    -23.189   -232.378     92.486    -63.569
      4.391     37.002    -67.137    -23.252   -232.580     92.908    -63.402
      4.392     36.769    -67.044    -23.316   -232.781     93.331    -63.234
      4.393     36.536    -66.950    -23.379   -232.982     93.755    -63.065
      4.394     36.303    -66.856    -23.442   -233.182     94.181    -62.894
      4.395     36.070    -66.762    -23.505   -233.382     94.608    -62.723
      4.396     35.836    -66.667    -23.567   -233.582     95.036    -62.550
      4.397     35.602    -66.572    -23.630   -233.781     95.466    -62.376
      4.398     35.369    -66.476    -23.692   -233.979     95.897    -62.201
      4.399     35.134    -66.380    -23.754   -234.177     96.329    -62.024
      4.400     34.900    -66.283    -23.816   -234.374     96.763    -61.847
      4.401     34.666    -66.186    -23.878   -234.571     97.199    -61.668
      4.402     34.431    -66.089    -23.939   -234.767     97.636    -61.488
      4.403     34.196    -65.991    -24.001   -234.963     98.074    -61.307
      4.404     33.961    -65.893    -24.062   -235.158     98.513    -61.125
      4.405     33.726    -65.794    -24.123   -235.353     98.954    -60.941
      4.406     33.490    -65.695    -24.184   -235.547     99.397    -60.756
      4.407     33.255    -65.595    -24.244   -235.740     99.840    -60.570
      4.408     33.019    -65.495    -24.305   -235.933    100.286    -60.383
      4.409     32.783    -65.395    -24.365   -236.125    100.732    -60.194
      4.410     32.547    -65.294    -24.425   -236.316    101.181    -60.004
      4.411     32.310    -65.192    -24.485   -236.507    101.630    -59.813
      4.412     32.074    -65.091    -24.545   -236.697    102.081    -59.620
      4.413     31.837    -64.988    -24.604   -236.887    102.534    -59.426
      4.414     31.600    -64.885    -24.664   -237.076    102.988    -59.231
      4.415     31.363    -64.782    -24.723   -237.264    103.443    -59.035
      4.416     31.125    -64.679    -24.782   -237.451    103.900    -58.837
      4.417     30.888    -64.574    -24.841   -237.638    104.358    -58.638
      4.418     30.650    -64.470    -24.899   -237.824    104.818    -58.437
      4.419     30.412    -64.365    -24.957   -238.009    105.279    -58.235
      4.420     30.174    -64.259    -25.016   -238.194    105.742    -58.032
      4.421     29.936    -64.153    -25.074   -238.378    106.206    -57.827
      4.422     29.697    -64.047    -25.131   -238.561    106.672    -57.621
      4.423     29.459    -63.940    -25.189   -238.743    107.139    -57.414
      4.424     29.220    -63.833    -25.246   -238.924    107.608    -57.205
      4.425     28.981    -63.725    -25.303   -239.105    108.078    -56.995
      4.426     28.742    -63.616    -25.360   -239.285    108.550    -56.783
      4.427     28.502    -63.508    -25.417   -239.464    109.023    -56.570
      4.428     28.263    -63.398    -25.473   -239.642    109.498    -56.356
      4.429     28.023    -63.289    -25.529   -239.820    109.974    -56.140
      4.430     27.783    -63.178    -25.585   -239.996    110.452    -55.922
      4.431     27.543    -63.068    -25.641   -240.172    110.931    -55.704
      4.432     27.303    -62.957    -25.697   -240.346    111.412    -55.483
      4.433     27.062    -62.845    -25.752   -240.520    111.894    -55.261
      4.434     26.822    -62.733    -25.807   -240.693    112.378    -55.038
      4.435     26.581    -62.620    -25.862   -240.865    112.863    -54.813
      4.436     26.340    -62.507    -25.917   -241.036    113.350    -54.587
      4.437     26.099    -62.394    -25.972   -241.206    113.838    -54.359
      4.438     25.858    -62.279    -26.026   -241.375    114.328    -54.130
      4.439     25.616    -62.165    -26.080   -241.543    114.820    -53.899
      4.440     25.374    -62.050    -26.134   -241.710    115.313    -53.666
      4.441     25.133    -61.934    -26.187   -241.876    115.808    -53.432
      4.442     24.891    -61.818    -26.240   -242.041    116.304    -53.197
      4.443     24.649    -61.702    -26.294   -242.205    116.801    -52.960
      4.444     24.406    -61.585    -26.346   -242.368    117.301    -52.721
      4.445     24.164    -61.467    -26.399   -242.530    117.801    -52.481
      4.446     23.921    -61.349    -26.451   -242.691    118.304    -52.239
      4.447     23.678    -61.230    -26.503   -242.850    118.808    -51.995
      4.448     23.436    -61.111    -26.555   -243.009    119.313    -51.750
      4.449     23.192    -60.992    -26.607   -243.166    119.820    -51.503
      4.450     22.949    -60.872    -26.658   -243.322    120.329    -51.254
      4.451     22.706    -60.751    -26.709   -243.477    120.839    -51.004
      4.452     22.462    -60.630    -26.760   -243.631    121.351    -50.752
      4.453     22.219    -60.508    -26.811   -243.784    121.864    -50.499
      4.454     21.975    -60.386    -26.861   -243.935    122.379    -50.244
      4.455     21.731    -60.264    -26.911   -244.085    122.895    -49.987
      4.456     21.487    -60.141    -26.961   -244.234    123.413    -49.728
      4.457     21.242    -60.017    -27.011   -244.382    123.933    -49.468
      4.458     20.998    -59.893    -27.060   -244.528    124.454    -49.206
      4.459     20.753    -59.768    -27.109   -244.673    124.977    -48.942
      4.460     20.508    -59.643    -27.158   -244.817    125.501    -48.677
      4.461     20.264    -59.517    -27.207   -244.959    126.027    -48.409
      4.462     20.019    -59.391    -27.255   -245.100    126.554    -48.140
      4.463     19.773    -59.264    -27.303   -245.240    127.084    -47.869
      4.464     19.528    -59.136    -27.351   -245.378    127.614    -47.597
      4.465     19.283    -59.009    -27.398   -245.515    128.146    -47.322
      4.466     19.037    -58.880    -27.445   -245.650    128.680    -47.046
      4.467     18.791    -58.751    -27.492   -245.784    129.216    -46.768
      4.468     18.545    -58.622    -27.539   -245.916    129.753    -46.488
      4.469     18.299    -58.492    -27.585   -246.047    130.291    -46.206
      4.470     18.053    -58.361    -27.631   -246.177    130.831    -45.923
      4.471     17.807    -58.230    -27.677   -246.304    131.373    -45.637
      4.472     17.561    -58.098    -27.723   -246.431    131.916    -45.350
      4.473     17.314    -57.966    -27.768   -246.555    132.461    -45.061
      4.474     17.068    -57.833    -27.813   -246.678    133.007    -44.770
      4.475     16.821    -57.700    -27.857   -246.800    133.555    -44.477
      4.476     16.574    -57.566    -27.902   -246.920    134.105    -44.182
      4.477     16.327    -57.432    -27.946   -247.038    134.656    -43.885
      4.478     16.080    -57.297    -27.989   -247.154    135.209    -43.586
      4.479     15.833    -57.162    -28.033   -247.269    135.763    -43.285
      4.480     15.585    -57.026    -28.076   -247.382    136.319    -42.983
      4.481     15.338    -56.889    -28.119   -247.493    136.876    -42.678
      4.482     15.090    -56.752    -28.161   -247.602    137.435    -42.371
      4.483     14.843    -56.614    -28.204   -247.710    137.996    -42.063
      4.484     14.595    -56.476    -28.245   -247.816    138.558    -41.752
      4.485     14.347    -56.337    -28.287   -247.920    139.121    -41.439
      4.486     14.099    -56.198    -28.328   -248.022    139.687    -41.125
      4.487     13.851    -56.058    -28.369   -248.122    140.253    -40.808
      4.488     13.603    -55.917    -28.410   -248.220    140.821    -40.489
      4.489     13.355    -55.776    -28.450   -248.317    141.391    -40.168
      4.490     13.106    -55.634    -28.490   -248.411    141.962    -39.845
      4.491     12.858    -55.492    -28.530   -248.503    142.535    -39.521
      4.492     12.609    -55.349    -28.569   -248.594    143.110    -39.193
      4.493     12.361    -55.206    -28.608   -248.682    143.685    -38.864
      4.494     12.112    -55.062    -28.647   -248.768    144.263    -38.533
      4.495     11.863    -54.917    -28.685   -248.852    144.842    -38.200
      4.496     11.614    -54.772    -28.723   -248.934    145.422    -37.864
      4.497     11.365    -54.626    -28.761   -249.014    146.004    -37.527
      4.498     11.116    -54.480    -28.798   -249.092    146.587    -37.187
      4.499     10.867    -54.333    -28.835   -249.167    147.172    -36.845
      4.500     10.618    -54.186    -28.872   -249.240    147.758    -36.501
      4.501     10.369    -54.038    -28.908   -249.311    148.346    -36.155
      4.502     10.119    -53.889    -28.944   -249.380    148.935    -35.806
      4.503      9.870    -53.740    -28.980   -249.447    149.526    -35.456
      4.504      9.620    -53.590    -29.015   -249.511    150.118    -35.103
      4.505      9.371    -53.440    -29.050   -249.572    150.712    -34.748
      4.506      9.121    -53.289    -29.085   -249.632    151.307    -34.391
      4.507      8.872    -53.137    -29.119   -249.689    151.903    -34.031
      4.508      8.622    -52.985    -29.153   -249.743    152.501    -33.670
      4.509      8.372    -52.832    -29.186   -249.795    153.100    -33.306
      4.510      8.122    -52.679    -29.220   -249.845    153.700    -32.939
      4.511      7.872    -52.525    -29.252   -249.892    154.302    -32.571
      4.512      7.622    -52.370    -29.285   -249.936    154.906    -32.200
      4.513      7.372    -52.215    -29.317   -249.978    155.510    -31.827
      4.514      7.123    -52.059    -29.348   -250.017    156.116    -31.452
      4.515      6.872    -51.903    -29.380   -250.053    156.724    -31.074
      4.516      6.622    -51.746    -29.410   -250.087    157.332    -30.694
      4.517      6.372    -51.588    -29.441   -250.118    157.942    -30.312
      4.518      6.122    -51.430    -29.471   -250.147    158.554    -29.927
      4.519      5.872    -51.271    -29.501   -250.172    159.166    -29.540
      4.520      5.622    -51.111    -29.530   -250.195    159.780    -29.151
      4.521      5.372    -50.951    -29.559   -250.215    160.395    -28.759
      4.522      5.121    -50.791    -29.588   -250.232    161.012    -28.365
      4.523      4.871    -50.629    -29.616   -250.247    161.629    -27.969
      4.524      4.621    -50.467    -29.644   -250.258    162.248    -27.570
      4.525      4.371    -50.305    -29.671   -250.266    162.868    -27.169
      4.526      4.120    -50.142    -29.698   -250.271    163.489    -26.765
      4.527      3.870    -49.978    -29.725   -250.274    164.111    -26.359
      4.528      3.620    -49.813    -29.751   -250.273    164.735    -25.951
      4.529      3.370    -49.648    -29.776   -250.269    165.360    -25.540
      4.530      3.119    -49.483    -29.802   -250.262    165.985    -25.127
      4.531      2.869    -49.316    -29.827   -250.252    166.612    -24.711
      4.532      2.619    -49.149    -29.851   -250.239    167.240    -24.293
      4.533      2.369    -48.982    -29.875   -250.222    167.869    -23.873
      4.534      2.118    -48.814    -29.899   -250.202    168.499    -23.450
      4.535      1.868    -48.645    -29.922   -250.179    169.130    -23.025
      4.536      1.618    -48.475    -29.945   -250.153    169.762    -22.597
      4.537      1.368    -48.305    -29.967   -250.123    170.395    -22.166
      4.538      1.118    -48.135    -29.989   -250.090    171.029    -21.734
      4.539      0.868    -47.963    -30.011   -250.053    171.664    -21.299
      4.540      0.618    -47.791    -30.032   -250.013    172.300    -20.861
      4.541      0.368    -47.619    -30.053   -249.969    172.937    -20.421
      4.542      0.118    -47.445    -30.073   -249.922    173.575    -19.978
      4.543     -0.132    -47.271    -30.092   -249.872    174.213    -19.533
      4.544     -0.382    -47.097    -30.112   -249.817    174.852    -19.085
      4.545     -0.632    -46.922    -30.131   -249.760    175.493    -18.635
      4.546     -0.882    -46.746    -30.149   -249.698    176.133    -18.183
      4.547     -1.131    -46.569    -30.167   -249.633    176.775    -17.728
      4.548     -1.381    -46.392    -30.185   -249.564    177.417    -17.270
      4.549     -1.630    -46.215    -30.202   -249.491    178.061    -16.810
      4.550     -1.880    -46.036    -30.218   -249.414    178.704    -16.348
      4.551     -2.129    -45.857    -30.234   -249.334    179.349    -15.883
      4.552     -2.378    -45.678    -30.250   -249.250    179.994    -15.415
      4.553     -2.628    -45.497    -30.265   -249.161    180.639    -14.945
      4.554     -2.877    -45.316    -30.280   -249.069    181.286    -14.472
      4.555     -3.126    -45.135    -30.294   -248.973    181.932    -13.997
      4.556     -3.375    -44.952    -30.308   -248.873    182.580    -13.520
      4.557     -3.624    -44.770    -30.321   -248.768    183.227    -13.040
      4.558     -3.872    -44.586    -30.334   -248.660    183.875    -12.557
      4.559     -4.121    -44.402    -30.346   -248.548    184.524    -12.072
      4.560     -4.369    -44.217    -30.358   -248.431    185.173    -11.585
      4.561     -4.618    -44.031    -30.369   -248.310    185.822    -11.095
      4.562     -4.866    -43.845    -30.380   -248.185    186.472    -10.602
      4.563     -5.114    -43.658    -30.391   -248.056    187.122    -10.107
      4.564     -5.362    -43.471    -30.400   -247.922    187.772     -9.610
      4.565     -5.610    -43.283    -30.410   -247.784    188.422     -9.110
      4.566     -5.858    -43.094    -30.419   -247.642    189.072     -8.607
      4.567     -6.105    -42.905    -30.427   -247.495    189.723     -8.103
      4.568     -6.353    -42.715    -30.435   -247.344    190.374     -7.595
      4.569     -6.600    -42.524    -30.442   -247.188    191.024     -7.085
      4.570     -6.847    -42.333    -30.449   -247.028    191.675     -6.573
      4.571     -7.094    -42.141    -30.455   -246.863    192.326     -6.058
      4.572     -7.341    -41.948    -30.461   -246.694    192.977     -5.541
      4.573     -7.587    -41.755    -30.466   -246.520    193.627     -5.022
      4.574     -7.834    -41.561    -30.471   -246.341    194.278     -4.500
      4.575     -8.080    -41.366    -30.475   -246.158    194.928     -3.975
      4.576     -8.326    -41.171    -30.479   -245.970    195.578     -3.449
      4.577     -8.572    -40.975    -30.482   -245.777    196.228     -2.920
      4.578     -8.818    -40.778    -30.485   -245.580    196.878     -2.388
      4.579     -9.063    -40.581    -30.487   -245.377    197.527     -1.854
      4.580     -9.308    -40.383    -30.489   -245.170    198.175     -1.318
      4.581     -9.553    -40.185    -30.490   -244.958    198.824     -0.779
      4.582     -9.798    -39.986    -30.490   -244.741    199.472     -0.238
      4.583    -10.043    -39.786    -30.490   -244.519    200.119      0.305
      4.584    -10.287    -39.586    -30.490   -244.293    200.766      0.851
      4.585    -10.532    -39.384    -30.488   -244.061    201.412      1.399
      4.586    -10.775    -39.183    -30.487   -243.824    202.057      1.949
      4.587    -11.019    -38.980    -30.485   -243.582    202.702      2.501
      4.588    -11.263    -38.777    -30.482   -243.335    203.346      3.056
      4.589    -11.506    -38.574    -30.478   -243.083    203.989      3.613
      4.590    -11.749    -38.369    -30.475   -242.825    204.632      4.172
      4.591    -11.991    -38.164    -30.470   -242.563    205.273      4.733
      4.592    -12.234    -37.959    -30.465   -242.295    205.914      5.297
      4.593    -12.476    -37.753    -30.460   -242.022    206.553      5.862
      4.594    -12.718    -37.546    -30.453   -241.744    207.192      6.430
      4.595    -12.960    -37.338    -30.447   -241.461    207.829      7.000
      4.596    -13.201    -37.130    -30.439   -241.172    208.465      7.572
      4.597    -13.442    -36.921    -30.432   -240.878    209.100      8.146
      4.598    -13.683    -36.712    -30.423   -240.578    209.734      8.722
      4.599    -13.923    -36.502    -30.414   -240.274    210.366      9.300
      4.600    -14.163    -36.291    -30.404   -239.963    210.997      9.880
      4.601    -14.403    -36.080    -30.394   -239.648    211.626     10.463
      4.602    -14.642    -35.868    -30.384   -239.326    212.254     11.047
      4.603    -14.882    -35.655    -30.372   -239.000    212.881     11.633
      4.604    -15.120    -35.442    -30.360   -238.668    213.506     12.221
      4.605    -15.359    -35.228    -30.348   -238.330    214.129     12.811
      4.606    -15.597    -35.014    -30.335   -237.987    214.750     13.402
      4.607    -15.835    -34.799    -30.321   -237.639    215.370     13.996
      4.608    -16.072    -34.583    -30.307   -237.284    215.988     14.591
      4.609    -16.309    -34.367    -30.292   -236.924    216.604     15.188
      4.610    -16.546    -34.150    -30.276   -236.559    217.218     15.787
      4.611    -16.783    -33.932    -30.260   -236.188    217.830     16.388
      4.612    -17.019    -33.714    -30.244   -235.811    218.440     16.990
      4.613    -17.254    -33.495    -30.226   -235.429    219.048     17.594
      4.614    -17.489    -33.276    -30.208   -235.041    219.653     18.199
      4.615    -17.724    -33.056    -30.190   -234.648    220.257     18.806
      4.616    -17.959    -32.836    -30.171   -234.248    220.858     19.415
      4.617    -18.193    -32.614    -30.151   -233.843    221.457     20.025
      4.618    -18.426    -32.393    -30.131   -233.433    222.053     20.637
      4.619    -18.660    -32.170    -30.110   -233.016    222.647     21.250
      4.620    -18.892    -31.947    -30.088   -232.594    223.238     21.864
      4.621    -19.125    -31.724    -30.066   -232.167    223.827     22.480
      4.622    -19.357    -31.500    -30.043   -231.733    224.413     23.098
      4.623    -19.588    -31.275    -30.020   -231.294    224.996     23.716
      4.624    -19.819    -31.050    -29.996   -230.849    225.577     24.336
      4.625    -20.050    -30.824    -29.971   -230.398    226.155     24.957
      4.626    -20.280    -30.597    -29.946   -229.942    226.730     25.579
      4.627    -20.510    -30.370    -29.920   -229.479    227.301     26.202
      4.628    -20.739    -30.143    -29.893   -229.012    227.870     26.827
      4.629    -20.968    -29.915    -29.866   -228.538    228.436     27.452
      4.630    -21.196    -29.686    -29.839   -228.059    228.999     28.079
      4.631    -21.424    -29.457    -29.810   -227.574    229.558     28.706
      4.632    -21.651    -29.227    -29.781   -227.083    230.114     29.335
      4.633    -21.878    -28.996    -29.751   -226.586    230.667     29.964
      4.634    -22.105    -28.766    -29.721   -226.084    231.216     30.594
      4.635    -22.330    -28.534    -29.690   -225.576    231.762     31.225
      4.636    -22.556    -28.302    -29.659   -225.062    232.304     31.857
      4.637    -22.780    -28.069    -29.627   -224.543    232.843     32.490
      4.638    -23.005    -27.836    -29.594   -224.018    233.378     33.123
      4.639    -23.229    -27.603    -29.560   -223.488    233.910     33.756
      4.640    -23.452    -27.369    -29.526   -222.951    234.438     34.391
      4.641    -23.674    -27.134    -29.492   -222.409    234.962     35.026
      4.642    -23.897    -26.899    -29.456   -221.862    235.482     35.661
      4.643    -24.118    -26.663    -29.420   -221.309    235.998     36.297
      4.644    -24.339    -26.427    -29.384   -220.750    236.510     36.933
      4.645    -24.560    -26.190    -29.346   -220.186    237.018     37.569
      4.646    -24.780    -25.953    -29.308   -219.616    237.522     38.206
      4.647    -24.999    -25.715    -29.270   -219.041    238.022     38.843
      4.648    -25.218    -25.477    -29.231   -218.461    238.518     39.481
      4.649    -25.436    -25.238    -29.191   -217.874    239.009     40.118
      4.650    -25.653    -24.999    -29.151   -217.283    239.496     40.755
      4.651    -25.870    -24.759    -29.109   -216.686    239.979     41.393
      4.652    -26.087    -24.519    -29.068   -216.083    240.457     42.030
      4.653    -26.303    -24.278    -29.025   -215.476    240.931     42.668
      4.654    -26.518    -24.037    -28.982   -214.863    241.400     43.305
      4.655    -26.732    -23.795    -28.939   -214.244    241.865     43.942
      4.656    -26.946    -23.553    -28.895   -213.621    242.325     44.579
      4.657    -27.159    -23.310    -28.850   -212.992    242.780     45.216
      4.658    -27.372    -23.067    -28.804   -212.358    243.231     45.852
      4.659    -27.584    -22.824    -28.758   -211.719    243.677     46.488
      4.660    -27.796    -22.580    -28.711   -211.075    244.118     47.123
      4.661    -28.006    -22.336    -28.664   -210.425    244.554     47.759
      4.662    -28.216    -22.091    -28.616   -209.771    244.985     48.393
      4.663    -28.426    -21.846    -28.567   -209.112    245.411     49.027
      4.664    -28.635    -21.600    -28.518   -208.448    245.832     49.660
      4.665    -28.843    -21.354    -28.468   -207.778    246.248     50.293
      4.666    -29.050    -21.108    -28.417   -207.104    246.659     50.925
      4.667    -29.257    -20.861    -28.366   -206.426    247.065     51.556
      4.668    -29.463    -20.614    -28.314   -205.742    247.466     52.186
      4.669    -29.668    -20.366    -28.261   -205.054    247.861     52.816
      4.670    -29.873    -20.118    -28.208   -204.361    248.251     53.444
      4.671    -30.077    -19.869    -28.154   -203.663    248.636     54.071
      4.672    -30.280    -19.621    -28.100   -202.961    249.016     54.698
      4.673    -30.483    -19.371    -28.045   -202.254    249.390     55.323
      4.674    -30.685    -19.122    -27.989   -201.543    249.758     55.947
      4.675    -30.886    -18.872    -27.933   -200.827    250.122     56.570
      4.676    -31.087    -18.622    -27.876   -200.107    250.479     57.192
      4.677    -31.286    -18.371    -27.819   -199.383    250.832     57.812
      4.678    -31.485    -18.120    -27.761   -198.655    251.178     58.431
      4.679    -31.684    -17.869    -27.702   -197.922    251.519     59.049
      4.680    -31.881    -17.617    -27.643   -197.185    251.855     59.665
      4.681    -32.078    -17.365    -27.583   -196.444    252.185     60.279
      4.682    -32.274    -17.112    -27.522   -195.699    252.509     60.892
      4.683    -32.469    -16.860    -27.461   -194.950    252.827     61.504
      4.684    -32.664    -16.607    -27.399   -194.197    253.140     62.114
      4.685    -32.858    -16.354    -27.337   -193.440    253.447     62.722
      4.686    -33.051    -16.100    -27.274   -192.680    253.748     63.328
      4.687    -33.243    -15.846    -27.210   -191.916    254.044     63.933
      4.688    -33.435    -15.592    -27.146   -191.148    254.334     64.535
      4.689    -33.626    -15.337    -27.081   -190.376    254.618     65.136
      4.690    -33.815    -15.083    -27.015   -189.601    254.896     65.735
      4.691    -34.005    -14.828    -26.949   -188.823    255.168     66.332
      4.692    -34.193    -14.572    -26.883   -188.041    255.434     66.927
      4.693    -34.381    -14.317    -26.816   -187.256    255.695     67.520
      4.694    -34.568    -14.061    -26.748   -186.467    255.949     68.110
      4.695    -34.754    -13.805    -26.679   -185.675    256.198     68.699
      4.696    -34.939    -13.548    -26.610   -184.880    256.440     69.285
      4.697    -35.123    -13.292    -26.541   -184.082    256.677     69.869
      4.698    -35.307    -13.035    -26.471   -183.281    256.908     70.451
      4.699    -35.490    -12.778    -26.400   -182.478    257.133     71.031
      4.700    -35.672    -12.521    -26.329   -181.671    257.352     71.608
      4.701    -35.853    -12.263    -26.257   -180.861    257.565     72.183
      4.702    -36.034    -12.006    -26.184   -180.049    257.772     72.755
      4.703    -36.213    -11.748    -26.111   -179.234    257.973     73.325
      4.704    -36.392    -11.490    -26.038   -178.416    258.168     73.892
      4.705    -36.570    -11.232    -25.963   -177.596    258.358     74.457
      4.706    -36.747    -10.973    -25.889   -176.773    258.541     75.019
      4.707    -36.924    -10.714    -25.813   -175.948    258.718     75.578
      4.708    -37.099    -10.456    -25.737   -175.121    258.889     76.135
      4.709    -37.274    -10.197    -25.661   -174.292    259.055     76.689
      4.710    -37.448     -9.938    -25.584   -173.460    259.214     77.241
      4.711    -37.621     -9.678    -25.507   -172.626    259.368     77.789
      4.712    -37.793     -9.419    -25.429   -171.790    259.515     78.335
      4.713    -37.965     -9.159    -25.350   -170.952    259.657     78.878
      4.714    -38.135     -8.900    -25.271   -170.112    259.793     79.418
      4.715    -38.305     -8.640    -25.191   -169.271    259.923     79.955
      4.716    -38.474     -8.380    -25.111   -168.427    260.046     80.490
      4.717    -38.642     -8.120    -25.030   -167.582    260.165     81.021
      4.718    -38.809     -7.859    -24.949   -166.735    260.277     81.549
      4.719    -38.975     -7.599    -24.867   -165.887    260.383     82.075
      4.720    -39.141     -7.339    -24.785   -165.037    260.484     82.597
      4.721    -39.305     -7.078    -24.702   -164.186    260.578     83.116
      4.722    -39.469     -6.817    -24.618   -163.333    260.667     83.633
      4.723    -39.632     -6.557    -24.535   -162.479    260.751     84.146
      4.724    -39.794     -6.296    -24.450   -161.624    260.828     84.656
      4.725    -39.955     -6.035    -24.365   -160.768    260.900     85.163
      4.726    -40.115     -5.774    -24.280   -159.910    260.966     85.666
      4.727    -40.275     -5.513    -24.194   -159.052    261.026     86.167
      4.728    -40.434     -5.252    -24.108   -158.192    261.081     86.664
      4.729    -40.591     -4.991    -24.021   -157.332    261.129     87.158
      4.730    -40.748     -4.730    -23.933   -156.471    261.173     87.649
      4.731    -40.904     -4.469    -23.845   -155.609    261.211     88.136
      4.732    -41.059     -4.207    -23.757   -154.746    261.243     88.620
      4.733    -41.214     -3.946    -23.668   -153.883    261.269     89.101
      4.734    -41.367     -3.685    -23.579   -153.019    261.290     89.579
      4.735    -41.520     -3.424    -23.489   -152.155    261.306     90.053
      4.736    -41.672     -3.162    -23.399   -151.290    261.316     90.524
      4.737    -41.822     -2.901    -23.308   -150.424    261.321     90.991
      4.738    -41.972     -2.640    -23.217   -149.559    261.320     91.455
      4.739    -42.121     -2.378    -23.125   -148.693    261.314     91.916
      4.740    -42.270     -2.117    -23.033   -147.827    261.303     92.374
      4.741    -42.417     -1.856    -22.940   -146.961    261.286     92.827
      4.742    -42.564     -1.594    -22.847   -146.094    261.264     93.278
      4.743    -42.709     -1.333    -22.754   -145.228    261.237     93.725
      4.744    -42.854     -1.072    -22.660   -144.362    261.205     94.169
      4.745    -42.998     -0.811    -22.565   -143.495    261.167     94.609
      4.746    -43.141     -0.550    -22.470   -142.629    261.125     95.046
      4.747    -43.283     -0.289    -22.375   -141.763    261.077     95.479
      4.748    -43.425     -0.027    -22.280   -140.897    261.024     95.909
      4.749    -43.565      0.234    -22.183   -140.032    260.966     96.335
      4.750    -43.705      0.494    -22.087   -139.167    260.903     96.758
      4.751    -43.843      0.755    -21.990   -138.302    260.835     97.177
      4.752    -43.981      1.016    -21.893   -137.438    260.763     97.593
      4.753    -44.118      1.277    -21.795   -136.574    260.685     98.006
      4.754    -44.254      1.538    -21.696   -135.711    260.603     98.414
      4.755    -44.390      1.798    -21.598   -134.848    260.515     98.820
      4.756    -44.524      2.059    -21.499   -133.987    260.423     99.222
      4.757    -44.658      2.319    -21.399   -133.125    260.326     99.620
      4.758    -44.790      2.579    -21.300   -132.265    260.225    100.015
      4.759    -44.922      2.839    -21.199   -131.405    260.119    100.407
      4.760    -45.053      3.099    -21.099   -130.546    260.008    100.795
      4.761    -45.183      3.359    -20.998   -129.688    259.893    101.179
      4.762    -45.313      3.619    -20.896   -128.831    259.773    101.560
      4.763    -45.441      3.879    -20.795   -127.975    259.649    101.937
      4.764    -45.569      4.138    -20.693   -127.120    259.520    102.311
      4.765    -45.695      4.398    -20.590   -126.266    259.387    102.682
      4.766    -45.821      4.657    -20.487   -125.414    259.250    103.049
      4.767    -45.946      4.916    -20.384   -124.562    259.108    103.413
      4.768    -46.070      5.175    -20.280   -123.711    258.962    103.773
      4.769    -46.193      5.434    -20.176   -122.862    258.812    104.129
      4.770    -46.316      5.693    -20.072   -122.014    258.657    104.483
      4.771    -46.438      5.952    -19.967   -121.167    258.498    104.832
      4.772    -46.558      6.210    -19.862   -120.322    258.336    105.179
      4.773    -46.678      6.468    -19.757   -119.478    258.169    105.522
      4.774    -46.797      6.726    -19.651   -118.635    257.998    105.861
      4.775    -46.915      6.984    -19.545   -117.794    257.823    106.197
      4.776    -47.033      7.242    -19.439   -116.955    257.644    106.530
      4.777    -47.149      7.500    -19.332   -116.117    257.461    106.859
      4.778    -47.265      7.757    -19.225   -115.280    257.275    107.185
      4.779    -47.380      8.014    -19.118   -114.445    257.084    107.507
      4.780    -47.494      8.271    -19.010   -113.612    256.890    107.826
      4.781    -47.607      8.528    -18.902   -112.780    256.692    108.142
      4.782    -47.719      8.785    -18.794   -111.950    256.491    108.455
      4.783    -47.831      9.041    -18.685   -111.122    256.285    108.764
      4.784    -47.942      9.297    -18.577   -110.295    256.077    109.070
      4.785    -48.052      9.553    -18.467   -109.470    255.864    109.372
      4.786    -48.161      9.809    -18.358   -108.647    255.648    109.671
      4.787    -48.269     10.064    -18.248   -107.826    255.429    109.967
      4.788    -48.376     10.320    -18.138   -107.007    255.206    110.260
      4.789    -48.483     10.575    -18.027   -106.190    254.979    110.549
      4.790    -48.589     10.830    -17.917   -105.374    254.749    110.835
      4.791    -48.694     11.084    -17.806   -104.560    254.516    111.118
      4.792    -48.798     11.339    -17.695   -103.749    254.280    111.397
      4.793    -48.901     11.593    -17.583   -102.939    254.040    111.674
      4.794    -49.004     11.847    -17.471   -102.131    253.798    111.947
      4.795    -49.105     12.100    -17.359   -101.326    253.552    112.217
      4.796    -49.206     12.354    -17.247   -100.522    253.302    112.484
      4.797    -49.306     12.607    -17.134    -99.721    253.050    112.748
      4.798    -49.406     12.860    -17.021    -98.921    252.795    113.008
      4.799    -49.504     13.113    -16.908    -98.124    252.537    113.266
      4.800    -49.602     13.365    -16.795    -97.329    252.276    113.520
      4.801    -49.699     13.617    -16.681    -96.536    252.011    113.771
      4.802    -49.795     13.869    -16.567    -95.745    251.744    114.020
      4.803    -49.890     14.121    -16.453    -94.956    251.474    114.265
      4.804    -49.985     14.372    -16.339    -94.169    251.202    114.507
      4.805    -50.079     14.623    -16.224    -93.385    250.926    114.746
      4.806    -50.172     14.874    -16.109    -92.603    250.648    114.982
      4.807    -50.264     15.124    -15.994    -91.823    250.367    115.215
      4.808    -50.355     15.375    -15.879    -91.045    250.083    115.445
      4.809    -50.446     15.625    -15.763    -90.270    249.797    115.672
      4.810    -50.536     15.874    -15.647    -89.497    249.508    115.896
      4.811    -50.625     16.124    -15.531    -88.726    249.217    116.118
      4.812    -50.713     16.373    -15.415    -87.958    248.923    116.336
      4.813    -50.801     16.621    -15.299    -87.192    248.626    116.551
      4.814    -50.888     16.870    -15.182    -86.428    248.327    116.764
      4.815    -50.974     17.118    -15.065    -85.667    248.026    116.974
      4.816    -51.059     17.366    -14.948    -84.908    247.722    117.181
      4.817    -51.144     17.613    -14.831    -84.151    247.416    117.385
      4.818    -51.227     17.861    -14.713    -83.397    247.108    117.586
      4.819    -51.311     18.108    -14.596    -82.645    246.797    117.784
      4.820    -51.393     18.354    -14.478    -81.895    246.484    117.980
      4.821    -51.474     18.601    -14.360    -81.148    246.169    118.173
      4.822    -51.555     18.847    -14.241    -80.403    245.852    118.363
      4.823    -51.635     19.092    -14.123    -79.661    245.532    118.551
      4.824    -51.714     19.338    -14.004    -78.921    245.211    118.735
      4.825    -51.793     19.583    -13.885    -78.184    244.887    118.917
      4.826    -51.871     19.828    -13.766    -77.449    244.562    119.097
      4.827    -51.948     20.072    -13.647    -76.716    244.234    119.274
      4.828    -52.024     20.316    -13.528    -75.986    243.904    119.448
      4.829    -52.100     20.560    -13.408    -75.258    243.573    119.619
      4.830    -52.175     20.803    -13.289    -74.533    243.239    119.788
      4.831    -52.249     21.046    -13.169    -73.811    242.904    119.954
      4.832    -52.322     21.289    -13.049    -73.091    242.566    120.118
      4.833    -52.395     21.531    -12.929    -72.373    242.227    120.279
      4.834    -52.467     21.773    -12.808    -71.658    241.886    120.438
      4.835    -52.538     22.015    -12.688    -70.945    241.544    120.594
      4.836    -52.609     22.256    -12.567    -70.235    241.199    120.748
      4.837    -52.679     22.498    -12.446    -69.527    240.853    120.899
      4.838    -52.748     22.738    -12.325    -68.822    240.505    121.048
      4.839    -52.817     22.979    -12.204    -68.119    240.156    121.194
      4.840    -52.884     23.218    -12.083    -67.419    239.804    121.338
      4.841    -52.951     23.458    -11.961    -66.721    239.452    121.480
      4.842    -53.018     23.697    -11.840    -66.026    239.097    121.619
      4.843    -53.083     23.936    -11.718    -65.333    238.742    121.756
      4.844    -53.148     24.175    -11.596    -64.643    238.384    121.890
      4.845    -53.213     24.413    -11.474    -63.955    238.025    122.022
      4.846    -53.276     24.651    -11.352    -63.270    237.665    122.152
      4.847    -53.339     24.888    -11.230    -62.587    237.303    122.279
      4.848    -53.401     25.126    -11.108    -61.907    236.940    122.404
      4.849    -53.463     25.362    -10.985    -61.229    236.575    122.527
      4.850    -53.524     25.599    -10.863    -60.554    236.209    122.648
      4.851    -53.584     25.835    -10.740    -59.881    235.842    122.766
      4.852    -53.644     26.070    -10.617    -59.211    235.474    122.882
      4.853    -53.703     26.306    -10.494    -58.543    235.104    122.996
      4.854    -53.761     26.541    -10.371    -57.878    234.732    123.108
      4.855    -53.818     26.775    -10.248    -57.216    234.360    123.218
      4.856    -53.875     27.009    -10.125    -56.555    233.986    123.325
      4.857    -53.931     27.243    -10.001    -55.898    233.612    123.431
      4.858    -53.987     27.477     -9.878    -55.242    233.236    123.534
      4.859    -54.042     27.710     -9.754    -54.590    232.858    123.635
      4.860    -54.096     27.942     -9.631    -53.940    232.480    123.734
      4.861    -54.150     28.175     -9.507    -53.292    232.101    123.831
      4.862    -54.203     28.406     -9.383    -52.647    231.720    123.926
      4.863    -54.255     28.638     -9.259    -52.004    231.339    124.019
      4.864    -54.307     28.869     -9.135    -51.363    230.956    124.110
      4.865    -54.358     29.100     -9.011    -50.726    230.573    124.199
      4.866    -54.408     29.330     -8.887    -50.090    230.188    124.286
      4.867    -54.458     29.560     -8.762    -49.457    229.802    124.371
      4.868    -54.507     29.790     -8.638    -48.827    229.416    124.454
      4.869    -54.556     30.019     -8.513    -48.199    229.028    124.535
      4.870    -54.604     30.248     -8.389    -47.573    228.640    124.614
      4.871    -54.651     30.476     -8.264    -46.950    228.251    124.691
      4.872    -54.697     30.704     -8.139    -46.329    227.860    124.767
      4.873    -54.743     30.932     -8.015    -45.711    227.469    124.840
      4.874    -54.789     31.159     -7.890    -45.095    227.077    124.912
      4.875    -54.834     31.386     -7.765    -44.482    226.685    124.981
      4.876    -54.878     31.613     -7.640    -43.871    226.291    125.049
      4.877    -54.921     31.839     -7.515    -43.262    225.897    125.115
      4.878    -54.964     32.065     -7.389    -42.656    225.502    125.180
      4.879    -55.007     32.290     -7.264    -42.052    225.106    125.242
      4.880    -55.048     32.515     -7.139    -41.451    224.709    125.303
      4.881    -55.090     32.739     -7.014    -40.852    224.312    125.362
      4.882    -55.130     32.963     -6.888    -40.255    223.914    125.419
      4.883    -55.170     33.187     -6.763    -39.661    223.516    125.475
      4.884    -55.209     33.410     -6.637    -39.069    223.116    125.528
      4.885    -55.248     33.633     -6.512    -38.480    222.716    125.580
      4.886    -55.286     33.856     -6.386    -37.893    222.316    125.631
      4.887    -55.324     34.078     -6.261    -37.308    221.914    125.679
      4.888    -55.361     34.300     -6.135    -36.726    221.513    125.726
      4.889    -55.398     34.521     -6.009    -36.145    221.110    125.772
      4.890    -55.433     34.742     -5.883    -35.568    220.707    125.816
      4.891    -55.469     34.962     -5.757    -34.992    220.304    125.858
      4.892    -55.503     35.182     -5.632    -34.419    219.899    125.898
      4.893    -55.537     35.402     -5.506    -33.848    219.495    125.937
      4.894    -55.571     35.621     -5.380    -33.280    219.090    125.975
      4.895    -55.604     35.840     -5.254    -32.714    218.684    126.010
      4.896    -55.636     36.059     -5.128    -32.150    218.278    126.045
      4.897    -55.668     36.277     -5.002    -31.588    217.871    126.077
      4.898    -55.700     36.495     -4.876    -31.029    217.464    126.108
      4.899    -55.730     36.712     -4.749    -30.472    217.057    126.138
      4.900    -55.761     36.929     -4.623    -29.917    216.649    126.166
      4.901    -55.790     37.145     -4.497    -29.364    216.240    126.193
      4.902    -55.819     37.361     -4.371    -28.814    215.832    126.218
      4.903    -55.848     37.577     -4.245    -28.266    215.423    126.242
      4.904    -55.876     37.792     -4.118    -27.720    215.013    126.264
      4.905    -55.903     38.007     -3.992    -27.176    214.603    126.285
      4.906    -55.930     38.221     -3.866    -26.635    214.193    126.304
      4.907    -55.957     38.435     -3.739    -26.096    213.782    126.322
      4.908    -55.982     38.649     -3.613    -25.559    213.371    126.338
      4.909    -56.008     38.862     -3.487    -25.024    212.960    126.353
      4.910    -56.032     39.075     -3.360    -24.491    212.549    126.367
      4.911    -56.057     39.287     -3.234    -23.961    212.137    126.379
      4.912    -56.080     39.499     -3.108    -23.432    211.725    126.390
      4.913    -56.104     39.710     -2.981    -22.906    211.312    126.400
      4.914    -56.126     39.922     -2.855    -22.382    210.900    126.408
      4.915    -56.148     40.132     -2.728    -21.861    210.487    126.415
      4.916    -56.170     40.343     -2.602    -21.341    210.073    126.420
      4.917    -56.191     40.552     -2.476    -20.823    209.660    126.424
      4.918    -56.212     40.762     -2.349    -20.308    209.246    126.427
      4.919    -56.232     40.971     -2.223    -19.795    208.833    126.429
      4.920    -56.251     41.180     -2.096    -19.283    208.419    126.429
      4.921    -56.270     41.388     -1.970    -18.774    208.004    126.428
      4.922    -56.289     41.596     -1.844    -18.267    207.590    126.425
      4.923    -56.307     41.803     -1.717    -17.762    207.175    126.421
      4.924    -56.324     42.010     -1.591    -17.260    206.761    126.416
      4.925    -56.341     42.216     -1.464    -16.759    206.346    126.410
      4.926    -56.358     42.423     -1.338    -16.260    205.931    126.402
      4.927    -56.374     42.628     -1.211    -15.763    205.516    126.392
      4.928    -56.389     42.834     -1.085    -15.269    205.100    126.382
      4.929    -56.404     43.039     -0.959    -14.776    204.685    126.369
      4.930    -56.419     43.243     -0.832    -14.286    204.270    126.356
      4.931    -56.433     43.447     -0.706    -13.797    203.854    126.341
      4.932    -56.446     43.651     -0.580    -13.311    203.438    126.324
      4.933    -56.459     43.854     -0.453    -12.826    203.023    126.305
      4.934    -56.472     44.057     -0.327    -12.344    202.607    126.285
      4.935    -56.484     44.259     -0.201    -11.863    202.191    126.263
      4.936    -56.496     44.461     -0.075    -11.385    201.775    126.238
      4.937    -56.507     44.663      0.052    -10.908    201.359    126.212
      4.938    -56.518     44.864      0.178    -10.434    200.943    126.184
      4.939    -56.528     45.065      0.304     -9.961    200.527    126.154
      4.940    -56.538     45.265      0.430     -9.491    200.111    126.123
      4.941    -56.547     45.465      0.556     -9.022    199.695    126.089
      4.942    -56.556     45.664      0.682     -8.556    199.279    126.054
      4.943    -56.564     45.863      0.808     -8.091    198.863    126.018
      4.944    -56.572     46.062      0.934     -7.628    198.447    125.980
      4.945    -56.579     46.260      1.060     -7.168    198.032    125.941
      4.946    -56.586     46.458      1.186     -6.709    197.616    125.901
      4.947    -56.593     46.656      1.312     -6.252    197.200    125.859
      4.948    -56.599     46.852      1.438     -5.797    196.784    125.816
      4.949    -56.604     47.049      1.564     -5.344    196.369    125.773
      4.950    -56.609     47.245      1.690     -4.893    195.953    125.728
      4.951    -56.614     47.441      1.815     -4.444    195.537    125.682
      4.952    -56.618     47.636      1.941     -3.996    195.122    125.636
      4.953    -56.622     47.831      2.067     -3.551    194.707    125.588
      4.954    -56.625     48.026      2.192     -3.107    194.292    125.539
      4.955    -56.628     48.220      2.318     -2.665    193.876    125.490
      4.956    -56.631     48.413      2.443     -2.226    193.461    125.439
      4.957    -56.633     48.607      2.569     -1.788    193.046    125.388
      4.958    -56.634     48.800      2.694     -1.351    192.632    125.336
      4.959    -56.635     48.992      2.819     -0.917    192.217    125.283
      4.960    -56.636     49.184      2.944     -0.484    191.802    125.229
      4.961    -56.636     49.376      3.070     -0.054    191.388    125.174
      4.962    -56.636     49.567      3.195      0.375    190.974    125.119
      4.963    -56.636     49.758      3.320      0.802    190.560    125.062
      4.964    -56.635     49.948      3.445      1.228    190.146    125.005
      4.965    -56.633     50.138      3.570      1.651    189.732    124.947
      4.966    -56.631     50.327      3.695      2.073    189.318    124.888
      4.967    -56.629     50.516      3.820      2.493    188.905    124.829
      4.968    -56.626     50.705      3.944      2.911    188.491    124.768
      4.969    -56.623     50.893      4.069      3.328    188.078    124.707
      4.970    -56.620     51.081      4.194      3.743    187.665    124.645
      4.971    -56.616     51.269      4.318      4.156    187.252    124.583
      4.972    -56.611     51.456      4.443      4.567    186.840    124.519
      4.973    -56.607     51.642      4.568      4.977    186.427    124.455
      4.974    -56.601     51.829      4.692      5.384    186.015    124.390
      4.975    -56.596     52.014      4.816      5.791    185.603    124.325
      4.976    -56.590     52.200      4.941      6.195    185.191    124.258
      4.977    -56.583     52.385      5.065      6.598    184.779    124.191
      4.978    -56.577     52.569      5.189      6.999    184.368    124.123
      4.979    -56.569     52.754      5.313      7.399    183.956    124.055
      4.980    -56.562     52.937      5.437      7.796    183.545    123.986
      4.981    -56.554     53.121      5.561      8.193    183.134    123.916
      4.982    -56.545     53.304      5.685      8.587    182.724    123.846
      4.983    -56.537     53.486      5.809      8.980    182.313    123.774
      4.984    -56.527     53.668      5.932      9.371    181.903    123.703
      4.985    -56.518     53.850      6.056      9.761    181.493    123.630
      4.986    -56.508     54.031      6.180     10.149    181.083    123.557
      4.987    -56.498     54.212      6.303     10.536    180.674    123.483
      4.988    -56.487     54.393      6.427     10.920    180.265    123.409
      4.989    -56.476     54.573      6.550     11.304    179.856    123.334
      4.990    -56.464     54.752      6.673     11.685    179.447    123.258
      4.991    -56.452     54.932      6.797     12.065    179.038    123.182
      4.992    -56.440     55.110      6.920     12.444    178.630    123.105
      4.993    -56.427     55.289      7.043     12.821    178.222    123.027
      4.994    -56.414     55.467      7.166     13.196    177.814    122.949
      4.995    -56.401     55.644      7.289     13.570    177.407    122.870
      4.996    -56.387     55.822      7.412     13.943    176.999    122.791
      4.997    -56.373     55.998      7.534     14.314    176.592    122.711
      4.998    -56.359     56.175      7.657     14.683    176.185    122.630
      4.999    -56.344     56.351      7.780     15.051    175.779    122.549
      5.000    -56.329     56.526      7.902     15.417    175.373    122.467
      5.001    -56.313     56.702      8.024     15.782    174.967    122.385
      5.002    -56.297     56.876      8.147     16.145    174.561    122.302
      5.003    -56.281     57.051      8.269     16.507    174.156    122.219
      5.004    -56.264     57.225      8.391     16.867    173.750    122.135
      5.005    -56.247     57.398      8.513     17.226    173.346    122.050
      5.006    -56.230     57.571      8.635     17.583    172.941    121.965
      5.007    -56.212     57.744      8.757     17.939    172.537    121.880
      5.008    -56.194     57.916      8.879     18.294    172.133    121.793
      5.009    -56.175     58.088      9.001     18.647    171.729    121.707
      5.010    -56.156     58.260      9.123     18.998    171.325    121.619
      5.011    -56.137     58.431      9.244     19.348    170.922    121.532
      5.012    -56.118     58.602      9.366     19.697    170.519    121.443
      5.013    -56.098     58.772      9.487     20.044    170.117    121.355
      5.014    -56.078     58.942      9.608     20.390    169.714    121.265
      5.015    -56.057     59.111      9.730     20.735    169.312    121.175
      5.016    -56.036     59.281      9.851     21.078    168.911    121.085
      5.017    -56.015     59.449      9.972     21.420    168.509    120.994
      5.018    -55.993     59.618     10.093     21.760    168.108    120.903
      5.019    -55.971     59.785     10.213     22.099    167.707    120.811
      5.020    -55.949     59.953     10.334     22.436    167.307    120.719
      5.021    -55.926     60.120     10.455     22.773    166.907    120.626
      5.022    -55.904     60.287     10.576     23.107    166.507    120.533
      5.023    -55.880     60.453     10.696     23.441    166.107    120.439
      5.024    -55.857     60.619     10.816     23.773    165.708    120.345
      5.025    -55.833     60.785     10.937     24.104    165.309    120.250
      5.026    -55.808     60.950     11.057     24.433    164.910    120.155
      5.027    -55.784     61.114     11.177     24.761    164.512    120.060
      5.028    -55.759     61.279     11.297     25.088    164.114    119.963
      5.029    -55.734     61.443     11.417     25.414    163.716    119.867
      5.030    -55.708     61.606     11.537     25.738    163.319    119.770
      5.031    -55.682     61.769     11.656     26.061    162.922    119.673
      5.032    -55.656     61.932     11.776     26.382    162.525    119.575
      5.033    -55.629     62.094     11.896     26.703    162.129    119.477
      5.034    -55.603     62.256     12.015     27.022    161.732    119.378
      5.035    -55.575     62.418     12.134     27.340    161.337    119.279
      5.036    -55.548     62.579     12.254     27.656    160.941    119.179
      5.037    -55.520     62.740     12.373     27.971    160.546    119.079
      5.038    -55.492     62.900     12.492     28.285    160.151    118.979
      5.039    -55.464     63.060     12.611     28.598    159.757    118.878
      5.040    -55.435     63.219     12.730     28.909    159.363    118.777
      5.041    -55.406     63.379     12.848     29.219    158.969    118.675
      5.042    -55.376     63.537     12.967     29.528    158.575    118.573
      5.043    -55.347     63.696     13.085     29.836    158.182    118.471
      5.044    -55.317     63.854     13.204     30.143    157.789    118.368
      5.045    -55.286     64.011     13.322     30.448    157.397    118.265
      5.046    -55.256     64.169     13.440     30.752    157.004    118.161
      5.047    -55.225     64.325     13.558     31.055    156.612    118.057
      5.048    -55.194     64.482     13.676     31.356    156.221    117.953
      5.049    -55.162     64.638     13.794     31.657    155.830    117.848
      5.050    -55.130     64.793     13.912     31.956    155.439    117.743
      5.051    -55.098     64.949     14.030     32.254    155.048    117.637
      5.052    -55.066     65.104     14.147     32.551    154.658    117.532
      5.053    -55.033     65.258     14.265     32.847    154.268    117.425
      5.054    -55.000     65.412     14.382     33.141    153.879    117.319
      5.055    -54.967     65.566     14.500     33.434    153.489    117.212
      5.056    -54.933     65.719     14.617     33.727    153.101    117.104
      5.057    -54.899     65.872     14.734     34.018    152.712    116.997
      5.058    -54.865     66.024     14.851     34.307    152.324    116.889
      5.059    -54.831     66.177     14.968     34.596    151.936    116.780
      5.060    -54.796     66.328     15.084     34.884    151.549    116.672
      5.061    -54.761     66.480     15.201     35.170    151.161    116.562
      5.062    -54.726     66.631     15.317     35.456    150.775    116.453
      5.063    -54.690     66.781     15.434     35.740    150.388    116.343
      5.064    -54.654     66.931     15.550     36.023    150.002    116.233
      5.065    -54.618     67.081     15.666     36.305    149.616    116.123
      5.066    -54.582     67.231     15.782     36.586    149.231    116.012
      5.067    -54.545     67.380     15.898     36.865    148.845    115.901
      5.068    -54.508     67.528     16.014     37.144    148.461    115.789
      5.069    -54.471     67.677     16.130     37.422    148.076    115.677
      5.070    -54.433     67.825     16.245     37.698    147.692    115.565
      5.071    -54.395     67.972     16.361     37.973    147.308    115.453
      5.072    -54.357     68.119     16.476     38.248    146.925    115.340
      5.073    -54.319     68.266     16.592     38.521    146.542    115.227
      5.074    -54.280     68.412     16.707     38.793    146.159    115.114
      5.075    -54.241     68.558     16.822     39.064    145.777    115.000
      5.076    -54.202     68.704     16.937     39.334    145.395    114.886
      5.077    -54.162     68.849     17.052     39.603    145.013    114.772
      5.078    -54.123     68.994     17.166     39.871    144.632    114.657
      5.079    -54.083     69.138     17.281     40.138    144.250    114.542
      5.080    -54.042     69.282     17.395     40.404    143.870    114.427
      5.081    -54.002     69.426     17.510     40.669    143.489    114.312
      5.082    -53.961     69.569     17.624     40.932    143.109    114.196
      5.083    -53.920     69.712     17.738     41.195    142.730    114.080
      5.084    -53.879     69.855     17.852     41.457    142.350    113.964
      5.085    -53.837     69.997     17.966     41.717    141.971    113.847
      5.086    -53.795     70.139     18.080     41.977    141.593    113.730
      5.087    -53.753     70.280     18.194     42.236    141.215    113.613
      5.088    -53.711     70.421     18.307     42.493    140.837    113.495
      5.089    -53.668     70.562     18.421     42.750    140.459    113.378
      5.090    -53.625     70.702     18.534     43.006    140.082    113.260
      5.091    -53.582     70.842     18.647     43.260    139.705    113.141
      5.092    -53.539     70.981     18.760     43.514    139.328    113.023
      5.093    -53.495     71.121     18.873     43.766    138.952    112.904
      5.094    -53.451     71.259     18.986     44.018    138.576    112.785
      5.095    -53.407     71.398     19.099     44.269    138.201    112.665
      5.096    -53.363     71.536     19.211     44.519    137.825    112.546
      5.097    -53.318     71.673     19.324     44.767    137.450    112.426
      5.098    -53.273     71.811     19.436     45.015    137.076    112.306
      5.099    -53.228     71.948     19.548     45.262    136.702    112.185
      5.100    -53.183     72.084     19.661     45.508    136.328    112.065
      5.101    -53.137     72.220     19.773     45.753    135.954    111.944
      5.102    -53.091     72.356     19.884     45.997    135.581    111.822
      5.103    -53.045     72.491     19.996     46.240    135.208    111.701
      5.104    -52.999     72.626     20.108     46.482    134.836    111.579
      5.105    -52.952     72.761     20.219     46.723    134.464    111.457
      5.106    -52.905     72.895     20.331     46.963    134.092    111.335
      5.107    -52.858     73.029     20.442     47.202    133.721    111.213
      5.108    -52.811     73.163     20.553     47.441    133.349    111.090
      5.109    -52.763     73.296     20.664     47.678    132.979    110.967
      5.110    -52.715     73.429     20.775     47.915    132.608    110.844
      5.111    -52.667     73.561     20.886     48.150    132.238    110.721
      5.112    -52.619     73.693     20.997     48.385    131.868    110.597
      5.113    -52.571     73.825     21.107     48.619    131.499    110.473
      5.114    -52.522     73.956     21.217     48.852    131.130    110.349
      5.115    -52.473     74.087     21.328     49.084    130.761    110.225
      5.116    -52.424     74.218     21.438     49.315    130.393    110.101
      5.117    -52.374     74.348     21.548     49.545    130.025    109.976
      5.118    -52.325     74.478     21.658     49.775    129.657    109.851
      5.119    -52.275     74.607     21.768     50.003    129.290    109.726
      5.120    -52.225     74.736     21.877     50.231    128.922    109.600
      5.121    -52.174     74.865     21.987     50.457    128.556    109.475
      5.122    -52.124     74.993     22.096     50.683    128.189    109.349
      5.123    -52.073     75.121     22.206     50.908    127.823    109.223
      5.124    -52.022     75.249     22.315     51.132    127.458    109.096
      5.125    -51.971     75.376     22.424     51.355    127.092    108.970
      5.126    -51.919     75.503     22.533     51.578    126.727    108.843
      5.127    -51.868     75.630     22.641     51.799    126.362    108.716
      5.128    -51.816     75.756     22.750     52.020    125.998    108.589
      5.129    -51.764     75.882     22.859     52.240    125.634    108.462
      5.130    -51.711     76.007     22.967     52.459    125.270    108.334
      5.131    -51.659     76.132     23.075     52.677    124.907    108.207
      5.132    -51.606     76.257     23.183     52.894    124.544    108.079
      5.133    -51.553     76.381     23.291     53.111    124.181    107.951
      5.134    -51.500     76.505     23.399     53.326    123.819    107.822
      5.135    -51.446     76.629     23.507     53.541    123.457    107.694
      5.136    -51.393     76.752     23.615     53.755    123.095    107.565
      5.137    -51.339     76.875     23.722     53.968    122.734    107.436
      5.138    -51.285     76.998     23.830     54.181    122.373    107.307
      5.139    -51.230     77.120     23.937     54.392    122.012    107.178
      5.140    -51.176     77.242     24.044     54.603    121.651    107.048
      5.141    -51.121     77.363     24.151     54.813    121.291    106.919
      5.142    -51.066     77.484     24.258     55.022    120.932    106.789
      5.143    -51.011     77.605     24.365     55.230    120.572    106.659
      5.144    -50.956     77.726     24.471     55.438    120.213    106.528
      5.145    -50.900     77.846     24.578     55.644    119.854    106.398
      5.146    -50.844     77.965     24.684     55.850    119.496    106.267
      5.147    -50.788     78.085     24.790     56.056    119.138    106.136
      5.148    -50.732     78.204     24.896     56.260    118.780    106.006
      5.149    -50.676     78.322     25.002     56.463    118.422    105.874
      5.150    -50.619     78.440     25.108     56.666    118.065    105.743
      5.151    -50.563     78.558     25.214     56.868    117.708    105.611
      5.152    -50.506     78.676     25.319     57.070    117.352    105.480
      5.153    -50.448     78.793     25.425     57.270    116.996    105.348
      5.154    -50.391     78.910     25.530     57.470    116.640    105.216
      5.155    -50.334     79.026     25.635     57.669    116.284    105.084
      5.156    -50.276     79.142     25.740     57.867    115.929    104.951
      5.157    -50.218     79.258     25.845     58.064    115.574    104.819
      5.158    -50.160     79.374     25.950     58.261    115.220    104.686
      5.159    -50.101     79.489     26.054     58.457    114.865    104.553
      5.160    -50.043     79.603     26.159     58.652    114.511    104.420
      5.161    -49.984     79.718     26.263     58.847    114.158    104.287
      5.162    -49.925     79.832     26.367     59.040    113.804    104.153
      5.163    -49.866     79.945     26.471     59.233    113.451    104.020
      5.164    -49.807     80.058     26.575     59.425    113.099    103.886
      5.165    -49.747     80.171     26.679     59.617    112.746    103.752
      5.166    -49.687     80.284     26.783     59.808    112.394    103.618
      5.167    -49.627     80.396     26.886     59.998    112.043    103.484
      5.168    -49.567     80.508     26.990     60.187    111.691    103.350
      5.169    -49.507     80.620     27.093     60.376    111.340    103.215
      5.170    -49.447     80.731     27.196     60.563    110.989    103.080
      5.171    -49.386     80.842     27.299     60.750    110.639    102.946
      5.172    -49.325     80.952     27.402     60.937    110.289    102.811
      5.173    -49.264     81.062     27.505     61.123    109.939    102.675
      5.174    -49.203     81.172     27.608     61.308    109.589    102.540
      5.175    -49.141     81.281     27.710     61.492    109.240    102.405
      5.176    -49.080     81.390     27.812     61.675    108.891    102.269
      5.177    -49.018     81.499     27.915     61.858    108.542    102.133
      5.178    -48.956     81.607     28.017     62.040    108.194    101.997
      5.179    -48.894     81.715     28.119     62.222    107.846    101.861
      5.180    -48.832     81.823     28.220     62.403    107.498    101.725
      5.181    -48.769     81.930     28.322     62.583    107.151    101.589
      5.182    -48.707     82.037     28.423     62.762    106.804    101.452
      5.183    -48.644     82.144     28.525     62.941    106.457    101.316
      5.184    -48.581     82.250     28.626     63.119    106.111    101.179
      5.185    -48.517     82.356     28.727     63.296    105.765    101.042
      5.186    -48.454     82.462     28.828     63.473    105.419    100.905
      5.187    -48.391     82.567     28.929     63.649    105.073    100.768
      5.188    -48.327     82.672     29.030     63.824    104.728    100.630
      5.189    -48.263     82.777     29.130     63.999    104.383    100.493
      5.190    -48.199     82.881     29.231     64.173    104.038    100.355
      5.191    -48.135     82.985     29.331     64.346    103.694    100.218
      5.192    -48.070     83.088     29.431     64.519    103.350    100.080
      5.193    -48.005     83.191     29.531     64.691    103.006     99.942
      5.194    -47.941     83.294     29.631     64.862    102.663     99.804
      5.195    -47.876     83.397     29.731     65.033    102.320     99.665
      5.196    -47.811     83.499     29.830     65.203    101.977     99.527
      5.197    -47.745     83.601     29.930     65.372    101.634     99.388
      5.198    -47.680     83.702     30.029     65.541    101.292     99.250
      5.199    -47.614     83.803     30.128     65.709    100.950     99.111
      5.200    -47.548     83.904     30.227     65.877    100.608     98.972
      5.201    -47.483     84.004     30.326     66.043    100.267     98.833
      5.202    -47.416     84.105     30.425     66.209     99.926     98.693
      5.203    -47.350     84.204     30.524     66.375     99.585     98.554
      5.204    -47.284     84.304     30.622     66.540     99.244     98.415
      5.205    -47.217     84.403     30.720     66.704     98.904     98.275
      5.206    -47.150     84.502     30.819     66.868     98.564     98.135
      5.207    -47.083     84.600     30.917     67.031     98.225     97.995
      5.208    -47.016     84.698     31.015     67.193     97.885     97.855
      5.209    -46.949     84.796     31.112     67.355     97.546     97.715
      5.210    -46.881     84.893     31.210     67.516     97.208     97.575
      5.211    -46.814     84.990     31.308     67.676     96.869     97.435
      5.212    -46.746     85.087     31.405     67.836     96.531     97.294
      5.213    -46.678     85.183     31.502     67.995     96.193     97.154
      5.214    -46.610     85.279     31.599     68.154     95.855     97.013
      5.215    -46.542     85.375     31.696     68.312     95.518     96.872
      5.216    -46.473     85.470     31.793     68.469     95.181     96.731
      5.217    -46.405     85.565     31.890     68.626     94.844     96.590
      5.218    -46.336     85.660     31.986     68.782     94.508     96.449
      5.219    -46.267     85.754     32.083     68.938     94.172     96.308
      5.220    -46.198     85.848     32.179     69.093     93.836     96.166
      5.221    -46.129     85.942     32.275     69.247     93.500     96.025
      5.222    -46.060     86.035     32.371     69.401     93.165     95.883
      5.223    -45.990     86.128     32.467     69.554     92.830     95.741
      5.224    -45.921     86.221     32.562     69.707     92.495     95.599
      5.225    -45.851     86.313     32.658     69.859     92.160     95.457
      5.226    -45.781     86.405     32.753     70.010     91.826     95.315
      5.227    -45.711     86.497     32.849     70.161     91.492     95.173
      5.228    -45.641     86.588     32.944     70.311     91.159     95.030
      5.229    -45.570     86.679     33.039     70.461     90.825     94.888
      5.230    -45.500     86.770     33.133     70.610     90.492     94.745
      5.231    -45.429     86.860     33.228     70.759     90.159     94.603
      5.232    -45.358     86.950     33.323     70.907     89.827     94.460
      5.233    -45.287     87.040     33.417     71.054     89.494     94.317
      5.234    -45.216     87.129     33.511     71.201     89.162     94.174
      5.235    -45.145     87.218     33.605     71.347     88.831     94.031
      5.236    -45.073     87.307     33.699     71.492     88.499     93.888
      5.237    -45.002     87.395     33.793     71.638     88.168     93.744
      5.238    -44.930     87.483     33.887     71.782     87.837     93.601
      5.239    -44.858     87.571     33.980     71.926     87.506     93.457
      5.240    -44.786     87.658     34.074     72.069     87.176     93.314
      5.241    -44.714     87.745     34.167     72.212     86.846     93.170
      5.242    -44.642     87.832     34.260     72.354     86.516     93.026
      5.243    -44.570     87.918     34.353     72.496     86.187     92.882
      5.244    -44.497     88.004     34.446     72.637     85.857     92.738
      5.245    -44.424     88.090     34.538     72.778     85.528     92.594
      5.246    -44.351     88.175     34.631     72.918     85.199     92.450
      5.247    -44.278     88.260     34.723     73.057     84.871     92.305
      5.248    -44.205     88.345     34.816     73.196     84.543     92.161
      5.249    -44.132     88.429     34.908     73.335     84.215     92.016
      5.250    -44.059     88.513     35.000     73.472     83.887     91.871
      5.251    -43.985     88.597     35.091     73.610     83.560     91.727
      5.252    -43.911     88.681     35.183     73.746     83.232     91.582
      5.253    -43.838     88.764     35.275     73.883     82.905     91.437
      5.254    -43.764     88.846     35.366     74.018     82.579     91.292
      5.255    -43.690     88.929     35.457     74.153     82.252     91.146
      5.256    -43.615     89.011     35.548     74.288     81.926     91.001
      5.257    -43.541     89.093     35.639     74.422     81.600     90.856
      5.258    -43.466     89.174     35.730     74.556     81.275     90.710
      5.259    -43.392     89.255     35.821     74.689     80.949     90.565
      5.260    -43.317     89.336     35.911     74.821     80.624     90.419
      5.261    -43.242     89.416     36.001     74.953     80.299     90.273
      5.262    -43.167     89.497     36.092     75.085     79.975     90.127
      5.263    -43.092     89.576     36.182     75.215     79.650     89.981
      5.264    -43.017     89.656     36.272     75.346     79.326     89.835
      5.265    -42.941     89.735     36.361     75.476     79.003     89.689
      5.266    -42.866     89.814     36.451     75.605     78.679     89.543
      5.267    -42.790     89.892     36.540     75.734     78.356     89.397
      5.268    -42.714     89.971     36.630     75.862     78.033     89.250
      5.269    -42.638     90.049     36.719     75.990     77.710     89.104
      5.270    -42.562     90.126     36.808     76.117     77.387     88.957
      5.271    -42.486     90.203     36.897     76.244     77.065     88.810
      5.272    -42.410     90.280     36.986     76.370     76.743     88.663
      5.273    -42.333     90.357     37.074     76.496     76.421     88.517
      5.274    -42.257     90.433     37.163     76.621     76.099     88.370
      5.275    -42.180     90.509     37.251     76.746     75.778     88.222
      5.276    -42.103     90.585     37.339     76.870     75.457     88.075
      5.277    -42.026     90.660     37.427     76.994     75.136     87.928
      5.278    -41.949     90.735     37.515     77.117     74.816     87.781
      5.279    -41.872     90.810     37.603     77.240     74.495     87.633
      5.280    -41.795     90.884     37.690     77.362     74.175     87.486
      5.281    -41.717     90.958     37.778     77.484     73.855     87.338
      5.282    -41.640     91.032     37.865     77.605     73.536     87.190
      5.283    -41.562     91.105     37.952     77.726     73.216     87.043
      5.284    -41.484     91.178     38.039     77.846     72.897     86.895
      5.285    -41.407     91.251     38.126     77.966     72.578     86.747
      5.286    -41.329     91.323     38.212     78.086     72.260     86.599
      5.287    -41.250     91.395     38.299     78.204     71.941     86.450
      5.288    -41.172     91.467     38.385     78.323     71.623     86.302
      5.289    -41.094     91.539     38.472     78.441     71.305     86.154
      5.290    -41.015     91.610     38.558     78.558     70.988     86.006
      5.291    -40.937     91.680     38.644     78.675     70.670     85.857
      5.292    -40.858     91.751     38.729     78.791     70.353     85.708
      5.293    -40.779     91.821     38.815     78.907     70.036     85.560
      5.294    -40.700     91.891     38.901     79.023     69.719     85.411
      5.295    -40.621     91.961     38.986     79.138     69.403     85.262
      5.296    -40.542     92.030     39.071     79.252     69.087     85.113
      5.297    -40.463     92.099     39.156     79.366     68.771     84.964
      5.298    -40.383     92.167     39.241     79.480     68.455     84.815
      5.299    -40.304     92.236     39.326     79.593     68.139     84.666
      5.300    -40.224     92.304     39.410     79.705     67.824     84.517
      5.301    -40.144     92.371     39.495     79.818     67.509     84.367
      5.302    -40.064     92.439     39.579     79.929     67.194     84.218
      5.303    -39.984     92.506     39.663     80.040     66.880     84.069
      5.304    -39.904     92.572     39.747     80.151     66.565     83.919
      5.305    -39.824     92.639     39.831     80.262     66.251     83.769
      5.306    -39.744     92.705     39.915     80.371     65.937     83.620
      5.307    -39.663     92.771     39.998     80.481     65.623     83.470
      5.308    -39.583     92.836     40.082     80.590     65.310     83.320
      5.309    -39.502     92.901     40.165     80.698     64.997     83.170
      5.310    -39.421     92.966     40.248     80.806     64.684     83.020
      5.311    -39.340     93.031     40.331     80.914     64.371     82.870
      5.312    -39.259     93.095     40.414     81.021     64.058     82.719
      5.313    -39.178     93.159     40.496     81.127     63.746     82.569
      5.314    -39.097     93.222     40.579     81.234     63.434     82.419
      5.315    -39.016     93.286     40.661     81.339     63.122     82.268
      5.316    -38.935     93.349     40.743     81.445     62.810     82.118
      5.317    -38.853     93.411     40.825     81.550     62.499     81.967
      5.318    -38.771     93.474     40.907     81.654     62.188     81.816
      5.319    -38.690     93.536     40.989     81.758     61.877     81.666
      5.320    -38.608     93.597     41.071     81.861     61.566     81.515
      5.321    -38.526     93.659     41.152     81.965     61.255     81.364
      5.322    -38.444     93.720     41.233     82.067     60.945     81.213
      5.323    -38.362     93.781     41.315     82.169     60.635     81.062
      5.324    -38.280     93.841     41.396     82.271     60.325     80.910
      5.325    -38.197     93.901     41.476     82.372     60.015     80.759
      5.326    -38.115     93.961     41.557     82.473     59.706     80.608
      5.327    -38.032     94.021     41.638     82.574     59.397     80.456
      5.328    -37.950     94.080     41.718     82.674     59.088     80.305
      5.329    -37.867     94.139     41.798     82.773     58.779     80.153
      5.330    -37.784     94.198     41.878     82.873     58.470     80.002
      5.331    -37.701     94.256     41.958     82.971     58.162     79.850
      5.332    -37.618     94.314     42.038     83.070     57.854     79.698
      5.333    -37.535     94.372     42.118     83.167     57.546     79.546
      5.334    -37.452     94.429     42.197     83.265     57.238     79.394
      5.335    -37.369     94.486     42.276     83.362     56.931     79.242
      5.336    -37.285     94.543     42.356     83.458     56.623     79.090
      5.337    -37.202     94.599     42.435     83.555     56.316     78.938
      5.338    -37.118     94.656     42.513     83.650     56.009     78.786
      5.339    -37.034     94.711     42.592     83.746     55.703     78.634
      5.340    -36.951     94.767     42.671     83.841     55.396     78.481
      5.341    -36.867     94.822     42.749     83.935     55.090     78.329
      5.342    -36.783     94.877     42.827     84.029     54.784     78.176
      5.343    -36.699     94.932     42.905     84.123     54.478     78.024
      5.344    -36.615     94.986     42.983     84.216     54.172     77.871
      5.345    -36.530     95.040     43.061     84.309     53.867     77.718
      5.346    -36.446     95.094     43.139     84.401     53.562     77.565
      5.347    -36.361     95.147     43.216     84.493     53.257     77.413
      5.348    -36.277     95.200     43.294     84.585     52.952     77.260
      5.349    -36.192     95.253     43.371     84.676     52.647     77.106
      5.350    -36.108     95.306     43.448     84.767     52.343     76.953
      5.351    -36.023     95.358     43.525     84.857     52.039     76.800
      5.352    -35.938     95.410     43.601     84.947     51.735     76.647
      5.353    -35.853     95.461     43.678     85.036     51.431     76.494
      5.354    -35.768     95.513     43.754     85.126     51.127     76.340
      5.355    -35.683     95.564     43.831     85.214     50.824     76.187
      5.356    -35.597     95.614     43.907     85.303     50.521     76.033
      5.357    -35.512     95.665     43.983     85.390     50.218     75.880
      5.358    -35.427     95.715     44.059     85.478     49.915     75.726
      5.359    -35.341     95.764     44.134     85.565     49.613     75.572
      5.360    -35.255     95.814     44.210     85.652     49.310     75.418
      5.361    -35.170     95.863     44.285     85.738     49.008     75.264
      5.362    -35.084     95.912     44.360     85.824     48.706     75.110
      5.363    -34.998     95.960     44.435     85.909     48.404     74.956
      5.364    -34.912     96.009     44.510     85.995     48.103     74.802
      5.365    -34.826     96.057     44.585     86.079     47.801     74.648
      5.366    -34.740     96.104     44.659     86.164     47.500     74.494
      5.367    -34.654     96.152     44.734     86.248     47.199     74.339
      5.368    -34.567     96.199     44.808     86.331     46.898     74.185
      5.369    -34.481     96.245     44.882     86.414     46.598     74.030
      5.370    -34.395     96.292     44.956     86.497     46.297     73.876
      5.371    -34.308     96.338     45.030     86.579     45.997     73.721
      5.372    -34.222     96.384     45.104     86.661     45.697     73.567
      5.373    -34.135     96.429     45.177     86.743     45.397     73.412
      5.374    -34.048     96.475     45.250     86.824     45.097     73.257
      5.375    -33.961     96.520     45.324     86.905     44.798     73.102
      5.376    -33.874     96.564     45.397     86.985     44.499     72.947
      5.377    -33.787     96.609     45.470     87.065     44.200     72.792
      5.378    -33.700     96.653     45.542     87.145     43.901     72.637
      5.379    -33.613     96.696     45.615     87.224     43.602     72.482
      5.380    -33.526     96.740     45.687     87.303     43.303     72.327
      5.381    -33.438     96.783     45.759     87.382     43.005     72.171
      5.382    -33.351     96.826     45.832     87.460     42.707     72.016
      5.383    -33.263     96.868     45.903     87.538     42.409     71.860
      5.384    -33.176     96.911     45.975     87.615     42.111     71.705
      5.385    -33.088     96.953     46.047     87.692     41.814     71.549
      5.386    -33.000     96.994     46.118     87.769     41.516     71.394
      5.387    -32.913     97.036     46.190     87.845     41.219     71.238
      5.388    -32.825     97.077     46.261     87.921     40.922     71.082
      5.389    -32.737     97.118     46.332     87.996     40.625     70.926
      5.390    -32.649     97.158     46.403     88.071     40.328     70.770
      5.391    -32.561     97.198     46.473     88.146     40.032     70.614
      5.392    -32.472     97.238     46.544     88.221     39.736     70.458
      5.393    -32.384     97.278     46.614     88.295     39.440     70.302
      5.394    -32.296     97.317     46.685     88.368     39.144     70.146
      5.395    -32.207     97.356     46.755     88.441     38.848     69.990
      5.396    -32.119     97.395     46.825     88.514     38.552     69.833
      5.397    -32.030     97.433     46.894     88.587     38.257     69.677
      5.398    -31.942     97.471     46.964     88.659     37.962     69.520
      5.399    -31.853     97.509     47.033     88.731     37.667     69.364
      5.400    -31.764     97.546     47.103     88.802     37.372     69.207
      5.401    -31.675     97.584     47.172     88.873     37.077     69.051
      5.402    -31.587     97.621     47.241     88.944     36.782     68.894
      5.403    -31.498     97.657     47.310     89.015     36.488     68.737
      5.404    -31.409     97.694     47.378     89.084     36.194     68.580
      5.405    -31.319     97.730     47.447     89.154     35.900     68.423
      5.406    -31.230     97.765     47.515     89.223     35.606     68.266
      5.407    -31.141     97.801     47.583     89.292     35.313     68.109
      5.408    -31.052     97.836     47.651     89.361     35.019     67.952
      5.409    -30.962     97.871     47.719     89.429     34.726     67.795
      5.410    -30.873     97.905     47.787     89.497     34.433     67.637
      5.411    -30.783     97.940     47.854     89.564     34.140     67.480
      5.412    -30.694     97.974     47.922     89.631     33.847     67.323
      5.413    -30.604     98.007     47.989     89.698     33.554     67.165
      5.414    -30.514     98.041     48.056     89.765     33.262     67.008
      5.415    -30.424     98.074     48.123     89.831     32.970     66.850
      5.416    -30.335     98.107     48.190     89.896     32.678     66.692
      5.417    -30.245     98.139     48.256     89.962     32.386     66.535
      5.418    -30.155     98.172     48.323     90.027     32.094     66.377
      5.419    -30.065     98.204     48.389     90.091     31.802     66.219
      5.420    -29.975     98.235     48.455     90.156     31.511     66.061
      5.421    -29.884     98.267     48.521     90.220     31.220     65.903
      5.422    -29.794     98.298     48.587     90.283     30.928     65.745
      5.423    -29.704     98.328     48.653     90.347     30.638     65.587
      5.424    -29.613     98.359     48.718     90.409     30.347     65.429
      5.425    -29.523     98.389     48.784     90.472     30.056     65.270
      5.426    -29.432     98.419     48.849     90.534     29.766     65.112
      5.427    -29.342     98.449     48.914     90.596     29.475     64.953
      5.428    -29.251     98.478     48.979     90.658     29.185     64.795
      5.429    -29.161     98.507     49.043     90.719     28.895     64.636
      5.430    -29.070     98.536     49.108     90.780     28.606     64.478
      5.431    -28.979     98.564     49.172     90.840     28.316     64.319
      5.432    -28.888     98.592     49.237     90.900     28.027     64.160
      5.433    -28.797     98.620     49.301     90.960     27.737     64.002
      5.434    -28.706     98.648     49.365     91.020     27.448     63.843
      5.435    -28.615     98.675     49.428     91.079     27.159     63.684
      5.436    -28.524     98.702     49.492     91.138     26.870     63.525
      5.437    -28.433     98.729     49.555     91.196     26.582     63.366
      5.438    -28.342     98.755     49.619     91.254     26.293     63.206
      5.439    -28.250     98.782     49.682     91.312     26.005     63.047
      5.440    -28.159     98.807     49.745     91.369     25.717     62.888
      5.441    -28.068     98.833     49.808     91.427     25.429     62.729
      5.442    -27.976     98.858     49.870     91.483     25.141     62.569
      5.443    -27.885     98.883     49.933     91.540     24.853     62.410
      5.444    -27.793     98.908     49.995     91.596     24.566     62.250
      5.445    -27.701     98.932     50.057     91.652     24.278     62.091
      5.446    -27.610     98.956     50.119     91.707     23.991     61.931
      5.447    -27.518     98.980     50.181     91.762     23.704     61.771
      5.448    -27.426     99.004     50.243     91.817     23.417     61.611
      5.449    -27.334     99.027     50.304     91.872     23.130     61.451
      5.450    -27.243     99.050     50.366     91.926     22.843     61.291
      5.451    -27.151     99.073     50.427     91.979     22.557     61.131
      5.452    -27.059     99.095     50.488     92.033     22.271     60.971
      5.453    -26.967     99.117     50.549     92.086     21.984     60.811
      5.454    -26.874     99.139     50.610     92.139     21.698     60.651
      5.455    -26.782     99.161     50.670     92.191     21.412     60.491
      5.456    -26.690     99.182     50.731     92.244     21.127     60.330
      5.457    -26.598     99.203     50.791     92.295     20.841     60.170
      5.458    -26.505     99.224     50.851     92.347     20.556     60.010
      5.459    -26.413     99.244     50.911     92.398     20.270     59.849
      5.460    -26.321     99.264     50.971     92.449     19.985     59.688
      5.461    -26.228     99.284     51.030     92.500     19.700     59.528
      5.462    -26.136     99.304     51.090     92.550     19.415     59.367
      5.463    -26.043     99.323     51.149     92.600     19.131     59.206
      5.464    -25.950     99.342     51.208     92.649     18.846     59.045
      5.465    -25.858     99.361     51.267     92.699     18.562     58.884
      5.466    -25.765     99.379     51.326     92.747     18.278     58.723
      5.467    -25.672     99.397     51.385     92.796     17.993     58.562
      5.468    -25.579     99.415     51.443     92.844     17.709     58.401
      5.469    -25.487     99.433     51.501     92.892     17.426     58.240
      5.470    -25.394     99.450     51.560     92.940     17.142     58.079
      5.471    -25.301     99.467     51.618     92.987     16.858     57.917
      5.472    -25.208     99.484     51.675     93.034     16.575     57.756
      5.473    -25.115     99.500     51.733     93.081     16.292     57.594
      5.474    -25.022     99.516     51.791     93.127     16.009     57.433
      5.475    -24.928     99.532     51.848     93.174     15.726     57.271
      5.476    -24.835     99.548     51.905     93.219     15.443     57.110
      5.477    -24.742     99.563     51.962     93.265     15.160     56.948
      5.478    -24.649     99.578     52.019     93.310     14.878     56.786
      5.479    -24.555     99.593     52.076     93.355     14.595     56.624
      5.480    -24.462     99.607     52.132     93.399     14.313     56.462
      5.481    -24.369     99.621     52.189     93.443     14.031     56.300
      5.482    -24.275     99.635     52.245     93.487     13.749     56.138
      5.483    -24.182     99.649     52.301     93.531     13.467     55.976
      5.484    -24.088     99.662     52.357     93.574     13.185     55.814
      5.485    -23.994     99.675     52.412     93.617     12.903     55.651
      5.486    -23.901     99.688     52.468     93.660     12.622     55.489
      5.487    -23.807     99.700     52.523     93.702     12.341     55.327
      5.488    -23.713     99.713     52.579     93.744     12.059     55.164
      5.489    -23.620     99.725     52.634     93.786     11.778     55.002
      5.490    -23.526     99.736     52.689     93.827     11.497     54.839
      5.491    -23.432     99.748     52.743     93.869     11.217     54.676
      5.492    -23.338     99.759     52.798     93.909     10.936     54.513
      5.493    -23.244     99.769     52.853     93.950     10.655     54.351
      5.494    -23.150     99.780     52.907     93.990     10.375     54.188
      5.495    -23.056     99.790     52.961     94.030     10.095     54.025
      5.496    -22.962     99.800     53.015     94.070      9.814     53.862
      5.497    -22.868     99.810     53.069     94.109      9.534     53.699
      5.498    -22.774     99.819     53.122     94.148      9.255     53.535
      5.499    -22.680     99.828     53.176     94.186      8.975     53.372
      5.500    -22.585     99.837     53.229     94.225      8.695     53.209
      5.501    -22.491     99.846     53.282     94.263      8.416     53.046
      5.502    -22.397     99.854     53.335     94.301      8.136     52.882
      5.503    -22.303     99.862     53.388     94.338      7.857     52.719
      5.504    -22.208     99.870     53.440     94.375      7.578     52.555
      5.505    -22.114     99.877     53.493     94.412      7.299     52.391
      5.506    -22.019     99.884     53.545     94.449      7.020     52.228
      5.507    -21.925     99.891     53.597     94.485      6.741     52.064
      5.508    -21.830     99.898     53.649     94.521      6.463     51.900
      5.509    -21.736     99.904     53.701     94.557      6.184     51.736
      5.510    -21.641     99.910     53.753     94.592      5.906     51.572
      5.511    -21.547     99.916     53.804     94.627      5.627     51.408
      5.512    -21.452     99.921     53.856     94.662      5.349     51.244
      5.513    -21.357     99.927     53.907     94.696      5.071     51.080
      5.514    -21.263     99.932     53.958     94.731      4.793     50.915
      5.515    -21.168     99.936     54.009     94.765      4.516     50.751
      5.516    -21.073     99.941     54.059     94.798      4.238     50.587
      5.517    -20.978     99.945     54.110     94.832      3.960     50.422
      5.518    -20.884     99.949     54.160     94.865      3.683     50.258
      5.519    -20.789     99.952     54.210     94.897      3.406     50.093
      5.520    -20.694     99.955     54.260     94.930      3.129     49.928
      5.521    -20.599     99.958     54.310     94.962      2.851     49.763
      5.522    -20.504     99.961     54.360     94.994      2.575     49.599
      5.523    -20.409     99.963     54.409     95.025      2.298     49.434
      5.524    -20.314     99.966     54.459     95.057      2.021     49.269
      5.525    -20.219     99.968     54.508     95.087      1.744     49.104
      5.526    -20.124     99.969     54.557     95.118      1.468     48.939
      5.527    -20.028     99.970     54.606     95.149      1.192     48.773
      5.528    -19.933     99.971     54.655     95.179      0.915     48.608
      5.529    -19.838     99.972     54.703     95.209      0.639     48.443
      5.530    -19.743     99.973     54.751     95.238      0.363     48.277
      5.531    -19.648     99.973     54.800     95.267      0.087     48.112
      5.532    -19.552     99.973     54.848     95.296     -0.189     47.946
      5.533    -19.457     99.973     54.896     95.325     -0.464     47.781
      5.534    -19.362     99.972     54.943     95.353     -0.740     47.615
      5.535    -19.266     99.971     54.991     95.381     -1.015     47.449
      5.536    -19.171     99.970     55.038     95.409     -1.291     47.283
      5.537    -19.076     99.969     55.085     95.437     -1.566     47.117
      5.538    -18.980     99.967     55.132     95.464     -1.841     46.951
      5.539    -18.885     99.965     55.179     95.491     -2.116     46.785
      5.540    -18.789     99.963     55.226     95.518     -2.391     46.619
      5.541    -18.694     99.960     55.272     95.544     -2.666     46.453
      5.542    -18.598     99.957     55.319     95.570     -2.941     46.287
      5.543    -18.502     99.954     55.365     95.596     -3.215     46.120
      5.544    -18.407     99.951     55.411     95.621     -3.490     45.954
      5.545    -18.311     99.947     55.457     95.647     -3.764     45.788
      5.546    -18.216     99.943     55.503     95.672     -4.038     45.621
      5.547    -18.120     99.939     55.548     95.696     -4.313     45.454
      5.548    -18.024     99.935     55.594     95.721     -4.587     45.288
      5.549    -17.928     99.930     55.639     95.745     -4.861     45.121
      5.550    -17.833     99.925     55.684     95.769     -5.134     44.954
      5.551    -17.737     99.920     55.729     95.792     -5.408     44.787
      5.552    -17.641     99.914     55.773     95.815     -5.682     44.620
      5.553    -17.545     99.908     55.818     95.838     -5.955     44.453
      5.554    -17.449     99.902     55.862     95.861     -6.229     44.286
      5.555    -17.353     99.896     55.906     95.884     -6.502     44.118
      5.556    -17.258     99.889     55.951     95.906     -6.776     43.951
      5.557    -17.162     99.882     55.994     95.928     -7.049     43.784
      5.558    -17.066     99.875     56.038     95.949     -7.322     43.616
      5.559    -16.970     99.868     56.082     95.970     -7.595     43.449
      5.560    -16.874     99.860     56.125     95.992     -7.868     43.281
      5.561    -16.778     99.852     56.168     96.012     -8.140     43.113
      5.562    -16.682     99.844     56.211     96.033     -8.413     42.946
      5.563    -16.586     99.835     56.254     96.053     -8.686     42.778
      5.564    -16.490     99.826     56.297     96.073     -8.958     42.610
      5.565    -16.394     99.817     56.339     96.093     -9.230     42.442
      5.566    -16.297     99.808     56.382     96.112     -9.503     42.274
      5.567    -16.201     99.798     56.424     96.131     -9.775     42.106
      5.568    -16.105     99.788     56.466     96.150    -10.047     41.937
      5.569    -16.009     99.778     56.508     96.168    -10.319     41.769
      5.570    -15.913     99.768     56.549     96.187    -10.591     41.601
      5.571    -15.817     99.757     56.591     96.205    -10.863     41.432
      5.572    -15.720     99.746     56.632     96.222    -11.134     41.264
      5.573    -15.624     99.735     56.673     96.240    -11.406     41.095
      5.574    -15.528     99.723     56.714     96.257    -11.678     40.926
      5.575    -15.432     99.711     56.755     96.274    -11.949     40.758
      5.576    -15.335     99.699     56.796     96.291    -12.220     40.589
      5.577    -15.239     99.687     56.836     96.307    -12.492     40.420
      5.578    -15.143     99.674     56.877     96.323    -12.763     40.251
      5.579    -15.047     99.661     56.917     96.339    -13.034     40.082
      5.580    -14.950     99.648     56.957     96.355    -13.305     39.912
      5.581    -14.854     99.635     56.997     96.370    -13.576     39.743
      5.582    -14.757     99.621     57.036     96.385    -13.847     39.574
      5.583    -14.661     99.607     57.076     96.400    -14.118     39.404
      5.584    -14.565     99.593     57.115     96.414    -14.388     39.235
      5.585    -14.468     99.578     57.154     96.428    -14.659     39.065
      5.586    -14.372     99.563     57.193     96.442    -14.929     38.896
      5.587    -14.275     99.548     57.232     96.456    -15.200     38.726
      5.588    -14.179     99.533     57.271     96.469    -15.470     38.556
      5.589    -14.082     99.517     57.309     96.482    -15.740     38.386
      5.590    -13.986     99.502     57.348     96.495    -16.010     38.216
      5.591    -13.889     99.485     57.386     96.508    -16.281     38.046
      5.592    -13.793     99.469     57.424     96.520    -16.551     37.876
      5.593    -13.696     99.452     57.461     96.532    -16.820     37.706
      5.594    -13.600     99.435     57.499     96.544    -17.090     37.535
      5.595    -13.503     99.418     57.537     96.555    -17.360     37.365
      5.596    -13.407     99.401     57.574     96.567    -17.630     37.195
      5.597    -13.310     99.383     57.611     96.578    -17.899     37.024
      5.598    -13.214     99.365     57.648     96.588    -18.169     36.853
      5.599    -13.117     99.347     57.685     96.599    -18.438     36.683
      5.600    -13.020     99.328     57.721     96.609    -18.708     36.512
      5.601    -12.924     99.309     57.758     96.619    -18.977     36.341
      5.602    -12.827     99.290     57.794     96.628    -19.246     36.170
      5.603    -12.730     99.271     57.830     96.638    -19.515     35.999
      5.604    -12.634     99.251     57.866     96.647    -19.784     35.828
      5.605    -12.537     99.231     57.902     96.656    -20.053     35.656
      5.606    -12.441     99.211     57.937     96.664    -20.322     35.485
      5.607    -12.344     99.190     57.973     96.673    -20.591     35.314
      5.608    -12.247     99.170     58.008     96.681    -20.860     35.142
      5.609    -12.150     99.149     58.043     96.689    -21.129     34.971
      5.610    -12.054     99.127     58.078     96.696    -21.397     34.799
      5.611    -11.957     99.106     58.113     96.703    -21.666     34.627
      5.612    -11.860     99.084     58.147     96.710    -21.934     34.455
      5.613    -11.764     99.062     58.181     96.717    -22.203     34.283
      5.614    -11.667     99.040     58.216     96.723    -22.471     34.111
      5.615    -11.570     99.017     58.250     96.730    -22.739     33.939
      5.616    -11.474     98.994     58.284     96.736    -23.008     33.767
      5.617    -11.377     98.971     58.317     96.741    -23.276     33.595
      5.618    -11.280     98.948     58.351     96.747    -23.544     33.422
      5.619    -11.183     98.924     58.384     96.752    -23.812     33.250
      5.620    -11.087     98.900     58.417     96.757    -24.080     33.077
      5.621    -10.990     98.876     58.450     96.761    -24.348     32.905
      5.622    -10.893     98.851     58.483     96.766    -24.616     32.732
      5.623    -10.796     98.827     58.516     96.770    -24.883     32.559
      5.624    -10.699     98.802     58.548     96.774    -25.151     32.386
      5.625    -10.603     98.776     58.580     96.777    -25.419     32.213
      5.626    -10.506     98.751     58.613     96.780    -25.686     32.040
      5.627    -10.409     98.725     58.645     96.784    -25.954     31.867
      5.628    -10.312     98.699     58.676     96.786    -26.221     31.694
      5.629    -10.216     98.673     58.708     96.789    -26.488     31.520
      5.630    -10.119     98.646     58.739     96.791    -26.756     31.347
      5.631    -10.022     98.619     58.771     96.793    -27.023     31.173
      5.632     -9.925     98.592     58.802     96.795    -27.290     30.999
      5.633     -9.828     98.564     58.833     96.796    -27.557     30.826
      5.634     -9.732     98.537     58.863     96.798    -27.824     30.652
      5.635     -9.635     98.509     58.894     96.798    -28.091     30.478
      5.636     -9.538     98.481     58.924     96.799    -28.358     30.304
      5.637     -9.441     98.452     58.954     96.800    -28.625     30.130
      5.638     -9.344     98.423     58.985     96.800    -28.892     29.956
      5.639     -9.248     98.394     59.014     96.800    -29.159     29.781
      5.640     -9.151     98.365     59.044     96.799    -29.426     29.607
      5.641     -9.054     98.335     59.074     96.799    -29.692     29.432
      5.642     -8.957     98.306     59.103     96.798    -29.959     29.258
      5.643     -8.860     98.276     59.132     96.797    -30.226     29.083
      5.644     -8.764     98.245     59.161     96.795    -30.492     28.908
      5.645     -8.667     98.215     59.190     96.794    -30.759     28.733
      5.646     -8.570     98.184     59.219     96.792    -31.025     28.558
      5.647     -8.473     98.152     59.247     96.790    -31.291     28.383
      5.648     -8.376     98.121     59.275     96.787    -31.558     28.208
      5.649     -8.280     98.089     59.303     96.785    -31.824     28.033
      5.650     -8.183     98.057     59.331     96.782    -32.090     27.857
      5.651     -8.086     98.025     59.359     96.778    -32.356     27.682
      5.652     -7.989     97.993     59.387     96.775    -32.623     27.506
      5.653     -7.893     97.960     59.414     96.771    -32.889     27.331
      5.654     -7.796     97.927     59.441     96.767    -33.155     27.155
      5.655     -7.699     97.894     59.469     96.763    -33.421     26.979
      5.656     -7.602     97.860     59.495     96.759    -33.687     26.803
      5.657     -7.505     97.826     59.522     96.754    -33.953     26.627
      5.658     -7.409     97.792     59.549     96.749    -34.218     26.451
      5.659     -7.312     97.758     59.575     96.744    -34.484     26.274
      5.660     -7.215     97.723     59.601     96.738    -34.750     26.098
      5.661     -7.119     97.688     59.627     96.732    -35.016     25.922
      5.662     -7.022     97.653     59.653     96.726    -35.281     25.745
      5.663     -6.925     97.618     59.679     96.720    -35.547     25.568
      5.664     -6.828     97.582     59.704     96.713    -35.813     25.391
      5.665     -6.732     97.546     59.729     96.706    -36.078     25.215
      5.666     -6.635     97.510     59.755     96.699    -36.344     25.038
      5.667     -6.538     97.473     59.780     96.692    -36.609     24.860
      5.668     -6.442     97.437     59.804     96.684    -36.875     24.683
      5.669     -6.345     97.400     59.829     96.677    -37.140     24.506
      5.670     -6.248     97.362     59.853     96.668    -37.405     24.328
      5.671     -6.152     97.325     59.878     96.660    -37.671     24.151
      5.672     -6.055     97.287     59.902     96.651    -37.936     23.973
      5.673     -5.958     97.249     59.926     96.643    -38.201     23.795
      5.674     -5.862     97.211     59.949     96.633    -38.466     23.618
      5.675     -5.765     97.172     59.973     96.624    -38.732     23.440
      5.676     -5.668     97.133     59.996     96.614    -38.997     23.262
      5.677     -5.572     97.094     60.019     96.604    -39.262     23.083
      5.678     -5.475     97.055     60.042     96.594    -39.527     22.905
      5.679     -5.379     97.015     60.065     96.584    -39.792     22.727
      5.680     -5.282     96.975     60.088     96.573    -40.057     22.548
      5.681     -5.185     96.935     60.110     96.562    -40.322     22.369
      5.682     -5.089     96.894     60.132     96.551    -40.587     22.191
      5.683     -4.992     96.854     60.155     96.539    -40.852     22.012
      5.684     -4.896     96.813     60.177     96.528    -41.117     21.833
      5.685     -4.799     96.771     60.198     96.516    -41.382     21.654
      5.686     -4.703     96.730     60.220     96.503    -41.647     21.475
      5.687     -4.606     96.688     60.241     96.491    -41.911     21.295
      5.688     -4.510     96.646     60.262     96.478    -42.176     21.116
      5.689     -4.413     96.604     60.283     96.465    -42.441     20.936
      5.690     -4.317     96.561     60.304     96.452    -42.706     20.757
      5.691     -4.220     96.518     60.325     96.438    -42.970     20.577
      5.692     -4.124     96.475     60.345     96.424    -43.235     20.397
      5.693     -4.028     96.432     60.366     96.410    -43.500     20.217
      5.694     -3.931     96.388     60.386     96.396    -43.764     20.037
      5.695     -3.835     96.344     60.406     96.381    -44.029     19.857
      5.696     -3.738     96.300     60.426     96.366    -44.294     19.676
      5.697     -3.642     96.256     60.445     96.351    -44.558     19.496
      5.698     -3.546     96.211     60.465     96.336    -44.823     19.315
      5.699     -3.449     96.166     60.484     96.320    -45.087     19.135
      5.700     -3.353     96.121     60.503     96.304    -45.352     18.954
      5.701     -3.257     96.076     60.522     96.288    -45.616     18.773
      5.702     -3.160     96.030     60.540     96.272    -45.881     18.592
      5.703     -3.064     95.984     60.559     96.255    -46.145     18.411
      5.704     -2.968     95.937     60.577     96.238    -46.410     18.229
      5.705     -2.872     95.891     60.595     96.221    -46.674     18.048
      5.706     -2.775     95.844     60.613     96.204    -46.939     17.867
      5.707     -2.679     95.797     60.631     96.186    -47.203     17.685
      5.708     -2.583     95.750     60.649     96.168    -47.467     17.503
      5.709     -2.487     95.702     60.666     96.150    -47.732     17.321
      5.710     -2.391     95.654     60.683     96.131    -47.996     17.139
      5.711     -2.295     95.606     60.700     96.112    -48.260     16.957
      5.712     -2.199     95.558     60.717     96.093    -48.525     16.775
      5.713     -2.103     95.509     60.734     96.074    -48.789     16.592
      5.714     -2.006     95.460     60.750     96.054    -49.053     16.410
      5.715     -1.910     95.411     60.767     96.035    -49.318     16.227
      5.716     -1.814     95.362     60.783     96.014    -49.582     16.044
      5.717     -1.718     95.312     60.799     95.994    -49.846     15.861
      5.718     -1.622     95.262     60.815     95.974    -50.111     15.678
      5.719     -1.526     95.212     60.830     95.953    -50.375     15.495
      5.720     -1.430     95.161     60.846     95.932    -50.639     15.312
      5.721     -1.335     95.110     60.861     95.910    -50.903     15.129
      5.722     -1.239     95.059     60.876     95.888    -51.168     14.945
      5.723     -1.143     95.008     60.891     95.867    -51.432     14.761
      5.724     -1.047     94.956     60.905     95.844    -51.696     14.578
      5.725     -0.951     94.905     60.920     95.822    -51.960     14.394
      5.726     -0.855     94.852     60.934     95.799    -52.225     14.209
      5.727     -0.759     94.800     60.948     95.776    -52.489     14.025
      5.728     -0.664     94.748     60.962     95.753    -52.753     13.841
      5.729     -0.568     94.695     60.976     95.729    -53.017     13.656
      5.730     -0.472     94.641     60.990     95.706    -53.282     13.472
      5.731     -0.377     94.588     61.003     95.682    -53.546     13.287
      5.732     -0.281     94.534     61.016     95.657    -53.810     13.102
      5.733     -0.185     94.480     61.029     95.633    -54.074     12.917
      5.734     -0.090     94.426     61.042     95.608    -54.338     12.732
      5.735      0.006     94.372     61.055     95.583    -54.603     12.547
      5.736      0.102     94.317     61.067     95.557    -54.867     12.361
      5.737      0.197     94.262     61.079     95.532    -55.131     12.176
      5.738      0.293     94.207     61.091     95.506    -55.395     11.990
      5.739      0.388     94.151     61.103     95.480    -55.660     11.804
      5.740      0.484     94.095     61.115     95.453    -55.924     11.618
      5.741      0.579     94.039     61.127     95.426    -56.188     11.432
      5.742      0.674     93.983     61.138     95.399    -56.452     11.246
      5.743      0.770     93.926     61.149     95.372    -56.717     11.060
      5.744      0.865     93.870     61.160     95.345    -56.981     10.873
      5.745      0.960     93.813     61.171     95.317    -57.245     10.686
      5.746      1.056     93.755     61.181     95.289    -57.510     10.500
      5.747      1.151     93.697     61.192     95.260    -57.774     10.313
      5.748      1.246     93.640     61.202     95.232    -58.038     10.125
      5.749      1.342     93.581     61.212     95.203    -58.302      9.938
      5.750      1.437     93.523     61.222     95.174    -58.567      9.751
      5.751      1.532     93.464     61.231     95.144    -58.831      9.563
      5.752      1.627     93.405     61.241     95.115    -59.096      9.376
      5.753      1.722     93.346     61.250     95.085    -59.360      9.188
      5.754      1.817     93.287     61.259     95.054    -59.624      9.000
      5.755      1.912     93.227     61.268     95.024    -59.889      8.812
      5.756      2.007     93.167     61.277     94.993    -60.153      8.623
      5.757      2.102     93.107     61.285     94.962    -60.418      8.435
      5.758      2.197     93.046     61.294     94.931    -60.682      8.246
      5.759      2.292     92.985     61.302     94.899    -60.946      8.058
      5.760      2.387     92.924     61.310     94.867    -61.211      7.869
      5.761      2.482     92.863     61.318     94.835    -61.476      7.680
      5.762      2.577     92.801     61.325     94.803    -61.740      7.491
      5.763      2.671     92.739     61.333     94.770    -62.005      7.301
      5.764      2.766     92.677     61.340     94.737    -62.269      7.112
      5.765      2.861     92.615     61.347     94.704    -62.534      6.922
      5.766      2.956     92.552     61.354     94.670    -62.798      6.732
      5.767      3.050     92.489     61.360     94.636    -63.063      6.542
      5.768      3.145     92.426     61.367     94.602    -63.328      6.352
      5.769      3.239     92.362     61.373     94.568    -63.592      6.162
      5.770      3.334     92.299     61.379     94.533    -63.857      5.972
      5.771      3.428     92.235     61.385     94.498    -64.122      5.781
      5.772      3.523     92.171     61.391     94.463    -64.387      5.590
      5.773      3.617     92.106     61.396     94.427    -64.651      5.399
      5.774      3.712     92.041     61.402     94.392    -64.916      5.208
      5.775      3.806     91.976     61.407     94.356    -65.181      5.017
      5.776      3.901     91.911     61.412     94.319    -65.446      4.826
      5.777      3.995     91.845     61.416     94.283    -65.711      4.634
      5.778      4.089     91.779     61.421     94.246    -65.976      4.442
      5.779      4.183     91.713     61.425     94.208    -66.241      4.251
      5.780      4.277     91.647     61.429     94.171    -66.506      4.059
      5.781      4.372     91.580     61.433     94.133    -66.771      3.866
      5.782      4.466     91.513     61.437     94.095    -67.036      3.674
      5.783      4.560     91.446     61.441     94.057    -67.301      3.482
      5.784      4.654     91.379     61.444     94.018    -67.566      3.289
      5.785      4.748     91.311     61.447     93.979    -67.831      3.096
      5.786      4.842     91.243     61.450     93.940    -68.096      2.903
      5.787      4.936     91.175     61.453     93.901    -68.361      2.710
      5.788      5.030     91.106     61.456     93.861    -68.627      2.516
      5.789      5.123     91.038     61.458     93.821    -68.892      2.323
      5.790      5.217     90.969     61.460     93.780    -69.157      2.129
      5.791      5.311     90.899     61.462     93.740    -69.423      1.935
      5.792      5.405     90.830     61.464     93.699    -69.688      1.741
      5.793      5.498     90.760     61.466     93.658    -69.954      1.547
      5.794      5.592     90.690     61.467     93.616    -70.219      1.353
      5.795      5.686     90.620     61.468     93.574    -70.485      1.158
      5.796      5.779     90.549     61.470     93.532    -70.750      0.963
      5.797      5.873     90.478     61.470     93.490    -71.016      0.768
      5.798      5.966     90.407     61.471     93.447    -71.281      0.573
      5.799      6.060     90.335     61.472     93.404    -71.547      0.378
      5.800      6.153     90.264     61.472     93.361    -71.813      0.183
      5.801      6.246     90.192     61.472     93.318    -72.079     -0.013
      5.802      6.340     90.120     61.472     93.274    -72.344     -0.209
      5.803      6.433     90.047     61.472     93.230    -72.610     -0.405
      5.804      6.526     89.974     61.471     93.185    -72.876     -0.601
      5.805      6.619     89.901     61.470     93.140    -73.142     -0.797
      5.806      6.712     89.828     61.469     93.095    -73.408     -0.994
      5.807      6.805     89.755     61.468     93.050    -73.674     -1.190
      5.808      6.898     89.681     61.467     93.004    -73.940     -1.387
      5.809      6.991     89.607     61.466     92.958    -74.207     -1.584
      5.810      7.084     89.532     61.464     92.912    -74.473     -1.782
      5.811      7.177     89.458     61.462     92.866    -74.739     -1.979
      5.812      7.270     89.383     61.460     92.819    -75.005     -2.177
      5.813      7.363     89.308     61.458     92.772    -75.272     -2.375
      5.814      7.456     89.232     61.455     92.724    -75.538     -2.573
      5.815      7.548     89.157     61.452     92.676    -75.805     -2.771
      5.816      7.641     89.081     61.450     92.628    -76.071     -2.969
      5.817      7.734     89.005     61.447     92.580    -76.338     -3.168
      5.818      7.826     88.928     61.443     92.531    -76.604     -3.367
      5.819      7.919     88.851     61.440     92.482    -76.871     -3.566
      5.820      8.011     88.774     61.436     92.433    -77.138     -3.765
      5.821      8.104     88.697     61.432     92.384    -77.405     -3.964
      5.822      8.196     88.620     61.428     92.334    -77.672     -4.164
      5.823      8.288     88.542     61.424     92.283    -77.939     -4.363
      5.824      8.380     88.464     61.419     92.233    -78.206     -4.563
      5.825      8.473     88.385     61.415     92.182    -78.473     -4.763
      5.826      8.565     88.307     61.410     92.131    -78.740     -4.964
      5.827      8.657     88.228     61.405     92.080    -79.007     -5.164
      5.828      8.749     88.149     61.400     92.028    -79.274     -5.365
      5.829      8.841     88.069     61.394     91.976    -79.541     -5.566
      5.830      8.933     87.990     61.389     91.923    -79.809     -5.767
      5.831      9.025     87.910     61.383     91.871    -80.076     -5.968
      5.832      9.117     87.829     61.377     91.818    -80.344     -6.170
      5.833      9.208     87.749     61.370     91.764    -80.611     -6.372
      5.834      9.300     87.668     61.364     91.711    -80.879     -6.573
      5.835      9.392     87.587     61.357     91.657    -81.146     -6.776
      5.836      9.484     87.506     61.350     91.602    -81.414     -6.978
      5.837      9.575     87.424     61.343     91.548    -81.682     -7.181
      5.838      9.667     87.343     61.336     91.493    -81.950     -7.383
      5.839      9.758     87.260     61.328     91.438    -82.218     -7.586
      5.840      9.850     87.178     61.321     91.382    -82.486     -7.789
      5.841      9.941     87.096     61.313     91.326    -82.754     -7.993
      5.842     10.032     87.013     61.305     91.270    -83.022     -8.196
      5.843     10.123     86.929     61.296     91.213    -83.290     -8.400
      5.844     10.215     86.846     61.288     91.156    -83.559     -8.604
      5.845     10.306     86.762     61.279     91.099    -83.827     -8.808
      5.846     10.397     86.678     61.270     91.042    -84.096     -9.013
      5.847     10.488     86.594     61.261     90.984    -84.364     -9.218
      5.848     10.579     86.510     61.252     90.926    -84.633     -9.422
      5.849     10.670     86.425     61.242     90.867    -84.901     -9.628
      5.850     10.760     86.340     61.233     90.808    -85.170     -9.833
      5.851     10.851     86.255     61.223     90.749    -85.439    -10.038
      5.852     10.942     86.169     61.213     90.689    -85.708    -10.244
      5.853     11.033     86.083     61.202     90.630    -85.977    -10.450
      5.854     11.123     85.997     61.192     90.569    -86.246    -10.656
      5.855     11.214     85.911     61.181     90.509    -86.515    -10.863
      5.856     11.304     85.824     61.170     90.448    -86.784    -11.069
      5.857     11.395     85.737     61.159     90.387    -87.054    -11.276
      5.858     11.485     85.650     61.147     90.325    -87.323    -11.483
      5.859     11.575     85.562     61.136     90.263    -87.593    -11.691
      5.860     11.666     85.475     61.124     90.201    -87.862    -11.898
      5.861     11.756     85.387     61.112     90.139    -88.132    -12.106
      5.862     11.846     85.298     61.100     90.076    -88.402    -12.314
      5.863     11.936     85.210     61.087     90.012    -88.671    -12.522
      5.864     12.026     85.121     61.075     89.949    -88.941    -12.731
      5.865     12.116     85.032     61.062     89.885    -89.211    -12.939
      5.866     12.206     84.943     61.049     89.821    -89.481    -13.148
      5.867     12.295     84.853     61.036     89.756    -89.752    -13.357
      5.868     12.385     84.763     61.022     89.691    -90.022    -13.567
      5.869     12.475     84.673     61.008     89.626    -90.292    -13.777
      5.870     12.564     84.583     60.995     89.560    -90.563    -13.986
      5.871     12.654     84.492     60.981     89.494    -90.833    -14.196
      5.872     12.743     84.401     60.966     89.428    -91.104    -14.407
      5.873     12.833     84.310     60.952     89.361    -91.374    -14.617
      5.874     12.922     84.218     60.937     89.294    -91.645    -14.828
      5.875     13.011     84.126     60.922     89.226    -91.916    -15.039
      5.876     13.101     84.034     60.907     89.158    -92.187    -15.251
      5.877     13.190     83.942     60.892     89.090    -92.458    -15.462
      5.878     13.279     83.849     60.876     89.022    -92.729    -15.674
      5.879     13.368     83.757     60.860     88.953    -93.001    -15.886
      5.880     13.457     83.663     60.844     88.884    -93.272    -16.098
      5.881     13.545     83.570     60.828     88.814    -93.543    -16.311
      5.882     13.634     83.476     60.812     88.744    -93.815    -16.524
      5.883     13.723     83.382     60.795     88.674    -94.087    -16.737
      5.884     13.812     83.288     60.778     88.603    -94.358    -16.950
      5.885     13.900     83.194     60.761     88.532    -94.630    -17.163
      5.886     13.989     83.099     60.744     88.460    -94.902    -17.377
      5.887     14.077     83.004     60.726     88.388    -95.174    -17.591
      5.888     14.165     82.909     60.709     88.316    -95.446    -17.806
      5.889     14.254     82.813     60.691     88.244    -95.719    -18.020
      5.890     14.342     82.717     60.673     88.171    -95.991    -18.235
      5.891     14.430     82.621     60.654     88.097    -96.263    -18.450
      5.892     14.518     82.525     60.636     88.024    -96.536    -18.665
      5.893     14.606     82.428     60.617     87.950    -96.809    -18.881
      5.894     14.694     82.331     60.598     87.875    -97.081    -19.097
      5.895     14.782     82.234     60.579     87.800    -97.354    -19.313
      5.896     14.870     82.136     60.559     87.725    -97.627    -19.529
      5.897     14.957     82.038     60.540     87.649    -97.900    -19.746
      5.898     15.045     81.940     60.520     87.573    -98.174    -19.963
      5.899     15.132     81.842     60.500     87.497    -98.447    -20.180
      5.900     15.220     81.744     60.479     87.420    -98.720    -20.397
      5.901     15.307     81.645     60.459     87.343    -98.994    -20.615
      5.902     15.395     81.546     60.438     87.266    -99.267    -20.833
      5.903     15.482     81.446     60.417     87.188    -99.541    -21.051
      5.904     15.569     81.346     60.396     87.109    -99.815    -21.270
      5.905     15.656     81.247     60.375     87.031   -100.089    -21.489
      5.906     15.743     81.146     60.353     86.952   -100.363    -21.708
      5.907     15.830     81.046     60.331     86.872   -100.637    -21.927
      5.908     15.917     80.945     60.309     86.792   -100.912    -22.147
      5.909     16.004     80.844     60.287     86.712   -101.186    -22.366
      5.910     16.090     80.743     60.265     86.631   -101.461    -22.587
      5.911     16.177     80.641     60.242     86.550   -101.735    -22.807
      5.912     16.263     80.539     60.219     86.469   -102.010    -23.028
      5.913     16.350     80.437     60.196     86.387   -102.285    -23.249
      5.914     16.436     80.335     60.172     86.304   -102.560    -23.470
      5.915     16.522     80.232     60.149     86.222   -102.835    -23.692
      5.916     16.609     80.129     60.125     86.138   -103.110    -23.913
      5.917     16.695     80.026     60.101     86.055   -103.386    -24.136
      5.918     16.781     79.922     60.077     85.971   -103.661    -24.358
      5.919     16.867     79.818     60.052     85.887   -103.937    -24.581
      5.920     16.952     79.714     60.028     85.802   -104.213    -24.804
      5.921     17.038     79.610     60.003     85.716   -104.488    -25.027
      5.922     17.124     79.505     59.978     85.631   -104.764    -25.251
      5.923     17.209     79.400     59.952     85.545   -105.040    -25.475
      5.924     17.295     79.295     59.927     85.458   -105.317    -25.699
      5.925     17.380     79.190     59.901     85.371   -105.593    -25.923
      5.926     17.466     79.084     59.875     85.284   -105.870    -26.148
      5.927     17.551     78.978     59.848     85.196   -106.146    -26.373
      5.928     17.636     78.872     59.822     85.108   -106.423    -26.599
      5.929     17.721     78.765     59.795     85.020   -106.700    -26.824
      5.930     17.806     78.658     59.768     84.931   -106.977    -27.050
      5.931     17.891     78.551     59.741     84.841   -107.254    -27.277
      5.932     17.976     78.444     59.714     84.751   -107.531    -27.503
      5.933     18.061     78.336     59.686     84.661   -107.808    -27.730
      5.934     18.145     78.228     59.658     84.570   -108.086    -27.957
      5.935     18.230     78.120     59.630     84.479   -108.364    -28.185
      5.936     18.314     78.012     59.602     84.387   -108.641    -28.413
      5.937     18.398     77.903     59.573     84.295   -108.919    -28.641
      5.938     18.483     77.794     59.545     84.203   -109.197    -28.869
      5.939     18.567     77.684     59.516     84.110   -109.476    -29.098
      5.940     18.651     77.575     59.486     84.016   -109.754    -29.327
      5.941     18.735     77.465     59.457     83.922   -110.032    -29.556
      5.942     18.819     77.355     59.427     83.828   -110.311    -29.786
      5.943     18.903     77.244     59.397     83.733   -110.590    -30.016
      5.944     18.986     77.133     59.367     83.638   -110.868    -30.247
      5.945     19.070     77.022     59.337     83.542   -111.147    -30.477
      5.946     19.153     76.911     59.306     83.446   -111.427    -30.708
      5.947     19.237     76.800     59.276     83.349   -111.706    -30.940
      5.948     19.320     76.688     59.245     83.252   -111.985    -31.171
      5.949     19.403     76.576     59.213     83.155   -112.265    -31.403
      5.950     19.486     76.463     59.182     83.057   -112.544    -31.636
      5.951     19.569     76.351     59.150     82.958   -112.824    -31.868
      5.952     19.652     76.238     59.118     82.859   -113.104    -32.101
      5.953     19.735     76.124     59.086     82.760   -113.384    -32.335
      5.954     19.818     76.011     59.053     82.660   -113.665    -32.568
      5.955     19.900     75.897     59.021     82.559   -113.945    -32.802
      5.956     19.983     75.783     58.988     82.459   -114.225    -33.036
      5.957     20.065     75.669     58.955     82.357   -114.506    -33.271
      5.958     20.148     75.554     58.921     82.255   -114.787    -33.506
      5.959     20.230     75.439     58.888     82.153   -115.068    -33.741
      5.960     20.312     75.324     58.854     82.050   -115.349    -33.977
      5.961     20.394     75.208     58.820     81.947   -115.630    -34.213
      5.962     20.476     75.093     58.785     81.843   -115.912    -34.449
      5.963     20.558     74.976     58.751     81.739   -116.193    -34.686
      5.964     20.639     74.860     58.716     81.634   -116.475    -34.923
      5.965     20.721     74.744     58.681     81.529   -116.757    -35.161
      5.966     20.802     74.627     58.646     81.423   -117.039    -35.398
      5.967     20.884     74.509     58.610     81.317   -117.321    -35.637
      5.968     20.965     74.392     58.574     81.210   -117.603    -35.875
      5.969     21.046     74.274     58.538     81.103   -117.886    -36.114
      5.970     21.127     74.156     58.502     80.995   -118.169    -36.353
      5.971     21.208     74.038     58.466     80.887   -118.451    -36.593
      5.972     21.289     73.919     58.429     80.778   -118.734    -36.832
      5.973     21.370     73.800     58.392     80.669   -119.017    -37.073
      5.974     21.450     73.681     58.355     80.559   -119.301    -37.313
      5.975     21.531     73.562     58.317     80.449   -119.584    -37.554
      5.976     21.611     73.442     58.280     80.338   -119.868    -37.796
      5.977     21.691     73.322     58.242     80.226   -120.151    -38.037
      5.978     21.772     73.202     58.204     80.114   -120.435    -38.280
      5.979     21.852     73.081     58.165     80.002   -120.719    -38.522
      5.980     21.932     72.960     58.126     79.889   -121.003    -38.765
      5.981     22.011     72.839     58.088     79.776   -121.288    -39.008
      5.982     22.091     72.718     58.048     79.661   -121.572    -39.252
      5.983     22.171     72.596     58.009     79.547   -121.857    -39.496
      5.984     22.250     72.474     57.969     79.432   -122.142    -39.740
      5.985     22.330     72.352     57.930     79.316   -122.427    -39.985
      5.986     22.409     72.229     57.890     79.200   -122.712    -40.230
      5.987     22.488     72.106     57.849     79.083   -122.997    -40.475
      5.988     22.567     71.983     57.809     78.966   -123.283    -40.721
      5.989     22.646     71.860     57.768     78.848   -123.568    -40.968
      5.990     22.725     71.736     57.727     78.730   -123.854    -41.214
      5.991     22.803     71.612     57.685     78.611   -124.140    -41.461
      5.992     22.882     71.488     57.644     78.491   -124.426    -41.709
      5.993     22.960     71.363     57.602     78.371   -124.712    -41.956
      5.994     23.039     71.238     57.560     78.250   -124.999    -42.205
      5.995     23.117     71.113     57.517     78.129   -125.285    -42.453
      5.996     23.195     70.988     57.475     78.007   -125.572    -42.702
      5.997     23.273     70.862     57.432     77.885   -125.859    -42.952
      5.998     23.351     70.736     57.389     77.762   -126.146    -43.202
      5.999     23.428     70.610     57.346     77.639   -126.434    -43.452
      6.000     23.506     70.483     57.302     77.515   -126.721    -43.703
      6.001     23.583     70.356     57.258     77.390   -127.009    -43.954
      6.002     23.661     70.229     57.214     77.265   -127.297    -44.205
      6.003     23.738     70.102     57.170     77.139   -127.585    -44.457
      6.004     23.815     69.974     57.125     77.012   -127.873    -44.709
      6.005     23.892     69.846     57.080     76.885   -128.161    -44.962
      6.006     23.969     69.718     57.035     76.758   -128.450    -45.215
      6.007     24.046     69.589     56.990     76.630   -128.738    -45.468
      6.008     24.122     69.460     56.944     76.501   -129.027    -45.722
      6.009     24.199     69.331     56.899     76.371   -129.316    -45.977
      6.010     24.275     69.202     56.852     76.241   -129.605    -46.232
      6.011     24.351     69.072     56.806     76.111   -129.895    -46.487
      6.012     24.427     68.942     56.759     75.979   -130.184    -46.742
      6.013     24.503     68.811     56.713     75.847   -130.474    -46.998
      6.014     24.579     68.681     56.665     75.715   -130.764    -47.255
      6.015     24.654     68.550     56.618     75.582   -131.054    -47.512
      6.016     24.730     68.419     56.570     75.448   -131.344    -47.769
      6.017     24.805     68.287     56.523     75.314   -131.635    -48.027
      6.018     24.881     68.156     56.474     75.179   -131.925    -48.285
      6.019     24.956     68.023     56.426     75.043   -132.216    -48.544
      6.020     25.031     67.891     56.377     74.907   -132.507    -48.803
      6.021     25.105     67.758     56.328     74.770   -132.798    -49.063
      6.022     25.180     67.625     56.279     74.632   -133.089    -49.323
      6.023     25.255     67.492     56.230     74.494   -133.381    -49.583
      6.024     25.329     67.359     56.180     74.355   -133.672    -49.844
      6.025     25.403     67.225     56.130     74.216   -133.964    -50.105
      6.026     25.478     67.091     56.080     74.076   -134.256    -50.367
      6.027     25.552     66.956     56.029     73.935   -134.549    -50.630
      6.028     25.625     66.822     55.979     73.793   -134.841    -50.892
      6.029     25.699     66.687     55.928     73.651   -135.134    -51.155
      6.030     25.773     66.551     55.876     73.508   -135.426    -51.419
      6.031     25.846     66.416     55.825     73.365   -135.719    -51.683
      6.032     25.919     66.280     55.773     73.220   -136.012    -51.948
      6.033     25.993     66.144     55.721     73.076   -136.306    -52.213
      6.034     26.066     66.007     55.668     72.930   -136.599    -52.478
      6.035     26.138     65.871     55.616     72.784   -136.893    -52.744
      6.036     26.211     65.734     55.563     72.637   -137.187    -53.011
      6.037     26.284     65.596     55.510     72.489   -137.481    -53.278
      6.038     26.356     65.459     55.456     72.341   -137.775    -53.545
      6.039     26.428     65.321     55.403     72.192   -138.070    -53.813
      6.040     26.501     65.182     55.349     72.042   -138.364    -54.081
      6.041     26.573     65.044     55.295     71.892   -138.659    -54.350
      6.042     26.644     64.905     55.240     71.740   -138.954    -54.619
      6.043     26.716     64.766     55.185     71.589   -139.249    -54.889
      6.044     26.788     64.627     55.130     71.436   -139.545    -55.160
      6.045     26.859     64.487     55.075     71.283   -139.840    -55.430
      6.046     26.930     64.347     55.019     71.129   -140.136    -55.702
      6.047     27.001     64.207     54.964     70.974   -140.432    -55.974
      6.048     27.072     64.066     54.907     70.818   -140.728    -56.246
      6.049     27.143     63.925     54.851     70.662   -141.024    -56.519
      6.050     27.213     63.784     54.794     70.505   -141.321    -56.792
      6.051     27.284     63.643     54.738     70.347   -141.618    -57.066
      6.052     27.354     63.501     54.680     70.189   -141.914    -57.340
      6.053     27.424     63.359     54.623     70.029   -142.212    -57.615
      6.054     27.494     63.216     54.565     69.869   -142.509    -57.890
      6.055     27.564     63.074     54.507     69.709   -142.806    -58.166
      6.056     27.634     62.931     54.449     69.547   -143.104    -58.442
      6.057     27.703     62.788     54.390     69.385   -143.402    -58.719
      6.058     27.772     62.644     54.331     69.222   -143.700    -58.997
      6.059     27.841     62.500     54.272     69.058   -143.998    -59.275
      6.060     27.910     62.356     54.213     68.893   -144.297    -59.553
      6.061     27.979     62.212     54.153     68.728   -144.595    -59.832
      6.062     28.048     62.067     54.093     68.561   -144.894    -60.112
      6.063     28.116     61.922     54.033     68.394   -145.193    -60.392
      6.064     28.185     61.776     53.972     68.227   -145.492    -60.672
      6.065     28.253     61.631     53.911     68.058   -145.792    -60.953
      6.066     28.321     61.485     53.850     67.888   -146.091    -61.235
      6.067     28.389     61.339     53.789     67.718   -146.391    -61.517
      6.068     28.456     61.192     53.727     67.547   -146.691    -61.800
      6.069     28.524     61.045     53.665     67.375   -146.991    -62.083
      6.070     28.591     60.898     53.603     67.202   -147.291    -62.367
      6.071     28.658     60.751     53.541     67.029   -147.592    -62.651
      6.072     28.725     60.603     53.478     66.854   -147.893    -62.936
      6.073     28.792     60.455     53.415     66.679   -148.194    -63.222
      6.074     28.858     60.307     53.351     66.503   -148.495    -63.508
      6.075     28.925     60.158     53.288     66.326   -148.796    -63.794
      6.076     28.991     60.009     53.224     66.148   -149.098    -64.082
      6.077     29.057     59.860     53.160     65.970   -149.399    -64.369
      6.078     29.123     59.710     53.095     65.790   -149.701    -64.658
      6.079     29.189     59.560     53.030     65.610   -150.003    -64.946
      6.080     29.254     59.410     52.965     65.428   -150.306    -65.236
      6.081     29.320     59.260     52.900     65.246   -150.608    -65.526
      6.082     29.385     59.109     52.834     65.063   -150.911    -65.817
      6.083     29.450     58.958     52.768     64.879   -151.214    -66.108
      6.084     29.514     58.806     52.702     64.694   -151.517    -66.400
      6.085     29.579     58.655     52.635     64.509   -151.820    -66.692
      6.086     29.643     58.503     52.569     64.322   -152.124    -66.985
      6.087     29.708     58.351     52.501     64.135   -152.427    -67.278
      6.088     29.772     58.198     52.434     63.946   -152.731    -67.573
      6.089     29.836     58.045     52.366     63.757   -153.035    -67.867
      6.090     29.899     57.892     52.298     63.566   -153.340    -68.163
      6.091     29.963     57.738     52.230     63.375   -153.644    -68.459
      6.092     30.026     57.585     52.161     63.183   -153.949    -68.755
      6.093     30.089     57.431     52.092     62.990   -154.253    -69.052
      6.094     30.152     57.276     52.023     62.796   -154.558    -69.350
      6.095     30.215     57.121     51.954     62.601   -154.864    -69.648
      6.096     30.277     56.966     51.884     62.405   -155.169    -69.947
      6.097     30.339     56.811     51.814     62.208   -155.475    -70.247
      6.098     30.402     56.655     51.743     62.010   -155.780    -70.547
      6.099     30.463     56.499     51.673     61.811   -156.086    -70.848
      6.100     30.525     56.343     51.602     61.611   -156.393    -71.149
      6.101     30.587     56.187     51.530     61.410   -156.699    -71.452
      6.102     30.648     56.030     51.459     61.208   -157.006    -71.754
      6.103     30.709     55.873     51.387     61.005   -157.312    -72.058
      6.104     30.770     55.715     51.315     60.801   -157.619    -72.362
      6.105     30.831     55.557     51.242     60.596   -157.926    -72.666
      6.106     30.891     55.399     51.169     60.390   -158.234    -72.972
      6.107     30.952     55.241     51.096     60.184   -158.541    -73.278
      6.108     31.012     55.082     51.023     59.976   -158.849    -73.584
      6.109     31.071     54.923     50.949     59.767   -159.157    -73.892
      6.110     31.131     54.764     50.875     59.556   -159.465    -74.199
      6.111     31.191     54.604     50.801     59.345   -159.773    -74.508
      6.112     31.250     54.444     50.726     59.133   -160.082    -74.817
      6.113     31.309     54.284     50.651     58.920   -160.390    -75.127
      6.114     31.368     54.124     50.576     58.706   -160.699    -75.438
      6.115     31.426     53.963     50.500     58.490   -161.008    -75.749
      6.116     31.485     53.802     50.424     58.274   -161.317    -76.061
      6.117     31.543     53.640     50.348     58.056   -161.627    -76.373
      6.118     31.601     53.478     50.272     57.838   -161.936    -76.687
      6.119     31.658     53.316     50.195     57.618   -162.246    -77.001
      6.120     31.716     53.154     50.118     57.397   -162.556    -77.315
      6.121     31.773     52.991     50.040     57.175   -162.866    -77.631
      6.122     31.830     52.828     49.962     56.952   -163.176    -77.947
      6.123     31.887     52.665     49.884     56.728   -163.487    -78.263
      6.124     31.944     52.501     49.806     56.502   -163.798    -78.581
      6.125     32.000     52.337     49.727     56.276   -164.108    -78.899
      6.126     32.056     52.173     49.648     56.048   -164.419    -79.218
      6.127     32.112     52.008     49.569     55.819   -164.731    -79.537
      6.128     32.168     51.844     49.489     55.589   -165.042    -79.857
      6.129     32.223     51.678     49.409     55.358   -165.354    -80.178
      6.130     32.279     51.513     49.329     55.126   -165.665    -80.500
      6.131     32.334     51.347     49.248     54.892   -165.977    -80.822
      6.132     32.388     51.181     49.167     54.658   -166.289    -81.146
      6.133     32.443     51.014     49.086     54.422   -166.601    -81.469
      6.134     32.497     50.848     49.004     54.185   -166.914    -81.794
      6.135     32.551     50.681     48.922     53.946   -167.226    -82.119
      6.136     32.605     50.513     48.840     53.707   -167.539    -82.445
      6.137     32.659     50.345     48.757     53.466   -167.852    -82.772
      6.138     32.712     50.177     48.674     53.224   -168.165    -83.100
      6.139     32.765     50.009     48.591     52.980   -168.478    -83.428
      6.140     32.818     49.841     48.507     52.736   -168.792    -83.757
      6.141     32.871     49.672     48.423     52.490   -169.105    -84.087
      6.142     32.923     49.502     48.339     52.243   -169.419    -84.417
      6.143     32.975     49.333     48.255     51.994   -169.733    -84.749
      6.144     33.027     49.163     48.170     51.745   -170.047    -85.081
      6.145     33.079     48.993     48.084     51.494   -170.361    -85.413
      6.146     33.130     48.822     47.999     51.241   -170.676    -85.747
      6.147     33.181     48.651     47.913     50.988   -170.990    -86.081
      6.148     33.232     48.480     47.827     50.733   -171.305    -86.417
      6.149     33.283     48.309     47.740     50.476   -171.620    -86.753
      6.150     33.333     48.137     47.653     50.219   -171.935    -87.089
      6.151     33.383     47.965     47.566     49.960   -172.250    -87.427
      6.152     33.433     47.792     47.478     49.699   -172.565    -87.765
      6.153     33.482     47.620     47.390     49.438   -172.880    -88.104
      6.154     33.532     47.447     47.302     49.175   -173.196    -88.444
      6.155     33.581     47.273     47.213     48.910   -173.512    -88.785
      6.156     33.630     47.100     47.125     48.644   -173.828    -89.126
      6.157     33.678     46.926     47.035     48.377   -174.144    -89.469
      6.158     33.726     46.751     46.946     48.108   -174.460    -89.812
      6.159     33.774     46.577     46.856     47.838   -174.776    -90.156
      6.160     33.822     46.402     46.765     47.566   -175.092    -90.501
      6.161     33.869     46.227     46.675     47.293   -175.409    -90.846
      6.162     33.917     46.051     46.584     47.019   -175.725    -91.193
      6.163     33.963     45.875     46.492     46.743   -176.042    -91.540
      6.164     34.010     45.699     46.401     46.466   -176.359    -91.888
      6.165     34.056     45.522     46.308     46.187   -176.676    -92.237
      6.166     34.102     45.346     46.216     45.906   -176.993    -92.587
      6.167     34.148     45.168     46.123     45.624   -177.310    -92.937
      6.168     34.194     44.991     46.030     45.341   -177.628    -93.289
      6.169     34.239     44.813     45.937     45.056   -177.945    -93.641
      6.170     34.284     44.635     45.843     44.769   -178.263    -93.995
      6.171     34.328     44.457     45.749     44.481   -178.580    -94.349
      6.172     34.373     44.278     45.654     44.192   -178.898    -94.704
      6.173     34.417     44.099     45.559     43.900   -179.216    -95.059
      6.174     34.461     43.919     45.464     43.608   -179.534    -95.416
      6.175     34.504     43.740     45.368     43.313   -179.852    -95.774
      6.176     34.547     43.560     45.273     43.017   -180.170    -96.132
      6.177     34.590     43.379     45.176     42.720   -180.489    -96.492
      6.178     34.633     43.199     45.080     42.420   -180.807    -96.852
      6.179     34.675     43.018     44.982     42.120   -181.125    -97.213
      6.180     34.717     42.836     44.885     41.817   -181.444    -97.575
      6.181     34.759     42.655     44.787     41.513   -181.763    -97.938
      6.182     34.800     42.473     44.689     41.207   -182.081    -98.302
      6.183     34.841     42.291     44.591     40.899   -182.400    -98.667
      6.184     34.882     42.108     44.492     40.590   -182.719    -99.032
      6.185     34.922     41.925     44.393     40.279   -183.038    -99.399
      6.186     34.962     41.742     44.293     39.967   -183.357    -99.766
      6.187     35.002     41.559     44.193     39.652   -183.676   -100.135
      6.188     35.042     41.375     44.093     39.336   -183.995   -100.504
      6.189     35.081     41.191     43.992     39.018   -184.314   -100.874
      6.190     35.120     41.006     43.891     38.698   -184.633   -101.246
      6.191     35.158     40.821     43.790     38.377   -184.952   -101.618
      6.192     35.196     40.636     43.688     38.054   -185.271   -101.991
      6.193     35.234     40.451     43.586     37.729   -185.591   -102.365
      6.194     35.272     40.265     43.483     37.402   -185.910   -102.740
      6.195     35.309     40.079     43.380     37.073   -186.229   -103.116
      6.196     35.346     39.893     43.277     36.742   -186.549   -103.493
      6.197     35.383     39.706     43.173     36.410   -186.868   -103.871
      6.198     35.419     39.519     43.069     36.076   -187.187   -104.250
      6.199     35.455     39.331     42.965     35.739   -187.507   -104.630
      6.200     35.490     39.144     42.860     35.401   -187.826   -105.011
      6.201     35.525     38.956     42.755     35.061   -188.145   -105.393
      6.202     35.560     38.768     42.649     34.719   -188.465   -105.776
      6.203     35.595     38.579     42.543     34.375   -188.784   -106.160
      6.204     35.629     38.390     42.437     34.029   -189.104   -106.544
      6.205     35.663     38.201     42.330     33.681   -189.423   -106.930
      6.206     35.696     38.011     42.223     33.331   -189.742   -107.317
      6.207     35.730     37.821     42.115     32.980   -190.061   -107.705
      6.208     35.762     37.631     42.007     32.626   -190.381   -108.094
      6.209     35.795     37.440     41.899     32.270   -190.700   -108.484
      6.210     35.827     37.250     41.791     31.912   -191.019   -108.875
      6.211     35.859     37.058     41.681     31.552   -191.338   -109.267
      6.212     35.890     36.867     41.572     31.189   -191.657   -109.660
      6.213     35.921     36.675     41.462     30.825   -191.976   -110.054
      6.214     35.952     36.483     41.352     30.459   -192.295   -110.449
      6.215     35.982     36.291     41.241     30.090   -192.614   -110.845
      6.216     36.012     36.098     41.130     29.720   -192.933   -111.242
      6.217     36.041     35.905     41.019     29.347   -193.251   -111.641
      6.218     36.071     35.711     40.907     28.972   -193.570   -112.040
      6.219     36.099     35.518     40.795     28.595   -193.888   -112.440
      6.220     36.128     35.323     40.682     28.215   -194.207   -112.842
      6.221     36.156     35.129     40.569     27.833   -194.525   -113.244
      6.222     36.183     34.934     40.456     27.449   -194.843   -113.648
      6.223     36.211     34.739     40.342     27.063   -195.161   -114.053
      6.224     36.238     34.544     40.227     26.675   -195.479   -114.458
      6.225     36.264     34.348     40.113     26.284   -195.796   -114.865
      6.226     36.290     34.152     39.998     25.891   -196.114   -115.273
      6.227     36.316     33.956     39.882     25.496   -196.431   -115.682
      6.228     36.341     33.760     39.766     25.098   -196.749   -116.092
      6.229     36.366     33.563     39.650     24.698   -197.066   -116.504
      6.230     36.391     33.365     39.533     24.295   -197.382   -116.916
      6.231     36.415     33.168     39.416     23.890   -197.699   -117.329
      6.232     36.438     32.970     39.299     23.483   -198.015   -117.744
      6.233     36.462     32.772     39.181     23.073   -198.332   -118.160
      6.234     36.484     32.573     39.062     22.660   -198.648   -118.577
      6.235     36.507     32.375     38.944     22.246   -198.963   -118.995
      6.236     36.529     32.176     38.824     21.828   -199.279   -119.414
      6.237     36.551     31.976     38.705     21.408   -199.594   -119.834
      6.238     36.572     31.776     38.585     20.986   -199.909   -120.255
      6.239     36.593     31.576     38.464     20.561   -200.224   -120.678
      6.240     36.613     31.376     38.343     20.133   -200.538   -121.102
      6.241     36.633     31.175     38.222     19.703   -200.853   -121.527
      6.242     36.652     30.974     38.100     19.271   -201.167   -121.953
      6.243     36.671     30.773     37.978     18.835   -201.480   -122.380
      6.244     36.690     30.571     37.856     18.397   -201.793   -122.808
      6.245     36.708     30.369     37.732     17.956   -202.106   -123.238
      6.246     36.726     30.167     37.609     17.512   -202.419   -123.669
      6.247     36.743     29.964     37.485     17.066   -202.731   -124.100
      6.248     36.760     29.762     37.361     16.617   -203.043   -124.534
      6.249     36.776     29.558     37.236     16.165   -203.354   -124.968
      6.250     36.792     29.355     37.111     15.711   -203.665   -125.403
      6.251     36.808     29.151     36.985     15.253   -203.976   -125.840
      6.252     36.823     28.947     36.859     14.793   -204.286   -126.278
      6.253     36.837     28.742     36.733     14.330   -204.596   -126.717
      6.254     36.851     28.538     36.606     13.863   -204.906   -127.157
      6.255     36.865     28.333     36.478     13.394   -205.214   -127.599
      6.256     36.878     28.127     36.351     12.922   -205.523   -128.042
      6.257     36.891     27.922     36.222     12.448   -205.831   -128.486
      6.258     36.903     27.716     36.094     11.970   -206.138   -128.931
      6.259     36.915     27.509     35.964     11.489   -206.445   -129.377
      6.260     36.926     27.303     35.835     11.005   -206.752   -129.825
      6.261     36.937     27.096     35.705     10.517   -207.058   -130.274
      6.262     36.947     26.889     35.574     10.027   -207.363   -130.724
      6.263     36.957     26.681     35.443      9.534   -207.668   -131.175
      6.264     36.966     26.473     35.312      9.038   -207.972   -131.628
      6.265     36.975     26.265     35.180      8.538   -208.276   -132.082
      6.266     36.983     26.057     35.048      8.035   -208.579   -132.537
      6.267     36.991     25.848     34.915      7.529   -208.881   -132.993
      6.268     36.998     25.639     34.782      7.020   -209.183   -133.451
      6.269     37.005     25.430     34.648      6.507   -209.484   -133.910
      6.270     37.011     25.220     34.514      5.991   -209.784   -134.370
      6.271     37.017     25.010     34.379      5.472   -210.084   -134.832
      6.272     37.022     24.800     34.244      4.949   -210.382   -135.294
      6.273     37.027     24.589     34.109      4.423   -210.681   -135.758
      6.274     37.031     24.378     33.973      3.894   -210.978   -136.224
      6.275     37.035     24.167     33.836      3.361   -211.274   -136.690
      6.276     37.038     23.956     33.699      2.825   -211.570   -137.158
      6.277     37.040     23.744     33.562      2.285   -211.865   -137.627
      6.278     37.042     23.532     33.424      1.742   -212.159   -138.097
      6.279     37.044     23.320     33.286      1.195   -212.453   -138.569
      6.280     37.045     23.107     33.147      0.644   -212.745   -139.042
      6.281     37.045     22.894     33.008      0.090   -213.036   -139.516
      6.282     37.045     22.681     32.868     -0.468   -213.327   -139.992
      6.283     37.044     22.468     32.728     -1.030   -213.617   -140.469
      6.284     37.043     22.254     32.587     -1.595   -213.905   -140.947
      6.285     37.041     22.040     32.446     -2.164   -214.193   -141.426
      6.286     37.039     21.826     32.304     -2.736   -214.479   -141.907
      6.287     37.036     21.611     32.162     -3.313   -214.765   -142.389
      6.288     37.032     21.396     32.019     -3.894   -215.049   -142.872
      6.289     37.028     21.181     31.876     -4.478   -215.333   -143.357
      6.290     37.023     20.965     31.733     -5.066   -215.615   -143.843
      6.291     37.018     20.750     31.589     -5.658   -215.896   -144.330
      6.292     37.012     20.534     31.444     -6.254   -216.176   -144.819
      6.293     37.005     20.317     31.299     -6.855   -216.455   -145.308
      6.294     36.998     20.101     31.153     -7.459   -216.732   -145.800
      6.295     36.990     19.884     31.007     -8.067   -217.008   -146.292
      6.296     36.982     19.667     30.861     -8.679   -217.283   -146.786
      6.297     36.973     19.449     30.714     -9.296   -217.557   -147.281
      6.298     36.963     19.232     30.566     -9.917   -217.829   -147.777
      6.299     36.953     19.014     30.418    -10.542   -218.100   -148.275
      6.300     36.942     18.795     30.270    -11.171   -218.369   -148.774
      6.301     36.931     18.577     30.121    -11.804   -218.637   -149.274
      6.302     36.919     18.358     29.971    -12.442   -218.904   -149.776
      6.303     36.906     18.139     29.821    -13.084   -219.169   -150.278
      6.304     36.892     17.920     29.671    -13.731   -219.432   -150.782
      6.305     36.878     17.700     29.520    -14.382   -219.694   -151.288
      6.306     36.864     17.480     29.368    -15.038   -219.954   -151.795
      6.307     36.848     17.260     29.216    -15.698   -220.213   -152.303
      6.308     36.832     17.040     29.063    -16.362   -220.470   -152.812
      6.309     36.816     16.819     28.910    -17.032   -220.725   -153.322
      6.310     36.798     16.598     28.757    -17.705   -220.979   -153.834
      6.311     36.780     16.377     28.603    -18.384   -221.230   -154.347
      6.312     36.761     16.156     28.448    -19.067   -221.480   -154.862
      6.313     36.742     15.934     28.293    -19.755   -221.728   -155.377
      6.314     36.722     15.713     28.137    -20.448   -221.974   -155.894
      6.315     36.701     15.490     27.981    -21.145   -222.218   -156.412
      6.316     36.680     15.268     27.825    -21.848   -222.460   -156.932
      6.317     36.657     15.046     27.667    -22.555   -222.700   -157.452
      6.318     36.635     14.823     27.510    -23.267   -222.938   -157.974
      6.319     36.611     14.600     27.351    -23.985   -223.174   -158.497
      6.320     36.587     14.376     27.193    -24.707   -223.408   -159.021
      6.321     36.561     14.153     27.033    -25.435   -223.639   -159.547
      6.322     36.536     13.929     26.874    -26.167   -223.868   -160.073
      6.323     36.509     13.705     26.713    -26.905   -224.095   -160.601
      6.324     36.482     13.481     26.552    -27.648   -224.320   -161.130
      6.325     36.454     13.256     26.391    -28.396   -224.542   -161.661
      6.326     36.425     13.032     26.229    -29.149   -224.761   -162.192
      6.327     36.396     12.807     26.067    -29.908   -224.978   -162.725
      6.328     36.365     12.582     25.904    -30.672   -225.193   -163.258
      6.329     36.334     12.357     25.740    -31.442   -225.404   -163.793
      6.330     36.302     12.131     25.576    -32.217   -225.614   -164.329
      6.331     36.270     11.905     25.411    -32.997   -225.820   -164.866
      6.332     36.236     11.679     25.246    -33.783   -226.023   -165.404
      6.333     36.202     11.453     25.081    -34.575   -226.224   -165.943
      6.334     36.167     11.227     24.914    -35.372   -226.422   -166.484
      6.335     36.131     11.000     24.748    -36.175   -226.617   -167.025
      6.336     36.095     10.774     24.580    -36.984   -226.809   -167.567
      6.337     36.057     10.547     24.412    -37.798   -226.997   -168.111
      6.338     36.019     10.320     24.244    -38.619   -227.183   -168.655
      6.339     35.980     10.092     24.075    -39.445   -227.365   -169.201
      6.340     35.940      9.865     23.906    -40.277   -227.544   -169.747
      6.341     35.900      9.637     23.736    -41.115   -227.720   -170.294
      6.342     35.858      9.410     23.565    -41.959   -227.892   -170.843
      6.343     35.816      9.182     23.394    -42.809   -228.061   -171.392
      6.344     35.773      8.953     23.222    -43.665   -228.226   -171.942
      6.345     35.728      8.725     23.050    -44.527   -228.387   -172.493
      6.346     35.683      8.497     22.877    -45.395   -228.545   -173.044
      6.347     35.638      8.268     22.704    -46.270   -228.699   -173.597
      6.348     35.591      8.039     22.530    -47.151   -228.849   -174.150
      6.349     35.543      7.810     22.356    -48.038   -228.995   -174.704
      6.350     35.495      7.581     22.181    -48.932   -229.137   -175.259
      6.351     35.445      7.352     22.005    -49.832   -229.275   -175.815
      6.352     35.395      7.123     21.829    -50.738   -229.409   -176.371
      6.353     35.344      6.893     21.652    -51.651   -229.539   -176.928
      6.354     35.292      6.664     21.475    -52.571   -229.664   -177.486
      6.355     35.239      6.434     21.297    -53.497   -229.785   -178.044
      6.356     35.185      6.204     21.119    -54.429   -229.901   -178.603
      6.357     35.130      5.974     20.940    -55.368   -230.013   -179.162
      6.358     35.074      5.744     20.761    -56.314   -230.120   -179.722
      6.359     35.017      5.514     20.581    -57.267   -230.222   -180.282
      6.360     34.960      5.284     20.400    -58.227   -230.319   -180.843
      6.361     34.901      5.053     20.219    -59.193   -230.411   -181.404
      6.362     34.841      4.823     20.037    -60.166   -230.498   -181.965
      6.363     34.781      4.592     19.855    -61.146   -230.580   -182.527
      6.364     34.719      4.362     19.672    -62.133   -230.657   -183.089
      6.365     34.656      4.131     19.489    -63.127   -230.728   -183.651
      6.366     34.593      3.900     19.305    -64.128   -230.794   -184.213
      6.367     34.528      3.669     19.121    -65.137   -230.854   -184.776
      6.368     34.462      3.439     18.936    -66.152   -230.908   -185.338
      6.369     34.396      3.208     18.750    -67.174   -230.957   -185.901
      6.370     34.328      2.977     18.564    -68.204   -230.999   -186.463
      6.371     34.259      2.746     18.377    -69.240   -231.036   -187.026
      6.372     34.190      2.515     18.190    -70.284   -231.066   -187.588
      6.373     34.119      2.283     18.002    -71.336   -231.090   -188.150
      6.374     34.047      2.052     17.813    -72.394   -231.108   -188.712
      6.375     33.974      1.821     17.624    -73.460   -231.119   -189.274
      6.376     33.900      1.590     17.435    -74.533   -231.124   -189.835
      6.377     33.825      1.359     17.245    -75.614   -231.122   -190.396
      6.378     33.749      1.128     17.054    -76.702   -231.113   -190.956
      6.379     33.671      0.897     16.863    -77.797   -231.097   -191.516
      6.380     33.593      0.666     16.671    -78.900   -231.074   -192.075
      6.381     33.514      0.435     16.479    -80.011   -231.043   -192.633
      6.382     33.433      0.204     16.286    -81.128   -231.005   -193.191
      6.383     33.351     -0.027     16.092    -82.254   -230.960   -193.748
      6.384     33.269     -0.258     15.898    -83.387   -230.907   -194.304
      6.385     33.185     -0.489     15.704    -84.527   -230.846   -194.859
      6.386     33.099     -0.720     15.509    -85.675   -230.777   -195.413
      6.387     33.013     -0.951     15.313    -86.831   -230.700   -195.965
      6.388     32.926     -1.181     15.117    -87.994   -230.615   -196.517
      6.389     32.837     -1.412     14.920    -89.165   -230.521   -197.067
      6.390     32.748     -1.642     14.722    -90.343   -230.419   -197.616
      6.391     32.657     -1.873     14.525    -91.529   -230.309   -198.163
      6.392     32.564     -2.103     14.326    -92.722   -230.189   -198.708
      6.393     32.471     -2.333     14.127    -93.923   -230.060   -199.252
      6.394     32.377     -2.563     13.928    -95.132   -229.923   -199.794
      6.395     32.281     -2.793     13.728    -96.348   -229.776   -200.334
      6.396     32.184     -3.023     13.527    -97.571   -229.619   -200.873
      6.397     32.086     -3.252     13.326    -98.802   -229.453   -201.409
      6.398     31.986     -3.482     13.124   -100.041   -229.278   -201.942
      6.399     31.886     -3.711     12.922   -101.287   -229.092   -202.474
      6.400     31.784     -3.940     12.719   -102.540   -228.896   -203.003
      6.401     31.681     -4.169     12.516   -103.801   -228.690   -203.529
      6.402     31.576     -4.397     12.312   -105.070   -228.474   -204.053
      6.403     31.470     -4.626     12.108   -106.345   -228.247   -204.574
      6.404     31.363     -4.854     11.903   -107.628   -228.009   -205.092
      6.405     31.255     -5.082     11.698   -108.918   -227.760   -205.607
      6.406     31.146     -5.309     11.492   -110.215   -227.501   -206.118
      6.407     31.035     -5.537     11.285   -111.519   -227.230   -206.626
      6.408     30.923     -5.764     11.079   -112.831   -226.947   -207.131
      6.409     30.809     -5.990     10.871   -114.149   -226.653   -207.632
      6.410     30.694     -6.217     10.663   -115.474   -226.348   -208.130
      6.411     30.578     -6.443     10.455   -116.807   -226.030   -208.623
      6.412     30.461     -6.669     10.246   -118.145   -225.701   -209.113
      6.413     30.342     -6.894     10.037   -119.491   -225.359   -209.598
      6.414     30.222     -7.120      9.827   -120.843   -225.004   -210.079
      6.415     30.100     -7.344      9.617   -122.201   -224.637   -210.555
      6.416     29.977     -7.569      9.406   -123.566   -224.258   -211.027
      6.417     29.853     -7.793      9.194   -124.937   -223.865   -211.494
      6.418     29.727     -8.017      8.983   -126.315   -223.460   -211.956
      6.419     29.600     -8.240      8.771   -127.698   -223.041   -212.412
      6.420     29.472     -8.463      8.558   -129.087   -222.608   -212.864
      6.421     29.342     -8.685      8.345   -130.482   -222.162   -213.309
      6.422     29.211     -8.907      8.131   -131.882   -221.703   -213.749
      6.423     29.078     -9.129      7.917   -133.288   -221.229   -214.184
      6.424     28.944     -9.350      7.703   -134.699   -220.741   -214.612
      6.425     28.809     -9.570      7.488   -136.115   -220.239   -215.034
      6.426     28.672     -9.790      7.273   -137.536   -219.723   -215.449
      6.427     28.534    -10.009      7.057   -138.962   -219.192   -215.858
      6.428     28.394    -10.228      6.841   -140.392   -218.647   -216.260
      6.429     28.253    -10.447      6.625   -141.827   -218.086   -216.654
      6.430     28.111    -10.665      6.408   -143.266   -217.511   -217.042
      6.431     27.967    -10.882      6.191   -144.709   -216.921   -217.422
      6.432     27.821    -11.098      5.973   -146.156   -216.315   -217.795
      6.433     27.674    -11.314      5.755   -147.606   -215.694   -218.160
      6.434     27.526    -11.530      5.537   -149.059   -215.058   -218.516
      6.435     27.376    -11.744      5.318   -150.516   -214.406   -218.865
      6.436     27.225    -11.959      5.099   -151.975   -213.738   -219.204
      6.437     27.072    -12.172      4.880   -153.436   -213.054   -219.536
      6.438     26.918    -12.385      4.660   -154.900   -212.355   -219.858
      6.439     26.762    -12.597      4.440   -156.366   -211.639   -220.171
      6.440     26.605    -12.808      4.220   -157.834   -210.908   -220.475
      6.441     26.447    -13.018      3.999   -159.303   -210.160   -220.769
      6.442     26.287    -13.228      3.778   -160.773   -209.396   -221.053
      6.443     26.125    -13.437      3.557   -162.244   -208.615   -221.327
      6.444     25.962    -13.645      3.335   -163.715   -207.819   -221.591
      6.445     25.798    -13.853      3.114   -165.186   -207.006   -221.844
      6.446     25.632    -14.059      2.892   -166.658   -206.176   -222.085
      6.447     25.464    -14.265      2.670   -168.128   -205.330   -222.316
      6.448     25.296    -14.470      2.447   -169.598   -204.467   -222.535
      6.449     25.125    -14.674      2.224   -171.067   -203.588   -222.741
      6.450     24.953    -14.877      2.002   -172.533   -202.692   -222.935
      6.451     24.780    -15.080      1.779   -173.998   -201.780   -223.115
      6.452     24.605    -15.281      1.555   -175.461   -200.851   -223.281
      6.453     24.429    -15.481      1.332   -176.920   -199.906   -223.431
      6.454     24.252    -15.681      1.109   -178.376   -198.945   -223.564
      6.455     24.073    -15.879      0.885   -179.828   -197.967   -223.678
      6.456     23.892    -16.077      0.661   -181.276   -196.974   -223.769
      6.457     23.710    -16.273      0.437   -182.719   -195.964   -223.834
      6.458     23.527    -16.468      0.214   -184.156   -194.939   -223.867
      6.459     23.342    -16.663     -0.010   -185.587   -193.900   -223.864
      6.460     23.155    -16.856     -0.234   -187.010   -192.845   -223.824
      6.461     22.968    -17.049     -0.458   -188.425   -191.776   -223.748
      6.462     22.779    -17.240     -0.682   -189.832   -190.694   -223.640
      6.463     22.588    -17.430     -0.905   -191.228   -189.598   -223.505
      6.464     22.396    -17.619     -1.129   -192.615   -188.490   -223.346
      6.465     22.203    -17.807     -1.352   -193.991   -187.369   -223.166
      6.466     22.008    -17.994     -1.575   -195.355   -186.235   -222.967
      6.467     21.812    -18.179     -1.798   -196.708   -185.090   -222.751
      6.468     21.615    -18.364     -2.020   -198.049   -183.933   -222.518
      6.469     21.416    -18.547     -2.243   -199.378   -182.765   -222.269
      6.470     21.216    -18.729     -2.465   -200.694   -181.586   -222.006
      6.471     21.015    -18.910     -2.687   -201.996   -180.396   -221.727
      6.472     20.812    -19.090     -2.908   -203.285   -179.196   -221.435
      6.473     20.608    -19.269     -3.130   -204.560   -177.986   -221.128
      6.474     20.403    -19.446     -3.351   -205.822   -176.765   -220.807
      6.475     20.196    -19.622     -3.571   -207.068   -175.536   -220.473
      6.476     19.989    -19.797     -3.792   -208.300   -174.297   -220.125
      6.477     19.780    -19.971     -4.012   -209.517   -173.049   -219.763
      6.478     19.570    -20.143     -4.231   -210.719   -171.793   -219.389
      6.479     19.358    -20.315     -4.450   -211.905   -170.529   -219.002
      6.480     19.146    -20.484     -4.669   -213.076   -169.257   -218.602
      6.481     18.932    -20.653     -4.888   -214.231   -167.977   -218.190
      6.482     18.717    -20.820     -5.106   -215.369   -166.690   -217.765
      6.483     18.501    -20.986     -5.323   -216.491   -165.396   -217.328
      6.484     18.284    -21.151     -5.540   -217.596   -164.096   -216.879
      6.485     18.066    -21.315     -5.757   -218.685   -162.790   -216.417
      6.486     17.847    -21.477     -5.973   -219.756   -161.477   -215.945
      6.487     17.627    -21.638     -6.189   -220.811   -160.159   -215.461
      6.488     17.405    -21.797     -6.404   -221.848   -158.836   -214.965
      6.489     17.183    -21.955     -6.619   -222.867   -157.508   -214.458
      6.490     16.960    -22.112     -6.833   -223.870   -156.176   -213.941
      6.491     16.735    -22.268     -7.046   -224.854   -154.839   -213.412
      6.492     16.510    -22.422     -7.260   -225.821   -153.498   -212.873
      6.493     16.284    -22.575     -7.472   -226.770   -152.154   -212.324
      6.494     16.057    -22.726     -7.684   -227.701   -150.807   -211.765
      6.495     15.828    -22.876     -7.896   -228.614   -149.456   -211.195
      6.496     15.599    -23.025     -8.107   -229.509   -148.103   -210.616
      6.497     15.369    -23.172     -8.317   -230.386   -146.748   -210.028
      6.498     15.139    -23.318     -8.527   -231.245   -145.391   -209.430
      6.499     14.907    -23.463     -8.736   -232.085   -144.032   -208.823
      6.500     14.674    -23.607     -8.944   -232.908   -142.672   -208.207
      6.501     14.441    -23.748     -9.152   -233.712   -141.311   -207.583
      6.502     14.207    -23.889     -9.360   -234.498   -139.949   -206.950
      6.503     13.972    -24.028     -9.566   -235.266   -138.586   -206.309
      6.504     13.736    -24.166     -9.772   -236.016   -137.224   -205.660
      6.505     13.500    -24.303     -9.977   -236.748   -135.861   -205.003
      6.506     13.263    -24.438    -10.182   -237.462   -134.499   -204.339
      6.507     13.025    -24.572    -10.386   -238.157   -133.137   -203.667
      6.508     12.787    -24.704    -10.589   -238.835   -131.777   -202.988
      6.509     12.547    -24.835    -10.792   -239.495   -130.417   -202.302
      6.510     12.308    -24.965    -10.994   -240.137   -129.059   -201.609
      6.511     12.067    -25.094    -11.195   -240.762   -127.703   -200.910
      6.512     11.826    -25.221    -11.396   -241.369   -126.348   -200.205
      6.513     11.584    -25.346    -11.596   -241.958   -124.996   -199.494
      6.514     11.342    -25.471    -11.795   -242.530   -123.646   -198.776
      6.515     11.099    -25.593    -11.993   -243.085   -122.299   -198.053
      6.516     10.856    -25.715    -12.191   -243.622   -120.954   -197.325
      6.517     10.612    -25.835    -12.388   -244.143   -119.612   -196.591
      6.518     10.368    -25.954    -12.584   -244.646   -118.274   -195.853
      6.519     10.123    -26.072    -12.780   -245.133   -116.939   -195.109
      6.520      9.878    -26.188    -12.974   -245.603   -115.608   -194.361
      6.521      9.632    -26.303    -13.168   -246.057   -114.280   -193.609
      6.522      9.385    -26.417    -13.362   -246.494   -112.957   -192.852
      6.523      9.139    -26.529    -13.554   -246.915   -111.637   -192.091
      6.524      8.892    -26.640    -13.746   -247.321   -110.322   -191.326
      6.525      8.644    -26.750    -13.937   -247.710   -109.012   -190.558
      6.526      8.396    -26.858    -14.127   -248.083   -107.706   -189.786
      6.527      8.148    -26.965    -14.316   -248.441   -106.405   -189.010
      6.528      7.899    -27.071    -14.505   -248.784   -105.108   -188.232
      6.529      7.650    -27.175    -14.693   -249.111   -103.817   -187.451
      6.530      7.401    -27.279    -14.880   -249.424   -102.531   -186.666
      6.531      7.152    -27.380    -15.066   -249.721   -101.250   -185.879
      6.532      6.902    -27.481    -15.252   -250.004    -99.975   -185.090
      6.533      6.652    -27.580    -15.436   -250.273    -98.705   -184.298
      6.534      6.401    -27.678    -15.620   -250.527    -97.441   -183.504
      6.535      6.150    -27.775    -15.803   -250.767    -96.183   -182.708
      6.536      5.900    -27.871    -15.986   -250.993    -94.931   -181.911
      6.537      5.649    -27.965    -16.167   -251.205    -93.684   -181.111
      6.538      5.397    -28.058    -16.348   -251.404    -92.444   -180.310
      6.539      5.146    -28.150    -16.528   -251.589    -91.209   -179.508
      6.540      4.894    -28.241    -16.707   -251.762    -89.981   -178.704
      6.541      4.642    -28.330    -16.885   -251.921    -88.760   -177.899
      6.542      4.390    -28.418    -17.063   -252.067    -87.544   -177.093
      6.543      4.138    -28.505    -17.239   -252.201    -86.335   -176.286
      6.544      3.886    -28.591    -17.415   -252.322    -85.133   -175.478
      6.545      3.633    -28.675    -17.590   -252.431    -83.937   -174.670
      6.546      3.381    -28.759    -17.765   -252.528    -82.748   -173.861
      6.547      3.128    -28.841    -17.938   -252.613    -81.565   -173.052
      6.548      2.876    -28.922    -18.111   -252.687    -80.389   -172.242
      6.549      2.623    -29.002    -18.282   -252.748    -79.220   -171.432
      6.550      2.370    -29.080    -18.453   -252.799    -78.057   -170.622
      6.551      2.117    -29.158    -18.624   -252.838    -76.901   -169.812
      6.552      1.865    -29.234    -18.793   -252.867    -75.753   -169.002
      6.553      1.612    -29.309    -18.962   -252.884    -74.611   -168.193
      6.554      1.359    -29.383    -19.129   -252.891    -73.475   -167.383
      6.555      1.106    -29.456    -19.296   -252.888    -72.347   -166.574
      6.556      0.853    -29.528    -19.463   -252.874    -71.226   -165.766
      6.557      0.600    -29.599    -19.628   -252.850    -70.112   -164.958
      6.558      0.347    -29.668    -19.793   -252.817    -69.004   -164.150
      6.559      0.095    -29.737    -19.956   -252.773    -67.904   -163.344
      6.560     -0.158    -29.804    -20.119   -252.720    -66.811   -162.538
      6.561     -0.411    -29.870    -20.281   -252.658    -65.724   -161.733
      6.562     -0.664    -29.935    -20.443   -252.586    -64.645   -160.929
      6.563     -0.916    -30.000    -20.603   -252.505    -63.572   -160.126
      6.564     -1.169    -30.063    -20.763   -252.415    -62.507   -159.324
      6.565     -1.421    -30.125    -20.922   -252.317    -61.448   -158.523
      6.566     -1.673    -30.186    -21.080   -252.210    -60.397   -157.724
      6.567     -1.925    -30.245    -21.237   -252.094    -59.352   -156.925
      6.568     -2.177    -30.304    -21.394   -251.970    -58.315   -156.128
      6.569     -2.429    -30.362    -21.550   -251.838    -57.284   -155.333
      6.570     -2.681    -30.419    -21.705   -251.699    -56.260   -154.539
      6.571     -2.933    -30.475    -21.859   -251.551    -55.243   -153.746
      6.572     -3.184    -30.529    -22.012   -251.395    -54.234   -152.955
      6.573     -3.435    -30.583    -22.165   -251.232    -53.231   -152.166
      6.574     -3.687    -30.636    -22.316   -251.062    -52.234   -151.378
      6.575     -3.938    -30.688    -22.467   -250.884    -51.245   -150.592
      6.576     -4.188    -30.738    -22.618   -250.699    -50.262   -149.807
      6.577     -4.439    -30.788    -22.767   -250.507    -49.287   -149.025
      6.578     -4.689    -30.837    -22.916   -250.308    -48.318   -148.244
      6.579     -4.940    -30.885    -23.063   -250.103    -47.355   -147.465
      6.580     -5.190    -30.932    -23.211   -249.891    -46.400   -146.688
      6.581     -5.439    -30.977    -23.357   -249.672    -45.451   -145.913
      6.582     -5.689    -31.022    -23.502   -249.447    -44.509   -145.140
      6.583     -5.938    -31.067    -23.647   -249.216    -43.573   -144.368
      6.584     -6.187    -31.110    -23.791   -248.979    -42.644   -143.599
      6.585     -6.436    -31.152    -23.934   -248.736    -41.722   -142.832
      6.586     -6.685    -31.193    -24.077   -248.487    -40.806   -142.067
      6.587     -6.933    -31.233    -24.218   -248.232    -39.896   -141.304
      6.588     -7.181    -31.273    -24.359   -247.972    -38.993   -140.544
      6.589     -7.429    -31.311    -24.500   -247.706    -38.097   -139.785
      6.590     -7.677    -31.349    -24.639   -247.434    -37.207   -139.028
      6.591     -7.924    -31.386    -24.778   -247.158    -36.323   -138.274
      6.592     -8.171    -31.422    -24.915   -246.876    -35.445   -137.522
      6.593     -8.418    -31.457    -25.053   -246.589    -34.574   -136.772
      6.594     -8.664    -31.491    -25.189   -246.297    -33.709   -136.025
      6.595     -8.910    -31.524    -25.325   -246.000    -32.850   -135.280
      6.596     -9.156    -31.557    -25.460   -245.698    -31.998   -134.537
      6.597     -9.402    -31.588    -25.594   -245.392    -31.151   -133.796
      6.598     -9.647    -31.619    -25.727   -245.081    -30.311   -133.058
      6.599     -9.892    -31.649    -25.860   -244.766    -29.477   -132.322
      6.600    -10.136    -31.678    -25.992   -244.446    -28.648   -131.588
      6.601    -10.381    -31.706    -26.123   -244.122    -27.826   -130.857
      6.602    -10.625    -31.733    -26.254   -243.793    -27.009   -130.128
      6.603    -10.868    -31.760    -26.383   -243.461    -26.199   -129.401
      6.604    -11.112    -31.786    -26.512   -243.124    -25.394   -128.677
      6.605    -11.355    -31.811    -26.641   -242.784    -24.595   -127.955
      6.606    -11.597    -31.835    -26.768   -242.439    -23.802   -127.236
      6.607    -11.839    -31.858    -26.895   -242.091    -23.015   -126.519
      6.608    -12.081    -31.881    -27.021   -241.739    -22.233   -125.804
      6.609    -12.323    -31.903    -27.147   -241.384    -21.457   -125.092
      6.610    -12.564    -31.924    -27.271   -241.025    -20.687   -124.383
      6.611    -12.805    -31.944    -27.395   -240.662    -19.922   -123.675
      6.612    -13.045    -31.964    -27.519   -240.296    -19.162   -122.971
      6.613    -13.286    -31.983    -27.641   -239.927    -18.409   -122.268
      6.614    -13.525    -32.001    -27.763   -239.554    -17.660   -121.568
      6.615    -13.765    -32.018    -27.885   -239.178    -16.917   -120.871
      6.616    -14.004    -32.035    -28.005   -238.799    -16.179   -120.176
      6.617    -14.242    -32.050    -28.125   -238.417    -15.447   -119.483
      6.618    -14.480    -32.065    -28.244   -238.032    -14.720   -118.793
      6.619    -14.718    -32.080    -28.363   -237.644    -13.998   -118.105
      6.620    -14.956    -32.093    -28.480   -237.253    -13.282   -117.420
      6.621    -15.193    -32.106    -28.597   -236.860    -12.570   -116.737
      6.622    -15.429    -32.119    -28.714   -236.463    -11.864   -116.056
      6.623    -15.666    -32.130    -28.829   -236.064    -11.163   -115.378
      6.624    -15.902    -32.141    -28.945   -235.663    -10.467   -114.703
      6.625    -16.137    -32.151    -29.059   -235.259     -9.775   -114.029
      6.626    -16.372    -32.160    -29.173   -234.852     -9.089   -113.359
      6.627    -16.607    -32.169    -29.286   -234.443     -8.408   -112.690
      6.628    -16.841    -32.177    -29.398   -234.031     -7.732   -112.024
      6.629    -17.075    -32.185    -29.510   -233.617     -7.060   -111.361
      6.630    -17.308    -32.191    -29.621   -233.201     -6.393   -110.700
      6.631    -17.541    -32.197    -29.731   -232.782     -5.731   -110.041
      6.632    -17.774    -32.203    -29.841   -232.362     -5.074   -109.385
      6.633    -18.006    -32.208    -29.950   -231.939     -4.422   -108.731
      6.634    -18.238    -32.212    -30.058   -231.514     -3.774   -108.080
      6.635    -18.469    -32.215    -30.166   -231.087     -3.130   -107.431
      6.636    -18.700    -32.218    -30.273   -230.658     -2.492   -106.784
      6.637    -18.930    -32.220    -30.380   -230.227     -1.858   -106.140
      6.638    -19.160    -32.222    -30.485   -229.795     -1.228   -105.498
      6.639    -19.390    -32.223    -30.591   -229.360     -0.603   -104.858
      6.640    -19.619    -32.223    -30.695   -228.923      0.018   -104.221
      6.641    -19.848    -32.223    -30.799   -228.485      0.634   -103.586
      6.642    -20.076    -32.222    -30.902   -228.045      1.246   -102.953
      6.643    -20.304    -32.220    -31.005   -227.604      1.853   -102.323
      6.644    -20.531    -32.218    -31.107   -227.160      2.457   -101.695
      6.645    -20.758    -32.215    -31.208   -226.715      3.056   -101.070
      6.646    -20.985    -32.212    -31.309   -226.269      3.651   -100.446
      6.647    -21.211    -32.208    -31.409   -225.821      4.241    -99.825
      6.648    -21.436    -32.203    -31.509   -225.371      4.828    -99.207
      6.649    -21.661    -32.198    -31.608   -224.920      5.410    -98.590
      6.650    -21.886    -32.193    -31.706   -224.468      5.988    -97.976
      6.651    -22.110    -32.186    -31.804   -224.014      6.562    -97.364
      6.652    -22.334    -32.179    -31.901   -223.559      7.132    -96.755
      6.653    -22.557    -32.172    -31.997   -223.102      7.699    -96.147
      6.654    -22.780    -32.164    -32.093   -222.644      8.261    -95.542
      6.655    -23.003    -32.155    -32.188   -222.185      8.819    -94.939
      6.656    -23.225    -32.146    -32.283   -221.725      9.373    -94.338
      6.657    -23.446    -32.137    -32.377   -221.263      9.924    -93.740
      6.658    -23.667    -32.127    -32.470   -220.801     10.471    -93.144
      6.659    -23.888    -32.116    -32.563   -220.337     11.013    -92.550
      6.660    -24.108    -32.104    -32.655   -219.872     11.553    -91.958
      6.661    -24.328    -32.093    -32.747   -219.406     12.088    -91.368
      6.662    -24.547    -32.080    -32.838   -218.939     12.620    -90.781
      6.663    -24.765    -32.067    -32.929   -218.470     13.147    -90.195
      6.664    -24.984    -32.054    -33.018   -218.001     13.672    -89.612
      6.665    -25.201    -32.040    -33.108   -217.531     14.193    -89.031
      6.666    -25.419    -32.026    -33.197   -217.060     14.710    -88.452
      6.667    -25.636    -32.011    -33.285   -216.588     15.223    -87.875
      6.668    -25.852    -31.995    -33.372   -216.115     15.733    -87.300
      6.669    -26.068    -31.979    -33.459   -215.641     16.240    -86.728
      6.670    -26.283    -31.963    -33.546   -215.167     16.743    -86.157
      6.671    -26.498    -31.946    -33.632   -214.691     17.242    -85.589
      6.672    -26.713    -31.928    -33.717   -214.215     17.739    -85.022
      6.673    -26.927    -31.910    -33.802   -213.738     18.231    -84.458
      6.674    -27.140    -31.892    -33.886   -213.260     18.721    -83.896
      6.675    -27.353    -31.873    -33.969   -212.782     19.207    -83.335
      6.676    -27.566    -31.853    -34.053   -212.302     19.690    -82.777
      6.677    -27.778    -31.833    -34.135   -211.822     20.169    -82.221
      6.678    -27.989    -31.813    -34.217   -211.342     20.645    -81.667
      6.679    -28.200    -31.792    -34.298   -210.860     21.118    -81.114
      6.680    -28.411    -31.771    -34.379   -210.378     21.588    -80.564
      6.681    -28.621    -31.749    -34.459   -209.896     22.055    -80.016
      6.682    -28.831    -31.727    -34.539   -209.413     22.518    -79.470
      6.683    -29.040    -31.704    -34.618   -208.929     22.979    -78.925
      6.684    -29.249    -31.681    -34.697   -208.445     23.436    -78.383
      6.685    -29.457    -31.657    -34.775   -207.960     23.890    -77.843
      6.686    -29.665    -31.633    -34.853   -207.474     24.341    -77.304
      6.687    -29.872    -31.608    -34.930   -206.988     24.789    -76.768
      6.688    -30.079    -31.583    -35.006   -206.502     25.234    -76.233
      6.689    -30.285    -31.558    -35.082   -206.015     25.676    -75.700
      6.690    -30.491    -31.532    -35.158   -205.527     26.115    -75.169
      6.691    -30.696    -31.506    -35.233   -205.040     26.552    -74.640
      6.692    -30.901    -31.479    -35.307   -204.551     26.985    -74.113
      6.693    -31.105    -31.452    -35.381   -204.063     27.415    -73.588
      6.694    -31.309    -31.424    -35.454   -203.573     27.843    -73.065
      6.695    -31.512    -31.396    -35.527   -203.084     28.268    -72.543
      6.696    -31.715    -31.368    -35.599   -202.594     28.689    -72.023
      6.697    -31.917    -31.339    -35.671   -202.104     29.108    -71.505
      6.698    -32.119    -31.309    -35.742   -201.613     29.525    -70.989
      6.699    -32.321    -31.280    -35.813   -201.122     29.938    -70.475
      6.700    -32.521    -31.249    -35.883   -200.631     30.349    -69.963
      6.701    -32.722    -31.219    -35.953   -200.139     30.757    -69.452
      6.702    -32.922    -31.188    -36.022   -199.647     31.162    -68.943
      6.703    -33.121    -31.157    -36.091   -199.155     31.565    -68.436
      6.704    -33.320    -31.125    -36.159   -198.663     31.965    -67.930
      6.705    -33.518    -31.093    -36.227   -198.170     32.363    -67.427
      6.706    -33.716    -31.060    -36.294   -197.677     32.757    -66.925
      6.707    -33.914    -31.027    -36.361   -197.183     33.150    -66.425
      6.708    -34.111    -30.994    -36.427   -196.690     33.539    -65.926
      6.709    -34.307    -30.960    -36.492   -196.196     33.926    -65.429
      6.710    -34.503    -30.926    -36.558   -195.702     34.311    -64.934
      6.711    -34.699    -30.891    -36.622   -195.208     34.693    -64.441
      6.712    -34.893    -30.857    -36.686   -194.714     35.072    -63.949
      6.713    -35.088    -30.821    -36.750   -194.219     35.450    -63.459
      6.714    -35.282    -30.786    -36.813   -193.725     35.824    -62.971
      6.715    -35.475    -30.750    -36.876   -193.230     36.196    -62.484
      6.716    -35.668    -30.713    -36.938   -192.735     36.566    -61.999
      6.717    -35.861    -30.677    -37.000   -192.239     36.933    -61.516
      6.718    -36.053    -30.639    -37.061   -191.744     37.298    -61.034
      6.719    -36.244    -30.602    -37.122   -191.249     37.661    -60.554
      6.720    -36.435    -30.564    -37.182   -190.753     38.021    -60.075
      6.721    -36.626    -30.526    -37.242   -190.257     38.379    -59.598
      6.722    -36.816    -30.487    -37.302   -189.762     38.735    -59.123
      6.723    -37.005    -30.448    -37.361   -189.266     39.088    -58.649
      6.724    -37.194    -30.409    -37.419   -188.770     39.439    -58.177
      6.725    -37.383    -30.370    -37.477   -188.274     39.788    -57.706
      6.726    -37.571    -30.330    -37.534   -187.778     40.134    -57.237
      6.727    -37.758    -30.289    -37.591   -187.281     40.478    -56.769
      6.728    -37.946    -30.249    -37.648   -186.785     40.821    -56.303
      6.729    -38.132    -30.208    -37.704   -186.289     41.160    -55.839
      6.730    -38.318    -30.166    -37.760   -185.792     41.498    -55.376
      6.731    -38.504    -30.125    -37.815   -185.296     41.834    -54.915
      6.732    -38.689    -30.083    -37.869   -184.799     42.167    -54.455
      6.733    -38.873    -30.040    -37.924   -184.303     42.498    -53.996
      6.734    -39.057    -29.998    -37.977   -183.806     42.827    -53.539
      6.735    -39.241    -29.955    -38.031   -183.310     43.154    -53.084
      6.736    -39.424    -29.911    -38.084   -182.813     43.479    -52.630
      6.737    -39.606    -29.868    -38.136   -182.317     43.802    -52.177
      6.738    -39.789    -29.824    -38.188   -181.820     44.123    -51.726
      6.739    -39.970    -29.779    -38.239   -181.324     44.441    -51.277
      6.740    -40.151    -29.735    -38.290   -180.827     44.758    -50.829
      6.741    -40.332    -29.690    -38.341   -180.331     45.073    -50.382
      6.742    -40.512    -29.645    -38.391   -179.834     45.385    -49.937
      6.743    -40.691    -29.599    -38.441   -179.338     45.696    -49.493
      6.744    -40.871    -29.553    -38.490   -178.841     46.004    -49.050
      6.745    -41.049    -29.507    -38.539   -178.345     46.311    -48.609
      6.746    -41.227    -29.461    -38.587   -177.848     46.616    -48.170
      6.747    -41.405    -29.414    -38.635   -177.352     46.919    -47.732
      6.748    -41.582    -29.367    -38.683   -176.856     47.220    -47.295
      6.749    -41.759    -29.319    -38.730   -176.360     47.519    -46.859
      6.750    -41.935    -29.272    -38.777   -175.864     47.816    -46.425
      6.751    -42.110    -29.224    -38.823   -175.367     48.111    -45.992
      6.752    -42.285    -29.176    -38.869   -174.871     48.404    -45.561
      6.753    -42.460    -29.127    -38.914   -174.375     48.696    -45.131
      6.754    -42.634    -29.078    -38.959   -173.880     48.985    -44.702
      6.755    -42.808    -29.029    -39.003   -173.384     49.273    -44.275
      6.756    -42.981    -28.980    -39.047   -172.888     49.559    -43.849
      6.757    -43.154    -28.930    -39.091   -172.392     49.843    -43.424
      6.758    -43.326    -28.880    -39.134   -171.897     50.126    -43.001
      6.759    -43.497    -28.830    -39.177   -171.401     50.406    -42.578
      6.760    -43.668    -28.779    -39.219   -170.906     50.685    -42.158
      6.761    -43.839    -28.728    -39.261   -170.411     50.962    -41.738
      6.762    -44.009    -28.677    -39.303   -169.916     51.238    -41.320
      6.763    -44.179    -28.626    -39.344   -169.420     51.511    -40.903
      6.764    -44.348    -28.574    -39.385   -168.926     51.783    -40.487
      6.765    -44.517    -28.522    -39.425   -168.431     52.053    -40.073
      6.766    -44.685    -28.470    -39.465   -167.936     52.321    -39.659
      6.767    -44.853    -28.418    -39.504   -167.441     52.588    -39.247
      6.768    -45.020    -28.365    -39.543   -166.947     52.853    -38.837
      6.769    -45.187    -28.312    -39.582   -166.452     53.117    -38.427
      6.770    -45.353    -28.259    -39.620   -165.958     53.378    -38.019
      6.771    -45.519    -28.205    -39.658   -165.464     53.638    -37.612
      6.772    -45.684    -28.151    -39.695   -164.970     53.897    -37.206
      6.773    -45.848    -28.097    -39.732   -164.476     54.154    -36.802
      6.774    -46.013    -28.043    -39.769   -163.983     54.409    -36.398
      6.775    -46.176    -27.989    -39.805   -163.489     54.662    -35.996
      6.776    -46.340    -27.934    -39.841   -162.995     54.914    -35.595
      6.777    -46.502    -27.879    -39.876   -162.502     55.165    -35.195
      6.778    -46.665    -27.823    -39.911   -162.009     55.414    -34.797
      6.779    -46.826    -27.768    -39.946   -161.516     55.661    -34.399
      6.780    -46.988    -27.712    -39.980   -161.023     55.907    -34.003
      6.781    -47.148    -27.656    -40.014   -160.530     56.151    -33.608
      6.782    -47.309    -27.600    -40.047   -160.038     56.393    -33.214
      6.783    -47.469    -27.543    -40.080   -159.545     56.634    -32.821
      6.784    -47.628    -27.487    -40.113   -159.053     56.874    -32.429
      6.785    -47.787    -27.430    -40.145   -158.561     57.112    -32.038
      6.786    -47.945    -27.372    -40.177   -158.069     57.349    -31.649
      6.787    -48.103    -27.315    -40.209   -157.577     57.584    -31.261
      6.788    -48.260    -27.257    -40.240   -157.085     57.817    -30.874
      6.789    -48.417    -27.199    -40.270   -156.594     58.049    -30.487
      6.790    -48.573    -27.141    -40.301   -156.103     58.280    -30.102
      6.791    -48.729    -27.083    -40.331   -155.611     58.509    -29.719
      6.792    -48.885    -27.024    -40.360   -155.120     58.737    -29.336
      6.793    -49.039    -26.965    -40.389   -154.629     58.963    -28.954
      6.794    -49.194    -26.906    -40.418   -154.139     59.188    -28.574
      6.795    -49.348    -26.847    -40.446   -153.648     59.411    -28.194
      6.796    -49.501    -26.787    -40.474   -153.158     59.633    -27.816
      6.797    -49.654    -26.728    -40.502   -152.668     59.854    -27.438
      6.798    -49.806    -26.668    -40.529   -152.178     60.073    -27.062
      6.799    -49.958    -26.607    -40.556   -151.688     60.291    -26.687
      6.800    -50.110    -26.547    -40.583   -151.198     60.507    -26.312
      6.801    -50.261    -26.486    -40.609   -150.709     60.723    -25.939
      6.802    -50.411    -26.426    -40.635   -150.219     60.936    -25.567
      6.803    -50.561    -26.365    -40.660   -149.730     61.149    -25.196
      6.804    -50.711    -26.303    -40.685   -149.241     61.360    -24.826
      6.805    -50.860    -26.242    -40.710   -148.753     61.569    -24.457
      6.806    -51.008    -26.180    -40.734   -148.264     61.778    -24.089
      6.807    -51.156    -26.118    -40.758   -147.776     61.985    -23.722
      6.808    -51.304    -26.056    -40.781   -147.287     62.190    -23.356
      6.809    -51.451    -25.994    -40.804   -146.799     62.395    -22.991
      6.810    -51.597    -25.931    -40.827   -146.311     62.598    -22.627
      6.811    -51.743    -25.869    -40.850   -145.824     62.800    -22.264
      6.812    -51.889    -25.806    -40.872   -145.336     63.000    -21.902
      6.813    -52.034    -25.743    -40.894   -144.849     63.199    -21.541
      6.814    -52.179    -25.679    -40.915   -144.362     63.397    -21.181
      6.815    -52.323    -25.616    -40.936   -143.875     63.594    -20.822
      6.816    -52.466    -25.552    -40.957   -143.388     63.789    -20.464
      6.817    -52.610    -25.488    -40.977   -142.901     63.984    -20.107
      6.818    -52.752    -25.424    -40.997   -142.415     64.177    -19.751
      6.819    -52.894    -25.360    -41.016   -141.929     64.368    -19.395
      6.820    -53.036    -25.296    -41.036   -141.443     64.559    -19.041
      6.821    -53.177    -25.231    -41.054   -140.957     64.748    -18.688
      6.822    -53.318    -25.166    -41.073   -140.471     64.936    -18.336
      6.823    -53.458    -25.101    -41.091   -139.986     65.123    -17.984
      6.824    -53.598    -25.036    -41.109   -139.500     65.308    -17.634
      6.825    -53.737    -24.970    -41.126   -139.015     65.493    -17.284
      6.826    -53.876    -24.905    -41.143   -138.530     65.676    -16.935
      6.827    -54.014    -24.839    -41.160   -138.046     65.858    -16.588
      6.828    -54.152    -24.773    -41.177   -137.561     66.039    -16.241
      6.829    -54.289    -24.707    -41.193   -137.077     66.218    -15.895
      6.830    -54.426    -24.641    -41.208   -136.592     66.397    -15.550
      6.831    -54.563    -24.574    -41.224   -136.108     66.574    -15.206
      6.832    -54.698    -24.507    -41.239   -135.625     66.750    -14.863
      6.833    -54.834    -24.441    -41.254   -135.141     66.925    -14.521
      6.834    -54.969    -24.374    -41.268   -134.658     67.099    -14.179
      6.835    -55.103    -24.306    -41.282   -134.174     67.272    -13.839
      6.836    -55.237    -24.239    -41.296   -133.691     67.443    -13.499
      6.837    -55.371    -24.172    -41.309   -133.208     67.614    -13.160
      6.838    -55.504    -24.104    -41.322   -132.726     67.783    -12.823
      6.839    -55.636    -24.036    -41.335   -132.243     67.952    -12.486
      6.840    -55.768    -23.968    -41.347   -131.761     68.119    -12.149
      6.841    -55.900    -23.900    -41.359   -131.279     68.285    -11.814
      6.842    -56.031    -23.831    -41.370   -130.797     68.450    -11.480
      6.843    -56.161    -23.763    -41.382   -130.315     68.613    -11.146
      6.844    -56.291    -23.694    -41.393   -129.833     68.776    -10.814
      6.845    -56.421    -23.625    -41.403   -129.352     68.938    -10.482
      6.846    -56.550    -23.556    -41.414   -128.871     69.098    -10.151
      6.847    -56.679    -23.487    -41.424   -128.390     69.258     -9.821
      6.848    -56.807    -23.418    -41.433   -127.909     69.416     -9.491
      6.849    -56.934    -23.348    -41.443   -127.428     69.574     -9.163
      6.850    -57.062    -23.279    -41.452   -126.948     69.730     -8.835
      6.851    -57.188    -23.209    -41.460   -126.468     69.885     -8.508
      6.852    -57.314    -23.139    -41.469   -125.988     70.040     -8.182
      6.853    -57.440    -23.069    -41.477   -125.508     70.193     -7.857
      6.854    -57.565    -22.998    -41.484   -125.028     70.345     -7.533
      6.855    -57.690    -22.928    -41.492   -124.548     70.496     -7.209
      6.856    -57.815    -22.857    -41.499   -124.069     70.646     -6.886
      6.857    -57.938    -22.787    -41.506   -123.590     70.795     -6.564
      6.858    -58.062    -22.716    -41.512   -123.111     70.943     -6.243
      6.859    -58.185    -22.645    -41.518   -122.632     71.090     -5.923
      6.860    -58.307    -22.574    -41.524   -122.153     71.236     -5.603
      6.861    -58.429    -22.502    -41.529   -121.675     71.381     -5.284
      6.862    -58.550    -22.431    -41.534   -121.197     71.525     -4.966
      6.863    -58.671    -22.359    -41.539   -120.718     71.668     -4.649
      6.864    -58.792    -22.288    -41.544   -120.241     71.811     -4.332
      6.865    -58.912    -22.216    -41.548   -119.763     71.952     -4.017
      6.866    -59.031    -22.144    -41.552   -119.285     72.092     -3.702
      6.867    -59.150    -22.072    -41.555   -118.808     72.231     -3.387
      6.868    -59.269    -21.999    -41.558   -118.331     72.369     -3.074
      6.869    -59.387    -21.927    -41.561   -117.854     72.506     -2.761
      6.870    -59.505    -21.854    -41.564   -117.377     72.642     -2.449
      6.871    -59.622    -21.782    -41.566   -116.900     72.778     -2.138
      6.872    -59.738    -21.709    -41.568   -116.423     72.912     -1.828
      6.873    -59.855    -21.636    -41.570   -115.947     73.045     -1.518
      6.874    -59.970    -21.563    -41.571   -115.471     73.178     -1.209
      6.875    -60.086    -21.489    -41.572   -114.995     73.309     -0.901
      6.876    -60.200    -21.416    -41.573   -114.519     73.440     -0.594
      6.877    -60.315    -21.342    -41.574   -114.044     73.569     -0.287
      6.878    -60.428    -21.269    -41.574   -113.568     73.698      0.019
      6.879    -60.542    -21.195    -41.574   -113.093     73.826      0.324
      6.880    -60.655    -21.121    -41.573   -112.618     73.953      0.629
      6.881    -60.767    -21.047    -41.572   -112.143     74.079      0.933
      6.882    -60.879    -20.973    -41.571   -111.668     74.204      1.236
      6.883    -60.990    -20.899    -41.570   -111.193     74.328      1.538
      6.884    -61.101    -20.824    -41.568   -110.719     74.451      1.840
      6.885    -61.212    -20.750    -41.566   -110.244     74.573      2.141
      6.886    -61.322    -20.675    -41.564   -109.770     74.695      2.441
      6.887    -61.431    -20.600    -41.561   -109.296     74.815      2.740
      6.888    -61.540    -20.526    -41.558   -108.823     74.935      3.039
      6.889    -61.649    -20.451    -41.555   -108.349     75.053      3.337
      6.890    -61.757    -20.375    -41.552   -107.875     75.171      3.635
      6.891    -61.865    -20.300    -41.548   -107.402     75.288      3.932
      6.892    -61.972    -20.225    -41.544   -106.929     75.404      4.228
      6.893    -62.079    -20.149    -41.539   -106.456     75.520      4.523
      6.894    -62.185    -20.074    -41.535   -105.983     75.634      4.818
      6.895    -62.291    -19.998    -41.530   -105.511     75.747      5.112
      6.896    -62.396    -19.922    -41.525   -105.038     75.860      5.405
      6.897    -62.501    -19.846    -41.519   -104.566     75.972      5.698
      6.898    -62.605    -19.770    -41.513   -104.093     76.083      5.990
      6.899    -62.709    -19.694    -41.507   -103.621     76.193      6.281
      6.900    -62.812    -19.618    -41.501   -103.150     76.302      6.572
      6.901    -62.915    -19.542    -41.494   -102.678     76.410      6.862
      6.902    -63.018    -19.465    -41.487   -102.206     76.518      7.151
      6.903    -63.119    -19.389    -41.480   -101.735     76.625      7.440
      6.904    -63.221    -19.312    -41.472   -101.264     76.730      7.728
      6.905    -63.322    -19.235    -41.464   -100.793     76.835      8.015
      6.906    -63.423    -19.158    -41.456   -100.322     76.940      8.302
      6.907    -63.523    -19.081    -41.448    -99.851     77.043      8.588
      6.908    -63.622    -19.004    -41.439    -99.380     77.146      8.873
      6.909    -63.721    -18.927    -41.430    -98.910     77.247      9.158
      6.910    -63.820    -18.850    -41.420    -98.439     77.348      9.442
      6.911    -63.918    -18.772    -41.411    -97.969     77.448      9.726
      6.912    -64.016    -18.695    -41.401    -97.499     77.548     10.009
      6.913    -64.113    -18.617    -41.391    -97.029     77.646     10.291
      6.914    -64.210    -18.540    -41.380    -96.559     77.744     10.572
      6.915    -64.306    -18.462    -41.370    -96.090     77.841     10.853
      6.916    -64.402    -18.384    -41.359    -95.620     77.937     11.134
      6.917    -64.498    -18.306    -41.347    -95.151     78.032     11.413
      6.918    -64.593    -18.228    -41.336    -94.682     78.127     11.693
      6.919    -64.687    -18.150    -41.324    -94.213     78.220     11.971
      6.920    -64.781    -18.071    -41.312    -93.744     78.313     12.249
      6.921    -64.875    -17.993    -41.300    -93.275     78.405     12.526
      6.922    -64.968    -17.915    -41.287    -92.806     78.497     12.803
      6.923    -65.060    -17.836    -41.274    -92.338     78.587     13.079
      6.924    -65.152    -17.757    -41.261    -91.870     78.677     13.354
      6.925    -65.244    -17.679    -41.247    -91.401     78.766     13.629
      6.926    -65.335    -17.600    -41.233    -90.933     78.855     13.903
      6.927    -65.426    -17.521    -41.219    -90.465     78.942     14.177
      6.928    -65.516    -17.442    -41.205    -89.998     79.029     14.450
      6.929    -65.606    -17.363    -41.191    -89.530     79.115     14.723
      6.930    -65.695    -17.284    -41.176    -89.062     79.200     14.994
      6.931    -65.784    -17.204    -41.161    -88.595     79.285     15.266
      6.932    -65.872    -17.125    -41.145    -88.128     79.368     15.536
      6.933    -65.960    -17.046    -41.129    -87.661     79.451     15.806
      6.934    -66.048    -16.966    -41.114    -87.194     79.534     16.076
      6.935    -66.134    -16.887    -41.097    -86.727     79.615     16.345
      6.936    -66.221    -16.807    -41.081    -86.260     79.696     16.613
      6.937    -66.307    -16.727    -41.064    -85.793     79.776     16.881
      6.938    -66.393    -16.647    -41.047    -85.327     79.855     17.148
      6.939    -66.478    -16.568    -41.030    -84.860     79.934     17.415
      6.940    -66.562    -16.488    -41.012    -84.394     80.011     17.681
      6.941    -66.646    -16.408    -40.994    -83.928     80.088     17.946
      6.942    -66.730    -16.327    -40.976    -83.462     80.165     18.211
      6.943    -66.813    -16.247    -40.958    -82.996     80.240     18.476
      6.944    -66.896    -16.167    -40.939    -82.530     80.315     18.739
      6.945    -66.978    -16.087    -40.921    -82.065     80.390     19.003
      6.946    -67.060    -16.006    -40.901    -81.599     80.463     19.265
      6.947    -67.142    -15.926    -40.882    -81.134     80.536     19.527
      6.948    -67.223    -15.845    -40.862    -80.668     80.608     19.789
      6.949    -67.303    -15.764    -40.842    -80.203     80.679     20.050
      6.950    -67.383    -15.684    -40.822    -79.738     80.750     20.310
      6.951    -67.462    -15.603    -40.802    -79.273     80.820     20.570
      6.952    -67.541    -15.522    -40.781    -78.808     80.889     20.830
      6.953    -67.620    -15.441    -40.760    -78.344     80.957     21.089
      6.954    -67.698    -15.360    -40.739    -77.879     81.025     21.347
      6.955    -67.776    -15.279    -40.717    -77.415     81.092     21.605
      6.956    -67.853    -15.198    -40.696    -76.950     81.159     21.862
      6.957    -67.930    -15.117    -40.674    -76.486     81.224     22.119
      6.958    -68.006    -15.036    -40.652    -76.022     81.289     22.375
      6.959    -68.082    -14.954    -40.629    -75.558     81.354     22.630
      6.960    -68.157    -14.873    -40.606    -75.094     81.417     22.885
      6.961    -68.232    -14.791    -40.583    -74.630     81.480     23.140
      6.962    -68.306    -14.710    -40.560    -74.166     81.543     23.394
      6.963    -68.380    -14.628    -40.536    -73.703     81.604     23.647
      6.964    -68.454    -14.547    -40.513    -73.239     81.665     23.900
      6.965    -68.527    -14.465    -40.489    -72.776     81.725     24.153
      6.966    -68.599    -14.383    -40.464    -72.312     81.785     24.405
      6.967    -68.671    -14.301    -40.440    -71.849     81.844     24.656
      6.968    -68.743    -14.220    -40.415    -71.386     81.902     24.907
      6.969    -68.814    -14.138    -40.390    -70.923     81.960     25.158
      6.970    -68.885    -14.056    -40.365    -70.460     82.017     25.408
      6.971    -68.955    -13.974    -40.339    -69.997     82.073     25.657
      6.972    -69.025    -13.891    -40.313    -69.535     82.129     25.906
      6.973    -69.094    -13.809    -40.287    -69.072     82.183     26.154
      6.974    -69.163    -13.727    -40.261    -68.609     82.238     26.402
      6.975    -69.231    -13.645    -40.235    -68.147     82.291     26.649
      6.976    -69.299    -13.563    -40.208    -67.685     82.344     26.896
      6.977    -69.367    -13.480    -40.181    -67.222     82.397     27.143
      6.978    -69.434    -13.398    -40.154    -66.760     82.448     27.389
      6.979    -69.500    -13.315    -40.126    -66.298     82.499     27.634
      6.980    -69.566    -13.233    -40.098    -65.836     82.550     27.879
      6.981    -69.632    -13.150    -40.070    -65.374     82.599     28.123
      6.982    -69.697    -13.068    -40.042    -64.912     82.648     28.367
      6.983    -69.762    -12.985    -40.014    -64.450     82.697     28.611
      6.984    -69.826    -12.902    -39.985    -63.989     82.745     28.853
      6.985    -69.890    -12.819    -39.956    -63.527     82.792     29.096
      6.986    -69.953    -12.737    -39.927    -63.066     82.838     29.338
      6.987    -70.016    -12.654    -39.897    -62.604     82.884     29.579
      6.988    -70.078    -12.571    -39.867    -62.143     82.930     29.820
      6.989    -70.140    -12.488    -39.838    -61.682     82.974     30.061
      6.990    -70.202    -12.405    -39.807    -61.221     83.018     30.301
      6.991    -70.263    -12.322    -39.777    -60.759     83.062     30.541
      6.992    -70.323    -12.239    -39.746    -60.298     83.104     30.780
      6.993    -70.383    -12.156    -39.715    -59.838     83.147     31.018
      6.994    -70.443    -12.072    -39.684    -59.377     83.188     31.257
      6.995    -70.502    -11.989    -39.653    -58.916     83.229     31.494
      6.996    -70.561    -11.906    -39.621    -58.455     83.269     31.731
      6.997    -70.619    -11.823    -39.589    -57.994     83.309     31.968
      6.998    -70.677    -11.739    -39.557    -57.534     83.348     32.205
      6.999    -70.734    -11.656    -39.525    -57.073     83.386     32.440
      7.000    -70.791    -11.573    -39.492    -56.613     83.424     32.676
      7.001    -70.847    -11.489    -39.460    -56.153     83.461     32.911
      7.002    -70.903    -11.406    -39.427    -55.692     83.498     33.145
      7.003    -70.959    -11.322    -39.393    -55.232     83.534     33.379
      7.004    -71.014    -11.239    -39.360    -54.772     83.570     33.613
      7.005    -71.068    -11.155    -39.326    -54.312     83.604     33.846
      7.006    -71.122    -11.071    -39.292    -53.852     83.639     34.079
      7.007    -71.176    -10.988    -39.258    -53.392     83.672     34.311
      7.008    -71.229    -10.904    -39.224    -52.932     83.705     34.543
      7.009    -71.282    -10.820    -39.189    -52.472     83.738     34.774
      7.010    -71.334    -10.737    -39.154    -52.012     83.769     35.005
      7.011    -71.386    -10.653    -39.119    -51.552     83.801     35.235
      7.012    -71.437    -10.569    -39.083    -51.093     83.831     35.466
      7.013    -71.488    -10.485    -39.048    -50.633     83.861     35.695
      7.014    -71.538    -10.401    -39.012    -50.173     83.891     35.924
      7.015    -71.588    -10.317    -38.976    -49.714     83.920     36.153
      7.016    -71.638    -10.233    -38.940    -49.254     83.948     36.381
      7.017    -71.687    -10.149    -38.903    -48.795     83.976     36.609
      7.018    -71.735    -10.065    -38.867    -48.335     84.003     36.837
      7.019    -71.783     -9.981    -38.830    -47.876     84.029     37.064
      7.020    -71.831     -9.897    -38.792    -47.417     84.055     37.290
      7.021    -71.878     -9.813    -38.755    -46.957     84.081     37.516
      7.022    -71.925     -9.729    -38.717    -46.498     84.105     37.742
      7.023    -71.971     -9.645    -38.680    -46.039     84.130     37.967
      7.024    -72.017     -9.561    -38.641    -45.580     84.153     38.192
      7.025    -72.062     -9.477    -38.603    -45.121     84.176     38.417
      7.026    -72.107     -9.393    -38.565    -44.662     84.199     38.641
      7.027    -72.152     -9.308    -38.526    -44.203     84.221     38.864
      7.028    -72.196     -9.224    -38.487    -43.744     84.242     39.088
      7.029    -72.239     -9.140    -38.448    -43.285     84.263     39.311
      7.030    -72.282     -9.056    -38.408    -42.826     84.283     39.533
      7.031    -72.325     -8.971    -38.369    -42.367     84.303     39.755
      7.032    -72.367     -8.887    -38.329    -41.908     84.322     39.977
      7.033    -72.409     -8.803    -38.289    -41.449     84.341     40.198
      7.034    -72.450     -8.718    -38.248    -40.990     84.359     40.419
      7.035    -72.491     -8.634    -38.208    -40.531     84.376     40.639
      7.036    -72.531     -8.550    -38.167    -40.073     84.393     40.859
      7.037    -72.571     -8.465    -38.126    -39.614     84.410     41.078
      7.038    -72.610     -8.381    -38.085    -39.155     84.425     41.298
      7.039    -72.649     -8.296    -38.044    -38.697     84.441     41.516
      7.040    -72.688     -8.212    -38.002    -38.238     84.455     41.735
      7.041    -72.726     -8.127    -37.960    -37.779     84.469     41.953
      7.042    -72.763     -8.043    -37.918    -37.321     84.483     42.170
      7.043    -72.800     -7.958    -37.876    -36.862     84.496     42.388
      7.044    -72.837     -7.874    -37.833    -36.403     84.508     42.604
      7.045    -72.873     -7.789    -37.791    -35.945     84.520     42.821
      7.046    -72.909     -7.705    -37.748    -35.486     84.532     43.037
      7.047    -72.944     -7.620    -37.704    -35.028     84.543     43.253
      7.048    -72.979     -7.536    -37.661    -34.569     84.553     43.468
      7.049    -73.013     -7.451    -37.618    -34.111     84.563     43.683
      7.050    -73.047     -7.367    -37.574    -33.652     84.572     43.897
      7.051    -73.080     -7.282    -37.530    -33.193     84.581     44.112
      7.052    -73.113     -7.198    -37.486    -32.735     84.589     44.325
      7.053    -73.146     -7.113    -37.441    -32.276     84.596     44.539
      7.054    -73.178     -7.028    -37.396    -31.818     84.604     44.752
      7.055    -73.210     -6.944    -37.352    -31.359     84.610     44.964
      7.056    -73.241     -6.859    -37.307    -30.901     84.616     45.177
      7.057    -73.271     -6.775    -37.261    -30.442     84.622     45.389
      7.058    -73.302     -6.690    -37.216    -29.984     84.627     45.600
      7.059    -73.331     -6.605    -37.170    -29.525     84.631     45.811
      7.060    -73.361     -6.521    -37.124    -29.066     84.635     46.022
      7.061    -73.389     -6.436    -37.078    -28.608     84.638     46.233
      7.062    -73.418     -6.351    -37.032    -28.149     84.641     46.443
      7.063    -73.446     -6.267    -36.985    -27.691     84.644     46.652
      7.064    -73.473     -6.182    -36.938    -27.232     84.645     46.862
      7.065    -73.500     -6.097    -36.891    -26.773     84.647     47.071
      7.066    -73.527     -6.013    -36.844    -26.315     84.647     47.280
      7.067    -73.553     -5.928    -36.797    -25.856     84.648     47.488
      7.068    -73.578     -5.844    -36.749    -25.397     84.647     47.696
      7.069    -73.604     -5.759    -36.701    -24.939     84.647     47.903
      7.070    -73.628     -5.674    -36.653    -24.480     84.645     48.111
      7.071    -73.653     -5.590    -36.605    -24.021     84.643     48.318
      7.072    -73.676     -5.505    -36.557    -23.562     84.641     48.524
      7.073    -73.700     -5.420    -36.508    -23.103     84.638     48.730
      7.074    -73.723     -5.336    -36.459    -22.644     84.635     48.936
      7.075    -73.745     -5.251    -36.410    -22.186     84.631     49.142
      7.076    -73.767     -5.166    -36.361    -21.727     84.626     49.347
      7.077    -73.788     -5.082    -36.312    -21.268     84.622     49.552
      7.078    -73.809     -4.997    -36.262    -20.809     84.616     49.756
      7.079    -73.830     -4.913    -36.212    -20.349     84.610     49.960
      7.080    -73.850     -4.828    -36.162    -19.890     84.604     50.164
      7.081    -73.870     -4.743    -36.112    -19.431     84.597     50.368
      7.082    -73.889     -4.659    -36.061    -18.972     84.589     50.571
      7.083    -73.908     -4.574    -36.011    -18.513     84.581     50.774
      7.084    -73.926     -4.490    -35.960    -18.053     84.573     50.976
      7.085    -73.944     -4.405    -35.909    -17.594     84.564     51.178
      7.086    -73.961     -4.320    -35.857    -17.135     84.554     51.380
      7.087    -73.978     -4.236    -35.806    -16.675     84.544     51.582
      7.088    -73.995     -4.151    -35.754    -16.216     84.534     51.783
      7.089    -74.011     -4.067    -35.702    -15.756     84.523     51.984
      7.090    -74.026     -3.982    -35.650    -15.296     84.511     52.184
      7.091    -74.041     -3.898    -35.598    -14.837     84.499     52.385
      7.092    -74.056     -3.813    -35.545    -14.377     84.487     52.585
      7.093    -74.070     -3.729    -35.493    -13.917     84.474     52.784
      7.094    -74.084     -3.644    -35.440    -13.457     84.460     52.983
      7.095    -74.097     -3.560    -35.387    -12.997     84.446     53.182
      7.096    -74.110     -3.475    -35.334    -12.537     84.432     53.381
      7.097    -74.122     -3.391    -35.280    -12.077     84.417     53.579
      7.098    -74.134     -3.307    -35.226    -11.616     84.401     53.777
      7.099    -74.145     -3.222    -35.173    -11.156     84.385     53.975
      7.100    -74.156     -3.138    -35.118    -10.696     84.369     54.173
      7.101    -74.167     -3.054    -35.064    -10.235     84.352     54.370
      7.102    -74.177     -2.969    -35.010     -9.774     84.334     54.566
      7.103    -74.186     -2.885    -34.955     -9.314     84.316     54.763
      7.104    -74.195     -2.801    -34.900     -8.853     84.298     54.959
      7.105    -74.204     -2.716    -34.845     -8.392     84.279     55.155
      7.106    -74.212     -2.632    -34.790     -7.931     84.260     55.351
      7.107    -74.220     -2.548    -34.734     -7.470     84.240     55.546
      7.108    -74.227     -2.463    -34.679     -7.009     84.219     55.741
      7.109    -74.234     -2.379    -34.623     -6.548     84.198     55.936
      7.110    -74.240     -2.295    -34.567     -6.086     84.177     56.130
      7.111    -74.246     -2.211    -34.511     -5.625     84.155     56.324
      7.112    -74.251     -2.127    -34.454     -5.163     84.132     56.518
      7.113    -74.256     -2.043    -34.398     -4.701     84.110     56.712
      7.114    -74.261     -1.959    -34.341     -4.240     84.086     56.905
      7.115    -74.265     -1.875    -34.284     -3.778     84.062     57.098
      7.116    -74.268     -1.790    -34.227     -3.316     84.038     57.290
      7.117    -74.271     -1.706    -34.169     -2.853     84.013     57.483
      7.118    -74.274     -1.622    -34.112     -2.391     83.988     57.675
      7.119    -74.276     -1.538    -34.054     -1.929     83.962     57.867
      7.120    -74.278     -1.455    -33.996     -1.466     83.936     58.058
      7.121    -74.279     -1.371    -33.938     -1.003     83.909     58.249
      7.122    -74.280     -1.287    -33.879     -0.541     83.881     58.440
      7.123    -74.280     -1.203    -33.821     -0.078     83.854     58.631
      7.124    -74.280     -1.119    -33.762      0.386     83.825     58.822
      7.125    -74.279     -1.035    -33.703      0.849     83.797     59.012
      7.126    -74.278     -0.951    -33.644      1.312     83.767     59.202
      7.127    -74.277     -0.868    -33.585      1.776     83.738     59.391
      7.128    -74.275     -0.784    -33.525      2.239     83.707     59.580
      7.129    -74.272     -0.700    -33.466      2.703     83.677     59.770
      7.130    -74.269     -0.617    -33.406      3.167     83.645     59.958
      7.131    -74.266     -0.533    -33.346      3.632     83.614     60.147
      7.132    -74.262     -0.449    -33.286      4.096     83.582     60.335
      7.133    -74.258     -0.366    -33.225      4.560     83.549     60.523
      7.134    -74.253     -0.282    -33.164      5.025     83.516     60.711
      7.135    -74.248     -0.199    -33.104      5.490     83.482     60.898
      7.136    -74.242     -0.115    -33.043      5.955     83.448     61.085
      7.137    -74.236     -0.032    -32.982      6.420     83.413     61.272
      7.138    -74.229      0.052    -32.920      6.885     83.378     61.459
      7.139    -74.222      0.135    -32.859      7.351     83.343     61.645
      7.140    -74.214      0.218    -32.797      7.817     83.307     61.832
      7.141    -74.206      0.302    -32.735      8.282     83.270     62.017
      7.142    -74.198      0.385    -32.673      8.748     83.233     62.203
      7.143    -74.189      0.468    -32.611      9.215     83.195     62.388
      7.144    -74.179      0.551    -32.548      9.681     83.157     62.574
      7.145    -74.169      0.634    -32.485     10.148     83.119     62.758
      7.146    -74.159      0.717    -32.423     10.615     83.080     62.943
      7.147    -74.148      0.800    -32.359     11.082     83.040     63.127
      7.148    -74.137      0.883    -32.296     11.549     83.000     63.312
      7.149    -74.125      0.966    -32.233     12.016     82.960     63.495
      7.150    -74.113      1.049    -32.169     12.484     82.919     63.679
      7.151    -74.100      1.132    -32.106     12.952     82.877     63.862
      7.152    -74.087      1.215    -32.042     13.420     82.835     64.046
      7.153    -74.073      1.298    -31.977     13.888     82.793     64.228
      7.154    -74.059      1.381    -31.913     14.357     82.750     64.411
      7.155    -74.045      1.463    -31.849     14.826     82.706     64.593
      7.156    -74.030      1.546    -31.784     15.295     82.662     64.776
      7.157    -74.014      1.629    -31.719     15.764     82.618     64.958
      7.158    -73.998      1.711    -31.654     16.233     82.573     65.139
      7.159    -73.982      1.794    -31.589     16.703     82.528     65.321
      7.160    -73.965      1.876    -31.523     17.173     82.482     65.502
      7.161    -73.947      1.959    -31.458     17.643     82.435     65.683
      7.162    -73.929      2.041    -31.392     18.114     82.388     65.864
      7.163    -73.911      2.124    -31.326     18.584     82.341     66.044
      7.164    -73.892      2.206    -31.260     19.055     82.293     66.224
      7.165    -73.873      2.288    -31.194     19.526     82.244     66.404
      7.166    -73.853      2.370    -31.127     19.998     82.196     66.584
      7.167    -73.833      2.453    -31.060     20.469     82.146     66.764
      7.168    -73.812      2.535    -30.994     20.941     82.096     66.943
      7.169    -73.791      2.617    -30.927     21.413     82.046     67.122
      7.170    -73.769      2.699    -30.859     21.886     81.995     67.301
      7.171    -73.747      2.781    -30.792     22.359     81.943     67.480
      7.172    -73.725      2.863    -30.724     22.832     81.891     67.658
      7.173    -73.702      2.945    -30.657     23.305     81.839     67.836
      7.174    -73.678      3.026    -30.589     23.779     81.786     68.014
      7.175    -73.654      3.108    -30.521     24.252     81.733     68.192
      7.176    -73.630      3.190    -30.452     24.727     81.679     68.370
      7.177    -73.605      3.272    -30.384     25.201     81.624     68.547
      7.178    -73.579      3.353    -30.315     25.676     81.569     68.724
      7.179    -73.553      3.435    -30.246     26.151     81.514     68.901
      7.180    -73.527      3.516    -30.177     26.626     81.457     69.078
      7.181    -73.500      3.598    -30.108     27.102     81.401     69.254
      7.182    -73.473      3.679    -30.039     27.578     81.344     69.430
      7.183    -73.445      3.760    -29.969     28.054     81.286     69.606
      7.184    -73.416      3.842    -29.900     28.531     81.228     69.782
      7.185    -73.388      3.923    -29.830     29.008     81.170     69.958
      7.186    -73.358      4.004    -29.760     29.485     81.110     70.133
      7.187    -73.329      4.085    -29.690     29.962     81.051     70.308
      7.188    -73.299      4.166    -29.619     30.440     80.991     70.483
      7.189    -73.268      4.247    -29.549     30.918     80.930     70.658
      7.190    -73.237      4.328    -29.478     31.397     80.869     70.832
      7.191    -73.205      4.409    -29.407     31.876     80.807     71.007
      7.192    -73.173      4.489    -29.336     32.355     80.745     71.181
      7.193    -73.140      4.570    -29.265     32.835     80.682     71.355
      7.194    -73.107      4.651    -29.193     33.315     80.619     71.528
      7.195    -73.074      4.731    -29.121     33.795     80.555     71.702
      7.196    -73.040      4.812    -29.050     34.275     80.490     71.875
      7.197    -73.005      4.892    -28.978     34.756     80.425     72.048
      7.198    -72.970      4.973    -28.906     35.238     80.360     72.221
      7.199    -72.935      5.053    -28.833     35.719     80.294     72.393
      7.200    -72.899      5.133    -28.761     36.202     80.227     72.566
      7.201    -72.862      5.214    -28.688     36.684     80.160     72.738
      7.202    -72.825      5.294    -28.615     37.167     80.093     72.910
      7.203    -72.788      5.374    -28.542     37.650     80.024     73.082
      7.204    -72.750      5.454    -28.469     38.134     79.956     73.253
      7.205    -72.712      5.534    -28.396     38.618     79.886     73.425
      7.206    -72.673      5.614    -28.322     39.102     79.817     73.596
      7.207    -72.634      5.693    -28.249     39.587     79.746     73.767
      7.208    -72.594      5.773    -28.175     40.072     79.675     73.938
      7.209    -72.553      5.853    -28.101     40.557     79.604     74.108
      7.210    -72.513      5.932    -28.027     41.043     79.532     74.279
      7.211    -72.471      6.012    -27.952     41.530     79.459     74.449
      7.212    -72.430      6.091    -27.878     42.017     79.386     74.619
      7.213    -72.387      6.170    -27.803     42.504     79.312     74.789
      7.214    -72.344      6.250    -27.728     42.992     79.238     74.958
      7.215    -72.301      6.329    -27.653     43.480     79.163     75.127
      7.216    -72.258      6.408    -27.578     43.968     79.088     75.297
      7.217    -72.213      6.487    -27.502     44.457     79.012     75.466
      7.218    -72.169      6.566    -27.427     44.946     78.935     75.634
      7.219    -72.123      6.645    -27.351     45.436     78.858     75.803
      7.220    -72.078      6.724    -27.275     45.926     78.781     75.971
      7.221    -72.032      6.803    -27.199     46.417     78.702     76.140
      7.222    -71.985      6.881    -27.123     46.908     78.624     76.308
      7.223    -71.938      6.960    -27.047     47.400     78.544     76.475
      7.224    -71.890      7.038    -26.970     47.892     78.464     76.643
      7.225    -71.842      7.117    -26.893     48.385     78.384     76.810
      7.226    -71.793      7.195    -26.816     48.878     78.302     76.978
      7.227    -71.744      7.273    -26.739     49.371     78.221     77.145
      7.228    -71.695      7.352    -26.662     49.865     78.138     77.312
      7.229    -71.644      7.430    -26.585     50.359     78.055     77.478
      7.230    -71.594      7.508    -26.507     50.854     77.972     77.645
      7.231    -71.543      7.586    -26.430     51.350     77.888     77.811
      7.232    -71.491      7.663    -26.352     51.846     77.803     77.977
      7.233    -71.439      7.741    -26.274     52.342     77.717     78.143
      7.234    -71.387      7.819    -26.195     52.839     77.631     78.308
      7.235    -71.333      7.896    -26.117     53.336     77.545     78.474
      7.236    -71.280      7.974    -26.038     53.834     77.458     78.639
      7.237    -71.226      8.051    -25.960     54.333     77.370     78.804
      7.238    -71.171      8.129    -25.881     54.832     77.282     78.969
      7.239    -71.116      8.206    -25.802     55.331     77.192     79.134
      7.240    -71.061      8.283    -25.722     55.831     77.103     79.298
      7.241    -71.004      8.360    -25.643     56.332     77.013     79.463
      7.242    -70.948      8.437    -25.564     56.833     76.922     79.627
      7.243    -70.891      8.514    -25.484     57.334     76.830     79.791
      7.244    -70.833      8.591    -25.404     57.836     76.738     79.955
      7.245    -70.775      8.667    -25.324     58.339     76.645     80.118
      7.246    -70.716      8.744    -25.244     58.842     76.552     80.282
      7.247    -70.657      8.821    -25.163     59.346     76.458     80.445
      7.248    -70.598      8.897    -25.083     59.850     76.363     80.608
      7.249    -70.538      8.973    -25.002     60.355     76.267     80.770
      7.250    -70.477      9.049    -24.921     60.861     76.171     80.933
      7.251    -70.416      9.126    -24.840     61.367     76.075     81.095
      7.252    -70.354      9.202    -24.759     61.873     75.977     81.258
      7.253    -70.292      9.278    -24.678     62.381     75.879     81.420
      7.254    -70.230      9.353    -24.596     62.888     75.781     81.582
      7.255    -70.166      9.429    -24.515     63.397     75.681     81.743
      7.256    -70.103      9.505    -24.433     63.906     75.581     81.905
      7.257    -70.039      9.580    -24.351     64.415     75.481     82.066
      7.258    -69.974      9.656    -24.269     64.926     75.379     82.227
      7.259    -69.909      9.731    -24.186     65.436     75.277     82.388
      7.260    -69.843      9.806    -24.104     65.948     75.175     82.549
      7.261    -69.777      9.881    -24.021     66.460     75.071     82.709
      7.262    -69.710      9.956    -23.938     66.972     74.967     82.869
      7.263    -69.643     10.031    -23.856     67.486     74.863     83.029
      7.264    -69.575     10.106    -23.772     68.000     74.757     83.189
      7.265    -69.507     10.181    -23.689     68.514     74.651     83.349
      7.266    -69.438     10.255    -23.606     69.029     74.544     83.509
      7.267    -69.369     10.330    -23.522     69.545     74.436     83.668
      7.268    -69.299     10.404    -23.438     70.062     74.328     83.827
      7.269    -69.229     10.479    -23.354     70.579     74.219     83.986
      7.270    -69.158     10.553    -23.270     71.097     74.109     84.145
      7.271    -69.087     10.627    -23.186     71.615     73.999     84.303
      7.272    -69.015     10.701    -23.102     72.134     73.888     84.462
      7.273    -68.942     10.775    -23.017     72.654     73.776     84.620
      7.274    -68.869     10.848    -22.933     73.175     73.663     84.778
      7.275    -68.796     10.922    -22.848     73.696     73.550     84.935
      7.276    -68.722     10.995    -22.763     74.218     73.436     85.093
      7.277    -68.648     11.069    -22.678     74.740     73.321     85.250
      7.278    -68.573     11.142    -22.592     75.264     73.206     85.408
      7.279    -68.497     11.215    -22.507     75.788     73.089     85.564
      7.280    -68.421     11.288    -22.421     76.312     72.972     85.721
      7.281    -68.344     11.361    -22.335     76.838     72.854     85.878
      7.282    -68.267     11.434    -22.249     77.364     72.736     86.034
      7.283    -68.190     11.507    -22.163     77.891     72.616     86.190
      7.284    -68.111     11.579    -22.077     78.418     72.496     86.346
      7.285    -68.033     11.652    -21.991     78.947     72.375     86.502
      7.286    -67.954     11.724    -21.904     79.476     72.253     86.658
      7.287    -67.874     11.796    -21.817     80.005     72.131     86.813
      7.288    -67.794     11.868    -21.730     80.536     72.008     86.968
      7.289    -67.713     11.940    -21.643     81.067     71.883     87.123
      7.290    -67.631     12.012    -21.556     81.599     71.759     87.278
      7.291    -67.550     12.084    -21.469     82.132     71.633     87.432
      7.292    -67.467     12.155    -21.381     82.666     71.506     87.587
      7.293    -67.384     12.227    -21.294     83.200     71.379     87.741
      7.294    -67.301     12.298    -21.206     83.736     71.251     87.895
      7.295    -67.217     12.369    -21.118     84.272     71.122     88.048
      7.296    -67.132     12.440    -21.030     84.808     70.992     88.202
      7.297    -67.047     12.511    -20.941     85.346     70.861     88.355
      7.298    -66.962     12.582    -20.853     85.884     70.730     88.508
      7.299    -66.875     12.653    -20.764     86.424     70.598     88.661
      7.300    -66.789     12.723    -20.676     86.964     70.464     88.814
      7.301    -66.701     12.794    -20.587     87.504     70.330     88.966
      7.302    -66.614     12.864    -20.498     88.046     70.195     89.118
      7.303    -66.525     12.934    -20.408     88.589     70.060     89.270
      7.304    -66.437     13.004    -20.319     89.132     69.923     89.422
      7.305    -66.347     13.074    -20.230     89.676     69.786     89.574
      7.306    -66.257     13.143    -20.140     90.221     69.647     89.725
      7.307    -66.167     13.213    -20.050     90.767     69.508     89.876
      7.308    -66.076     13.282    -19.960     91.314     69.368     90.027
      7.309    -65.984     13.352    -19.870     91.862     69.227     90.178
      7.310    -65.892     13.421    -19.780     92.410     69.085     90.328
      7.311    -65.799     13.490    -19.689     92.960     68.942     90.478
      7.312    -65.706     13.559    -19.599     93.510     68.798     90.628
      7.313    -65.612     13.628    -19.508     94.061     68.653     90.778
      7.314    -65.518     13.696    -19.417     94.613     68.508     90.927
      7.315    -65.423     13.765    -19.326     95.166     68.361     91.077
      7.316    -65.328     13.833    -19.235     95.720     68.214     91.226
      7.317    -65.232     13.901    -19.144     96.275     68.065     91.375
      7.318    -65.135     13.969    -19.052     96.831     67.916     91.523
      7.319    -65.038     14.037    -18.961     97.387     67.765     91.672
      7.320    -64.940     14.105    -18.869     97.945     67.614     91.820
      7.321    -64.842     14.172    -18.777     98.504     67.462     91.968
      7.322    -64.743     14.239    -18.685     99.063     67.308     92.115
      7.323    -64.644     14.307    -18.593     99.624     67.154     92.263
      7.324    -64.544     14.374    -18.501    100.185     66.999     92.410
      7.325    -64.443     14.441    -18.408    100.747     66.843     92.557
      7.326    -64.342     14.507    -18.316    101.311     66.685     92.703
      7.327    -64.241     14.574    -18.223    101.875     66.527     92.850
      7.328    -64.139     14.640    -18.130    102.441     66.368     92.996
      7.329    -64.036     14.707    -18.037    103.007     66.207     93.142
      7.330    -63.933     14.773    -17.944    103.574     66.046     93.288
      7.331    -63.829     14.839    -17.850    104.143     65.884     93.433
      7.332    -63.724     14.905    -17.757    104.712     65.720     93.578
      7.333    -63.619     14.970    -17.663    105.283     65.556     93.723
      7.334    -63.514     15.036    -17.569    105.854     65.390     93.868
      7.335    -63.408     15.101    -17.475    106.427     65.224     94.012
      7.336    -63.301     15.166    -17.381    107.000     65.056     94.156
      7.337    -63.194     15.231    -17.287    107.575     64.887     94.300
      7.338    -63.086     15.296    -17.193    108.150     64.717     94.444
      7.339    -62.977     15.361    -17.098    108.727     64.546     94.587
      7.340    -62.868     15.425    -17.003    109.305     64.374     94.730
      7.341    -62.759     15.489    -16.909    109.884     64.201     94.873
      7.342    -62.649     15.553    -16.814    110.464     64.027     95.015
      7.343    -62.538     15.617    -16.719    111.045     63.851     95.157
      7.344    -62.427     15.681    -16.623    111.627     63.675     95.299
      7.345    -62.315     15.745    -16.528    112.210     63.497     95.441
      7.346    -62.202     15.808    -16.432    112.795     63.318     95.582
      7.347    -62.089     15.871    -16.337    113.380     63.138     95.723
      7.348    -61.975     15.934    -16.241    113.967     62.957     95.864
      7.349    -61.861     15.997    -16.145    114.555     62.774     96.004
      7.350    -61.746     16.060    -16.049    115.144     62.591     96.145
      7.351    -61.631     16.123    -15.953    115.734     62.406     96.284
      7.352    -61.515     16.185    -15.856    116.325     62.220     96.424
      7.353    -61.398     16.247    -15.760    116.917     62.033     96.563
      7.354    -61.281     16.309    -15.663    117.511     61.844     96.702
      7.355    -61.163     16.371    -15.567    118.106     61.655     96.841
      7.356    -61.045     16.432    -15.470    118.702     61.464     96.979
      7.357    -60.926     16.494    -15.373    119.299     61.272     97.117
      7.358    -60.806     16.555    -15.275    119.897     61.078     97.255
      7.359    -60.686     16.616    -15.178    120.497     60.883     97.392
      7.360    -60.565     16.677    -15.081    121.098     60.687     97.529
      7.361    -60.444     16.737    -14.983    121.700     60.490     97.666
      7.362    -60.322     16.797    -14.885    122.303     60.291     97.802
      7.363    -60.199     16.858    -14.787    122.908     60.091     97.939
      7.364    -60.076     16.918    -14.689    123.513     59.890     98.074
      7.365    -59.952     16.977    -14.591    124.121     59.688     98.210
      7.366    -59.828     17.037    -14.493    124.729     59.484     98.345
      7.367    -59.703     17.096    -14.395    125.339     59.278     98.479
      7.368    -59.577     17.156    -14.296    125.950     59.072     98.614
      7.369    -59.451     17.215    -14.197    126.562     58.864     98.748
      7.370    -59.324     17.273    -14.099    127.175     58.654     98.881
      7.371    -59.196     17.332    -14.000    127.790     58.443     99.015
      7.372    -59.068     17.390    -13.901    128.406     58.231     99.148
      7.373    -58.940     17.448    -13.801    129.024     58.017     99.280
      7.374    -58.810     17.506    -13.702    129.643     57.802     99.412
      7.375    -58.680     17.564    -13.602    130.263     57.586     99.544
      7.376    -58.550     17.621    -13.503    130.885     57.368     99.676
      7.377    -58.418     17.679    -13.403    131.508     57.148     99.807
      7.378    -58.287     17.736    -13.303    132.132     56.927     99.937
      7.379    -58.154     17.793    -13.203    132.758     56.705    100.068
      7.380    -58.021     17.849    -13.103    133.385     56.481    100.197
      7.381    -57.887     17.905    -13.003    134.014     56.255    100.327
      7.382    -57.753     17.962    -12.902    134.644     56.028    100.456
      7.383    -57.618     18.018    -12.802    135.275     55.800    100.585
      7.384    -57.483     18.073    -12.701    135.908     55.569    100.713
      7.385    -57.346     18.129    -12.601    136.542     55.338    100.841
      7.386    -57.209     18.184    -12.500    137.178     55.104    100.968
      7.387    -57.072     18.239    -12.399    137.815     54.869    101.095
      7.388    -56.934     18.294    -12.297    138.454     54.633    101.222
      7.389    -56.795     18.348    -12.196    139.094     54.395    101.348
      7.390    -56.656     18.402    -12.095    139.736     54.155    101.473
      7.391    -56.516     18.456    -11.993    140.379     53.913    101.599
      7.392    -56.375     18.510    -11.892    141.024     53.670    101.723
      7.393    -56.234     18.564    -11.790    141.670     53.425    101.848
      7.394    -56.092     18.617    -11.688    142.318     53.179    101.972
      7.395    -55.949     18.670    -11.586    142.967     52.931    102.095
      7.396    -55.806     18.723    -11.484    143.618     52.681    102.218
      7.397    -55.662     18.776    -11.381    144.271     52.429    102.340
      7.398    -55.517     18.828    -11.279    144.925     52.175    102.462
      7.399    -55.372     18.880    -11.176    145.580     51.920    102.584
      7.400    -55.226     18.932    -11.074    146.238     51.663    102.705
      7.401    -55.079     18.983    -10.971    146.897     51.404    102.825
      7.402    -54.932     19.034    -10.868    147.557     51.143    102.945
      7.403    -54.784     19.085    -10.765    148.219     50.881    103.064
      7.404    -54.636     19.136    -10.662    148.883     50.616    103.183
      7.405    -54.486     19.187    -10.559    149.548     50.350    103.302
      7.406    -54.337     19.237    -10.455    150.216     50.082    103.420
      7.407    -54.186     19.287    -10.352    150.884     49.812    103.537
      7.408    -54.035     19.337    -10.248    151.555     49.540    103.654
      7.409    -53.883     19.386    -10.145    152.227     49.266    103.770
      7.410    -53.730     19.435    -10.041    152.901     48.990    103.886
      7.411    -53.577     19.484     -9.937    153.577     48.712    104.001
      7.412    -53.423     19.532     -9.833    154.254     48.432    104.115
      7.413    -53.269     19.581     -9.729    154.933     48.150    104.229
      7.414    -53.113     19.629     -9.624    155.614     47.866    104.342
      7.415    -52.957     19.677     -9.520    156.297     47.580    104.455
      7.416    -52.801     19.724     -9.415    156.981     47.292    104.567
      7.417    -52.643     19.771     -9.311    157.667     47.001    104.679
      7.418    -52.485     19.818     -9.206    158.355     46.709    104.790
      7.419    -52.327     19.865     -9.101    159.045     46.414    104.900
      7.420    -52.167     19.911     -8.996    159.737     46.118    105.009
      7.421    -52.007     19.957     -8.891    160.431     45.819    105.118
      7.422    -51.846     20.002     -8.786    161.126     45.518    105.227
      7.423    -51.685     20.048     -8.681    161.823     45.214    105.334
      7.424    -51.523     20.093     -8.575    162.522     44.909    105.441
      7.425    -51.360     20.138     -8.470    163.224     44.601    105.548
      7.426    -51.196     20.182     -8.364    163.927     44.291    105.653
      7.427    -51.032     20.226     -8.259    164.631     43.978    105.758
      7.428    -50.867     20.270     -8.153    165.338     43.663    105.862
      7.429    -50.701     20.314     -8.047    166.047     43.346    105.966
      7.430    -50.535     20.357     -7.941    166.758     43.026    106.069
      7.431    -50.368     20.400     -7.835    167.471     42.704    106.171
      7.432    -50.200     20.442     -7.729    168.185     42.380    106.272
      7.433    -50.032     20.484     -7.622    168.902     42.053    106.372
      7.434    -49.862     20.526     -7.516    169.621     41.723    106.472
      7.435    -49.692     20.568     -7.409    170.342     41.391    106.571
      7.436    -49.522     20.609     -7.303    171.065     41.057    106.669
      7.437    -49.350     20.650     -7.196    171.790     40.720    106.766
      7.438    -49.178     20.690     -7.089    172.517     40.380    106.863
      7.439    -49.005     20.731     -6.982    173.246     40.038    106.959
      7.440    -48.832     20.771     -6.875    173.977     39.693    107.053
      7.441    -48.657     20.810     -6.768    174.710     39.345    107.147
      7.442    -48.482     20.849     -6.661    175.446     38.995    107.241
      7.443    -48.306     20.888     -6.554    176.183     38.642    107.333
      7.444    -48.130     20.926     -6.446    176.923     38.286    107.424
      7.445    -47.952     20.965     -6.339    177.665     37.927    107.515
      7.446    -47.774     21.002     -6.231    178.409     37.566    107.604
      7.447    -47.596     21.040     -6.124    179.155     37.201    107.693
      7.448    -47.416     21.077     -6.016    179.904     36.834    107.780
      7.449    -47.236     21.113     -5.908    180.655     36.464    107.867
      7.450    -47.055     21.150     -5.800    181.408     36.091    107.953
      7.451    -46.873     21.186     -5.692    182.163     35.715    108.037
      7.452    -46.690     21.221     -5.584    182.921     35.336    108.121
      7.453    -46.507     21.256     -5.476    183.681     34.953    108.203
      7.454    -46.323     21.291     -5.368    184.443     34.568    108.285
      7.455    -46.138     21.325     -5.259    185.208     34.180    108.366
      7.456    -45.953     21.359     -5.151    185.975     33.788    108.445
      7.457    -45.766     21.393     -5.042    186.744     33.393    108.523
      7.458    -45.579     21.426     -4.934    187.515     32.995    108.601
      7.459    -45.391     21.459     -4.825    188.290     32.594    108.677
      7.460    -45.203     21.491     -4.716    189.066     32.189    108.752
      7.461    -45.013     21.523     -4.608    189.845     31.781    108.826
      7.462    -44.823     21.555     -4.499    190.626     31.370    108.898
      7.463    -44.632     21.586     -4.390    191.410     30.955    108.970
      7.464    -44.440     21.617     -4.281    192.196     30.537    109.040
      7.465    -44.247     21.647     -4.172    192.985     30.115    109.109
      7.466    -44.054     21.677     -4.063    193.777     29.690    109.176
      7.467    -43.860     21.706     -3.953    194.570     29.261    109.243
      7.468    -43.665     21.736     -3.844    195.367     28.828    109.308
      7.469    -43.469     21.764     -3.735    196.166     28.392    109.372
      7.470    -43.273     21.792     -3.625    196.967     27.952    109.434
      7.471    -43.075     21.820     -3.516    197.771     27.508    109.495
      7.472    -42.877     21.847     -3.406    198.578     27.061    109.554
      7.473    -42.678     21.874     -3.297    199.388     26.609    109.612
      7.474    -42.478     21.901     -3.187    200.200     26.154    109.669
      7.475    -42.278     21.926     -3.078    201.014     25.695    109.724
      7.476    -42.076     21.952     -2.968    201.832     25.232    109.778
      7.477    -41.874     21.977     -2.858    202.652     24.764    109.830
      7.478    -41.671     22.001     -2.748    203.475     24.293    109.880
      7.479    -41.467     22.026     -2.638    204.300     23.817    109.929
      7.480    -41.262     22.049     -2.528    205.128     23.337    109.976
      7.481    -41.057     22.072     -2.418    205.960     22.853    110.021
      7.482    -40.850     22.095     -2.308    206.793     22.365    110.064
      7.483    -40.643     22.117     -2.198    207.630     21.872    110.106
      7.484    -40.435     22.139     -2.088    208.470     21.375    110.146
      7.485    -40.226     22.160     -1.978    209.312     20.873    110.183
      7.486    -40.017     22.180     -1.868    210.157     20.367    110.219
      7.487    -39.806     22.200     -1.757    211.005     19.856    110.253
      7.488    -39.595     22.220     -1.647    211.856     19.341    110.284
      7.489    -39.382     22.239     -1.537    212.710     18.820    110.313
      7.490    -39.169     22.258     -1.427    213.567     18.295    110.340
      7.491    -38.955     22.276     -1.316    214.427     17.766    110.364
      7.492    -38.740     22.293     -1.206    215.289     17.231    110.386
      7.493    -38.525     22.310     -1.095    216.155     16.691    110.404
      7.494    -38.308     22.327     -0.985    217.024     16.146    110.420
      7.495    -38.091     22.342     -0.875    217.895     15.597    110.432
      7.496    -37.872     22.358     -0.764    218.770     15.042    110.441
      7.497    -37.653     22.372     -0.654    219.647     14.481    110.445
      7.498    -37.433     22.387     -0.543    220.528     13.916    110.446
      7.499    -37.212     22.400     -0.433    221.412     13.345    110.441
      7.500    -36.990     22.413     -0.322    222.298     12.769    110.432
      7.501    -36.767     22.426     -0.212    223.188     12.187    110.416
      7.502    -36.544     22.438     -0.102    224.080     11.600    110.395
      7.503    -36.319     22.449      0.009    224.976     11.007    110.367
      7.504    -36.094     22.460      0.119    225.874     10.408    110.333
      7.505    -35.867     22.470      0.230    226.776      9.804    110.293
      7.506    -35.640     22.479      0.340    227.680      9.194    110.245
      7.507    -35.412     22.488      0.450    228.587      8.578    110.192
      7.508    -35.183     22.497      0.560    229.498      7.957    110.132
      7.509    -34.953     22.504      0.670    230.411      7.329    110.066
      7.510    -34.722     22.511      0.780    231.327      6.695    109.995
      7.511    -34.490     22.518      0.890    232.246      6.055    109.918
      7.512    -34.258     22.523      1.000    233.167      5.409    109.836
      7.513    -34.024     22.528      1.110    234.092      4.757    109.749
      7.514    -33.790     22.533      1.220    235.020      4.098    109.656
      7.515    -33.554     22.537      1.329    235.950      3.433    109.559
      7.516    -33.318     22.540      1.439    236.883      2.761    109.457
      7.517    -33.080     22.542      1.548    237.819      2.083    109.350
      7.518    -32.842     22.544      1.657    238.758      1.398    109.239
      7.519    -32.603     22.545      1.767    239.699      0.707    109.123
      7.520    -32.363     22.545      1.876    240.644      0.008    109.002
      7.521    -32.121     22.545      1.985    241.591     -0.697    108.876
      7.522    -31.879     22.544      2.093    242.541     -1.410    108.745
      7.523    -31.636     22.542      2.202    243.493     -2.129    108.610
      7.524    -31.392     22.540      2.311    244.449     -2.856    108.469
      7.525    -31.147     22.536      2.419    245.407     -3.590    108.324
      7.526    -30.902     22.532      2.527    246.368     -4.332    108.174
      7.527    -30.655     22.528      2.635    247.332     -5.081    108.018
      7.528    -30.407     22.522      2.743    248.298     -5.837    107.858
      7.529    -30.158     22.516      2.851    249.267     -6.602    107.692
      7.530    -29.908     22.509      2.959    250.239     -7.374    107.521
      7.531    -29.658     22.501      3.066    251.213     -8.154    107.344
      7.532    -29.406     22.493      3.173    252.190     -8.942    107.162
      7.533    -29.153     22.483      3.280    253.170     -9.739    106.975
      7.534    -28.900     22.473      3.387    254.152    -10.543    106.781
      7.535    -28.645     22.462      3.494    255.136    -11.356    106.582
      7.536    -28.389     22.451      3.601    256.124    -12.178    106.377
      7.537    -28.133     22.438      3.707    257.113    -13.008    106.166
      7.538    -27.875     22.424      3.813    258.105    -13.847    105.949
      7.539    -27.617     22.410      3.919    259.100    -14.694    105.726
      7.540    -27.357     22.395      4.024    260.097    -15.551    105.497
      7.541    -27.096     22.379      4.130    261.096    -16.417    105.261
      7.542    -26.835     22.362      4.235    262.098    -17.292    105.018
      7.543    -26.572     22.345      4.340    263.101    -18.176    104.769
      7.544    -26.309     22.326      4.444    264.107    -19.070    104.513
      7.545    -26.044     22.306      4.549    265.115    -19.973    104.250
      7.546    -25.778     22.286      4.653    266.125    -20.886    103.980
      7.547    -25.512     22.265      4.757    267.138    -21.809    103.703
      7.548    -25.244     22.242      4.860    268.152    -22.742    103.418
      7.549    -24.975     22.219      4.964    269.168    -23.685    103.126
      7.550    -24.706     22.195      5.066    270.186    -24.639    102.826
      7.551    -24.435     22.170      5.169    271.206    -25.603    102.519
      7.552    -24.163     22.144      5.272    272.227    -26.577    102.203
      7.553    -23.891     22.117      5.374    273.250    -27.562    101.880
      7.554    -23.617     22.089      5.475    274.274    -28.558    101.548
      7.555    -23.342     22.060      5.577    275.300    -29.565    101.208
      7.556    -23.066     22.029      5.678    276.328    -30.583    100.859
      7.557    -22.789     21.998      5.778    277.356    -31.613    100.502
      7.558    -22.511     21.966      5.879    278.386    -32.653    100.135
      7.559    -22.233     21.933      5.979    279.417    -33.706     99.760
      7.560    -21.953     21.899      6.078    280.448    -34.770     99.375
      7.561    -21.672     21.864      6.177    281.481    -35.846     98.980
      7.562    -21.390     21.827      6.276    282.514    -36.935     98.576
      7.563    -21.107     21.790      6.375    283.548    -38.035     98.163
      7.564    -20.823     21.751      6.472    284.582    -39.148     97.739
      7.565    -20.537     21.711      6.570    285.616    -40.273     97.305
      7.566    -20.251     21.670      6.667    286.651    -41.411     96.860
      7.567    -19.964     21.629      6.764    287.686    -42.562     96.405
      7.568    -19.676     21.585      6.860    288.720    -43.726     95.939
      7.569    -19.387     21.541      6.956    289.754    -44.903     95.462
      7.570    -19.096     21.496      7.051    290.787    -46.094     94.974
      7.571    -18.805     21.449      7.146    291.820    -47.298     94.474
      7.572    -18.513     21.401      7.240    292.852    -48.516     93.962
      7.573    -18.219     21.352      7.333    293.882    -49.747     93.438
      7.574    -17.925     21.301      7.427    294.912    -50.993     92.902
      7.575    -17.630     21.250      7.519    295.939    -52.252     92.354
      7.576    -17.333     21.197      7.611    296.965    -53.526     91.793
      7.577    -17.036     21.143      7.703    297.989    -54.815     91.219
      7.578    -16.737     21.087      7.794    299.011    -56.118     90.632
      7.579    -16.438     21.031      7.884    300.030    -57.436     90.032
      7.580    -16.137     20.972      7.974    301.046    -58.768     89.418
      7.581    -15.836     20.913      8.063    302.059    -60.116     88.790
      7.582    -15.533     20.852      8.151    303.069    -61.479     88.147
      7.583    -15.229     20.790      8.239    304.075    -62.857     87.490
      7.584    -14.925     20.726      8.326    305.077    -64.251     86.819
      7.585    -14.619     20.661      8.413    306.074    -65.660     86.132
      7.586    -14.313     20.595      8.499    307.067    -67.085     85.431
      7.587    -14.005     20.527      8.584    308.054    -68.526     84.713
      7.588    -13.697     20.458      8.668    309.037    -69.983     83.980
      7.589    -13.387     20.387      8.752    310.013    -71.456     83.231
      7.590    -13.077     20.315      8.834    310.983    -72.945     82.466
      7.591    -12.765     20.241      8.917    311.946    -74.451     81.684
      7.592    -12.453     20.166      8.998    312.902    -75.973     80.884
      7.593    -12.139     20.089      9.078    313.850    -77.511     80.068
      7.594    -11.825     20.011      9.158    314.791    -79.066     79.234
      7.595    -11.510     19.931      9.237    315.722    -80.637     78.383
      7.596    -11.194     19.850      9.315    316.645    -82.225     77.513
      7.597    -10.876     19.767      9.392    317.558    -83.829     76.626
      7.598    -10.558     19.682      9.468    318.461    -85.450     75.719
      7.599    -10.240     19.596      9.543    319.353    -87.088     74.794
      7.600     -9.920     19.508      9.618    320.234    -88.742     73.850
      7.601     -9.599     19.418      9.691    321.103    -90.413     72.886
      7.602     -9.278     19.327      9.763    321.959    -92.101     71.903
      7.603     -8.955     19.234      9.835    322.802    -93.805     70.900
      7.604     -8.632     19.140      9.905    323.632    -95.525     69.877
      7.605     -8.308     19.043      9.974    324.447    -97.262     68.834
      7.606     -7.983     18.945     10.043    325.246    -99.015     67.770
      7.607     -7.657     18.845     10.110    326.030   -100.784     66.685
      7.608     -7.331     18.744     10.176    326.797   -102.569     65.580
      7.609     -7.004     18.640     10.241    327.547   -104.369     64.453
      7.610     -6.676     18.535     10.305    328.279   -106.185     63.305
      7.611     -6.347     18.428     10.368    328.991   -108.016     62.136
      7.612     -6.018     18.319     10.429    329.684   -109.862     60.945
      7.613     -5.688     18.208     10.490    330.357   -111.722     59.732
      7.614     -5.357     18.095     10.549    331.008   -113.597     58.498
      7.615     -5.026     17.981     10.607    331.636   -115.486     57.242
      7.616     -4.694     17.864     10.663    332.242   -117.388     55.964
      7.617     -4.361     17.746     10.719    332.823   -119.303     54.663
      7.618     -4.028     17.626     10.773    333.380   -121.230     53.341
      7.619     -3.695     17.503     10.825    333.911   -123.170     51.997
      7.620     -3.361     17.379     10.877    334.415   -125.121     50.631
      7.621     -3.026     17.253     10.926    334.891   -127.083     49.243
      7.622     -2.691     17.125     10.975    335.339   -129.055     47.833
      7.623     -2.355     16.995     11.022    335.758   -131.037     46.402
      7.624     -2.019     16.863     11.068    336.146   -133.027     44.949
      7.625     -1.683     16.729     11.112    336.502   -135.026     43.475
      7.626     -1.346     16.593     11.155    336.827   -137.032     41.980
      7.627     -1.009     16.455     11.196    337.118   -139.044     40.464
      7.628     -0.672     16.315     11.236    337.375   -141.062     38.928
      7.629     -0.335     16.173     11.274    337.596   -143.084     37.372
      7.630      0.003     16.029     11.310    337.782   -145.110     35.796
      7.631      0.341     15.883     11.345    337.931   -147.139     34.200
      7.632      0.679     15.734     11.379    338.043   -149.169     32.586
      7.633      1.017     15.584     11.411    338.116   -151.199     30.954
      7.634      1.355     15.432     11.441    338.149   -153.229     29.304
      7.635      1.693     15.278     11.469    338.143   -155.258     27.637
      7.636      2.031     15.122     11.496    338.095   -157.283     25.953
      7.637      2.369     14.963     11.521    338.006   -159.304     24.254
      7.638      2.707     14.803     11.544    337.875   -161.319     22.540
      7.639      3.045     14.641     11.566    337.701   -163.328     20.811
      7.640      3.383     14.476     11.586    337.484   -165.329     19.069
      7.641      3.720     14.310     11.604    337.223   -167.320     17.314
      7.642      4.057     14.142     11.621    336.917   -169.301     15.548
      7.643      4.394     13.971     11.635    336.567   -171.269     13.771
      7.644      4.730     13.799     11.648    336.171   -173.224     11.985
      7.645      5.066     13.625     11.659    335.730   -175.164     10.189
      7.646      5.402     13.449     11.669    335.244   -177.089      8.386
      7.647      5.737     13.271     11.676    334.711   -178.995      6.576
      7.648      6.071     13.091     11.682    334.133   -180.883      4.761
      7.649      6.405     12.909     11.686    333.509   -182.750      2.941
      7.650      6.738     12.725     11.688    332.839   -184.596      1.117
      7.651      7.071     12.540     11.688    332.124   -186.420     -0.708
      7.652      7.402     12.353     11.686    331.363   -188.219     -2.535
      7.653      7.733     12.163     11.683    330.557   -189.993     -4.362
      7.654      8.063     11.973     11.677    329.706   -191.740     -6.187
      7.655      8.393     11.780     11.670    328.811   -193.460     -8.010
      7.656      8.721     11.586     11.661    327.873   -195.151     -9.829
      7.657      9.048     11.390     11.651    326.891   -196.813    -11.644
      7.658      9.375     11.192     11.638    325.866   -198.443    -13.453
      7.659      9.700     10.993     11.624    324.800   -200.042    -15.255
      7.660     10.024     10.792     11.608    323.693   -201.608    -17.048
      7.661     10.348     10.590     11.590    322.546   -203.141    -18.833
      7.662     10.669     10.386     11.570    321.359   -204.639    -20.607
      7.663     10.990     10.180     11.549    320.134   -206.103    -22.371
      7.664     11.310      9.974     11.525    318.872   -207.531    -24.122
      7.665     11.628      9.765     11.500    317.574   -208.922    -25.859
      7.666     11.945      9.556     11.474    316.240   -210.278    -27.583
      7.667     12.260      9.345     11.445    314.873   -211.596    -29.291
      7.668     12.575      9.133     11.415    313.473   -212.876    -30.984
      7.669     12.887      8.919     11.383    312.042   -214.119    -32.660
      7.670     13.199      8.704     11.350    310.580   -215.324    -34.318
      7.671     13.509      8.488     11.315    309.089   -216.491    -35.958
      7.672     13.817      8.271     11.278    307.570   -217.620    -37.580
      7.673     14.124      8.053     11.239    306.025   -218.710    -39.181
      7.674     14.429      7.834     11.199    304.455   -219.762    -40.763
      7.675     14.733      7.614     11.158    302.860   -220.776    -42.324
      7.676     15.035      7.392     11.115    301.243   -221.751    -43.864
      7.677     15.335      7.170     11.070    299.605   -222.689    -45.382
      7.678     15.634      6.947     11.024    297.947   -223.589    -46.879
      7.679     15.931      6.723     10.976    296.270   -224.452    -48.353
      7.680     16.226      6.498     10.927    294.576   -225.278    -49.804
      7.681     16.520      6.273     10.877    292.865   -226.067    -51.232
      7.682     16.812      6.046     10.825    291.139   -226.820    -52.637
      7.683     17.102      5.819     10.772    289.399   -227.536    -54.019
      7.684     17.391      5.591     10.717    287.647   -228.218    -55.377
      7.685     17.678      5.362     10.661    285.883   -228.864    -56.712
      7.686     17.963      5.133     10.603    284.109   -229.477    -58.022
      7.687     18.246      4.904     10.545    282.326   -230.055    -59.309
      7.688     18.527      4.673     10.485    280.534   -230.600    -60.572
      7.689     18.807      4.442     10.424    278.735   -231.113    -61.812
      7.690     19.085      4.211     10.361    276.930   -231.593    -63.027
      7.691     19.361      3.979     10.298    275.119   -232.042    -64.219
      7.692     19.635      3.747     10.233    273.304   -232.461    -65.388
      7.693     19.907      3.514     10.167    271.486   -232.849    -66.533
      7.694     20.178      3.281     10.100    269.665   -233.208    -67.654
      7.695     20.447      3.048     10.032    267.843   -233.538    -68.753
      7.696     20.714      2.814      9.962    266.019   -233.839    -69.828
      7.697     20.979      2.580      9.892    264.195   -234.114    -70.881
      7.698     21.242      2.346      9.820    262.372   -234.361    -71.911
      7.699     21.503      2.111      9.748    260.550   -234.582    -72.919
      7.700     21.763      1.877      9.675    258.729   -234.778    -73.905
      7.701     22.021      1.642      9.600    256.912   -234.949    -74.869
      7.702     22.277      1.407      9.525    255.097   -235.096    -75.812
      7.703     22.531      1.172      9.449    253.286   -235.219    -76.733
      7.704     22.783      0.936      9.371    251.479   -235.319    -77.633
      7.705     23.034      0.701      9.293    249.676   -235.397    -78.513
      7.706     23.283      0.466      9.214    247.879   -235.454    -79.372
      7.707     23.530      0.230      9.135    246.087   -235.489    -80.212
      7.708     23.775     -0.005      9.054    244.302   -235.504    -81.031
      7.709     24.018     -0.241      8.973    242.522   -235.499    -81.831
      7.710     24.260     -0.476      8.890    240.750   -235.475    -82.612
      7.711     24.500     -0.712      8.807    238.984   -235.432    -83.374
      7.712     24.738     -0.947      8.724    237.227   -235.371    -84.118
      7.713     24.974     -1.182      8.639    235.476   -235.293    -84.843
      7.714     25.209     -1.418      8.554    233.734   -235.197    -85.551
      7.715     25.442     -1.653      8.468    232.000   -235.085    -86.241
      7.716     25.673     -1.888      8.381    230.274   -234.957    -86.914
      7.717     25.902     -2.123      8.294    228.558   -234.814    -87.570
      7.718     26.130     -2.357      8.206    226.850   -234.656    -88.210
      7.719     26.356     -2.592      8.118    225.151   -234.483    -88.833
      7.720     26.580     -2.826      8.029    223.461   -234.296    -89.441
      7.721     26.803     -3.061      7.939    221.781   -234.095    -90.032
      7.722     27.024     -3.295      7.849    220.111   -233.882    -90.609
      7.723     27.243     -3.528      7.758    218.450   -233.655    -91.170
      7.724     27.461     -3.762      7.666    216.799   -233.417    -91.717
      7.725     27.677     -3.995      7.574    215.158   -233.166    -92.250
      7.726     27.891     -4.228      7.482    213.527   -232.904    -92.768
      7.727     28.104     -4.461      7.389    211.906   -232.631    -93.272
      7.728     28.315     -4.693      7.295    210.295   -232.347    -93.763
      7.729     28.525     -4.926      7.201    208.694   -232.053    -94.241
      7.730     28.732     -5.158      7.107    207.103   -231.749    -94.706
      7.731     28.939     -5.389      7.012    205.523   -231.435    -95.158
      7.732     29.143     -5.620      6.917    203.953   -231.112    -95.597
      7.733     29.347     -5.851      6.821    202.393   -230.780    -96.025
      7.734     29.548     -6.082      6.724    200.844   -230.439    -96.440
      7.735     29.748     -6.312      6.628    199.305   -230.090    -96.844
      7.736     29.947     -6.542      6.531    197.776   -229.733    -97.237
      7.737     30.144     -6.772      6.433    196.258   -229.368    -97.618
      7.738     30.339     -7.001      6.336    194.750   -228.996    -97.988
      7.739     30.533     -7.230      6.237    193.252   -228.616    -98.348
      7.740     30.726     -7.458      6.139    191.764   -228.229    -98.697
      7.741     30.917     -7.686      6.040    190.287   -227.836    -99.035
      7.742     31.106     -7.914      5.941    188.820   -227.436    -99.364
      7.743     31.295     -8.141      5.841    187.363   -227.030    -99.683
      7.744     31.481     -8.368      5.741    185.916   -226.618    -99.992
      7.745     31.666     -8.594      5.641    184.480   -226.200   -100.292
      7.746     31.850     -8.820      5.541    183.053   -225.776   -100.583
      7.747     32.033     -9.046      5.440    181.636   -225.348   -100.865
      7.748     32.213     -9.271      5.339    180.230   -224.913   -101.138
      7.749     32.393     -9.496      5.238    178.833   -224.474   -101.402
      7.750     32.571     -9.720      5.136    177.446   -224.031   -101.658
      7.751     32.748     -9.944      5.035    176.069   -223.582   -101.905
      7.752     32.923    -10.167      4.933    174.701   -223.129   -102.145
      7.753     33.097    -10.390      4.830    173.343   -222.672   -102.376
      7.754     33.270    -10.612      4.728    171.995   -222.211   -102.600
      7.755     33.441    -10.834      4.625    170.656   -221.746   -102.816
      7.756     33.611    -11.056      4.522    169.326   -221.277   -103.025
      7.757     33.780    -11.277      4.419    168.006   -220.804   -103.226
      7.758     33.947    -11.498      4.316    166.696   -220.328   -103.421
      7.759     34.113    -11.718      4.212    165.394   -219.849   -103.608
      7.760     34.278    -11.937      4.108    164.102   -219.366   -103.789
      7.761     34.442    -12.156      4.005    162.818   -218.881   -103.962
      7.762     34.604    -12.375      3.901    161.544   -218.392   -104.130
      7.763     34.765    -12.593      3.796    160.279   -217.901   -104.291
      7.764     34.924    -12.811      3.692    159.022   -217.406   -104.445
      7.765     35.083    -13.028      3.587    157.774   -216.910   -104.593
      7.766     35.240    -13.245      3.483    156.535   -216.410   -104.736
      7.767     35.396    -13.461      3.378    155.305   -215.909   -104.872
      7.768     35.550    -13.676      3.273    154.083   -215.405   -105.003
      7.769     35.704    -13.892      3.168    152.869   -214.899   -105.128
      7.770     35.856    -14.106      3.063    151.664   -214.391   -105.247
      7.771     36.007    -14.320      2.957    150.467   -213.881   -105.361
      7.772     36.157    -14.534      2.852    149.279   -213.369   -105.469
      7.773     36.306    -14.747      2.747    148.099   -212.855   -105.572
      7.774     36.453    -14.960      2.641    146.926   -212.340   -105.670
      7.775     36.600    -15.172      2.535    145.762   -211.823   -105.763
      7.776     36.745    -15.383      2.429    144.606   -211.304   -105.851
      7.777     36.889    -15.594      2.324    143.457   -210.784   -105.934
      7.778     37.032    -15.805      2.218    142.317   -210.262   -106.012
      7.779     37.174    -16.015      2.112    141.184   -209.739   -106.085
      7.780     37.314    -16.224      2.005    140.058   -209.215   -106.153
      7.781     37.454    -16.433      1.899    138.941   -208.690   -106.217
      7.782     37.592    -16.642      1.793    137.830   -208.164   -106.276
      7.783     37.729    -16.850      1.687    136.728   -207.636   -106.331
      7.784     37.866    -17.057      1.580    135.632   -207.108   -106.381
      7.785     38.001    -17.264      1.474    134.544   -206.578   -106.426
      7.786     38.135    -17.470      1.367    133.463   -206.048   -106.467
      7.787     38.268    -17.676      1.261    132.389   -205.517   -106.503
      7.788     38.399    -17.881      1.154    131.323   -204.985   -106.535
      7.789     38.530    -18.086      1.048    130.263   -204.452   -106.562
      7.790     38.660    -18.290      0.941    129.210   -203.919   -106.584
      7.791     38.789    -18.494      0.835    128.164   -203.385   -106.601
      7.792     38.916    -18.697      0.728    127.125   -202.851   -106.614
      7.793     39.043    -18.899      0.621    126.093   -202.316   -106.621
      7.794     39.168    -19.102      0.515    125.068   -201.780   -106.623
      7.795     39.293    -19.303      0.408    124.049   -201.245   -106.620
      7.796     39.417    -19.504      0.302    123.037   -200.708   -106.611
      7.797     39.539    -19.704      0.195    122.031   -200.172   -106.596
      7.798     39.661    -19.904      0.088    121.032   -199.635   -106.576
      7.799     39.781    -20.104     -0.018    120.039   -199.098   -106.549
      7.800     39.901    -20.303     -0.125    119.053   -198.561   -106.517
      7.801     40.019    -20.501     -0.231    118.073   -198.024   -106.479
      7.802     40.137    -20.699     -0.338    117.099   -197.486   -106.435
      7.803     40.253    -20.896     -0.444    116.132   -196.949   -106.387
      7.804     40.369    -21.092     -0.550    115.171   -196.411   -106.335
      7.805     40.484    -21.289     -0.657    114.216   -195.874   -106.278
      7.806     40.598    -21.484     -0.763    113.267   -195.336   -106.217
      7.807     40.710    -21.679     -0.869    112.324   -194.799   -106.152
      7.808     40.822    -21.874     -0.975    111.387   -194.261   -106.085
      7.809     40.933    -22.068     -1.081    110.456   -193.724   -106.014
      7.810     41.043    -22.261     -1.187    109.531   -193.187   -105.941
      7.811     41.152    -22.454     -1.293    108.611   -192.650   -105.865
      7.812     41.260    -22.647     -1.399    107.698   -192.113   -105.787
      7.813     41.368    -22.838     -1.505    106.790   -191.577   -105.706
      7.814     41.474    -23.030     -1.610    105.887   -191.040   -105.623
      7.815     41.579    -23.221     -1.716    104.991   -190.504   -105.538
      7.816     41.684    -23.411     -1.821    104.099   -189.968   -105.451
      7.817     41.788    -23.600     -1.927    103.213   -189.433   -105.362
      7.818     41.890    -23.790     -2.032    102.333   -188.897   -105.272
      7.819     41.992    -23.978     -2.137    101.458   -188.362   -105.179
      7.820     42.093    -24.166     -2.243    100.588   -187.828   -105.085
      7.821     42.193    -24.354     -2.348     99.723   -187.294   -104.989
      7.822     42.293    -24.541     -2.453     98.864   -186.760   -104.891
      7.823     42.391    -24.727     -2.557     98.010   -186.226   -104.792
      7.824     42.489    -24.913     -2.662     97.160   -185.693   -104.692
      7.825     42.585    -25.099     -2.767     96.316   -185.160   -104.590
      7.826     42.681    -25.284     -2.871     95.477   -184.628   -104.486
      7.827     42.776    -25.468     -2.976     94.642   -184.096   -104.381
      7.828     42.871    -25.652     -3.080     93.813   -183.564   -104.275
      7.829     42.964    -25.835     -3.184     92.988   -183.033   -104.167
      7.830     43.057    -26.018     -3.288     92.168   -182.503   -104.058
      7.831     43.148    -26.200     -3.392     91.353   -181.972   -103.948
      7.832     43.239    -26.382     -3.496     90.542   -181.443   -103.836
      7.833     43.329    -26.563     -3.600     89.736   -180.914   -103.723
      7.834     43.419    -26.744     -3.704     88.935   -180.385   -103.609
      7.835     43.507    -26.924     -3.807     88.138   -179.857   -103.494
      7.836     43.595    -27.103     -3.911     87.345   -179.329   -103.378
      7.837     43.682    -27.282     -4.014     86.557   -178.802   -103.260
      7.838     43.768    -27.461     -4.117     85.773   -178.275   -103.141
      7.839     43.854    -27.639     -4.220     84.994   -177.749   -103.021
      7.840     43.938    -27.817     -4.323     84.219   -177.223   -102.901
      7.841     44.022    -27.993     -4.426     83.448   -176.698   -102.779
      7.842     44.105    -28.170     -4.529     82.681   -176.173   -102.656
      7.843     44.187    -28.346     -4.631     81.919   -175.649   -102.532
      7.844     44.269    -28.521     -4.734     81.161   -175.126   -102.407
      7.845     44.350    -28.696     -4.836     80.406   -174.603   -102.281
      7.846     44.430    -28.870     -4.938     79.656   -174.080   -102.154
      7.847     44.509    -29.044     -5.041     78.910   -173.558   -102.026
      7.848     44.588    -29.218     -5.143     78.168   -173.037   -101.897
      7.849     44.665    -29.390     -5.244     77.429   -172.516   -101.767
      7.850     44.742    -29.563     -5.346     76.695   -171.996   -101.636
      7.851     44.819    -29.734     -5.448     75.964   -171.477   -101.505
      7.852     44.894    -29.906     -5.549     75.238   -170.958   -101.372
      7.853     44.969    -30.076     -5.650     74.515   -170.439   -101.239
      7.854     45.043    -30.246     -5.752     73.795   -169.921   -101.105
      7.855     45.117    -30.416     -5.853     73.080   -169.404   -100.970
      7.856     45.190    -30.585     -5.953     72.368   -168.888   -100.834
      7.857     45.262    -30.754     -6.054     71.660   -168.372   -100.697
      7.858     45.333    -30.922     -6.155     70.955   -167.856   -100.560
      7.859     45.403    -31.090     -6.255     70.254   -167.341   -100.422
      7.860     45.473    -31.257     -6.356     69.557   -166.827   -100.283
      7.861     45.543    -31.423     -6.456     68.862   -166.313   -100.143
      7.862     45.611    -31.589     -6.556     68.172   -165.800   -100.003
      7.863     45.679    -31.755     -6.656     67.485   -165.288    -99.862
      7.864     45.746    -31.920     -6.756     66.801   -164.776    -99.720
      7.865     45.813    -32.084     -6.855     66.121   -164.265    -99.577
      7.866     45.878    -32.248     -6.955     65.444   -163.754    -99.434
      7.867     45.943    -32.412     -7.054     64.770   -163.244    -99.290
      7.868     46.008    -32.575     -7.153     64.100   -162.735    -99.145
      7.869     46.072    -32.737     -7.253     63.433   -162.226    -99.000
      7.870     46.135    -32.899     -7.351     62.769   -161.718    -98.854
      7.871     46.197    -33.061     -7.450     62.108   -161.210    -98.707
      7.872     46.259    -33.222     -7.549     61.451   -160.703    -98.560
      7.873     46.320    -33.382     -7.647     60.796   -160.197    -98.412
      7.874     46.381    -33.542     -7.746     60.145   -159.691    -98.264
      7.875     46.440    -33.702     -7.844     59.497   -159.186    -98.115
      7.876     46.500    -33.861     -7.942     58.852   -158.681    -97.965
      7.877     46.558    -34.019     -8.040     58.210   -158.178    -97.815
      7.878     46.616    -34.177     -8.138     57.571   -157.674    -97.664
      7.879     46.673    -34.334     -8.235     56.935   -157.171    -97.512
      7.880     46.730    -34.491     -8.333     56.302   -156.669    -97.360
      7.881     46.786    -34.648     -8.430     55.671   -156.168    -97.208
      7.882     46.841    -34.804     -8.527     55.044   -155.667    -97.055
      7.883     46.896    -34.959     -8.624     54.420   -155.167    -96.901
      7.884     46.950    -35.114     -8.721     53.798   -154.667    -96.747
      7.885     47.003    -35.268     -8.817     53.179   -154.168    -96.592
      7.886     47.056    -35.422     -8.914     52.564   -153.670    -96.437
      7.887     47.109    -35.576     -9.010     51.950   -153.172    -96.281
      7.888     47.160    -35.729     -9.107     51.340   -152.674    -96.125
      7.889     47.211    -35.881     -9.203     50.732   -152.178    -95.968
      7.890     47.262    -36.033     -9.298     50.128   -151.682    -95.811
      7.891     47.312    -36.184     -9.394     49.525   -151.186    -95.654
      7.892     47.361    -36.335     -9.490     48.926   -150.691    -95.495
      7.893     47.409    -36.486     -9.585     48.329   -150.197    -95.337
      7.894     47.457    -36.636     -9.680     47.735   -149.704    -95.178
      7.895     47.505    -36.785     -9.776     47.143   -149.210    -95.018
      7.896     47.552    -36.934     -9.870     46.554   -148.718    -94.858
      7.897     47.598    -37.083     -9.965     45.967   -148.226    -94.698
      7.898     47.644    -37.231    -10.060     45.383   -147.735    -94.537
      7.899     47.689    -37.378    -10.154     44.802   -147.244    -94.375
      7.900     47.733    -37.525    -10.249     44.223   -146.754    -94.214
      7.901     47.777    -37.672    -10.343     43.646   -146.264    -94.051
      7.902     47.821    -37.818    -10.437     43.072   -145.775    -93.889
      7.903     47.863    -37.963    -10.531     42.501   -145.287    -93.726
      7.904     47.906    -38.108    -10.624     41.932   -144.799    -93.562
      7.905     47.947    -38.253    -10.718     41.365   -144.312    -93.399
      7.906     47.988    -38.397    -10.811     40.800   -143.825    -93.234
      7.907     48.029    -38.540    -10.904     40.238   -143.339    -93.070
      7.908     48.069    -38.683    -10.997     39.679   -142.854    -92.905
      7.909     48.108    -38.826    -11.090     39.121   -142.369    -92.739
      7.910     48.147    -38.968    -11.183     38.566   -141.884    -92.574
      7.911     48.185    -39.110    -11.275     38.014   -141.400    -92.407
      7.912     48.223    -39.251    -11.367     37.463   -140.917    -92.241
      7.913     48.260    -39.392    -11.460     36.915   -140.434    -92.074
      7.914     48.297    -39.532    -11.552     36.369   -139.952    -91.907
      7.915     48.333    -39.672    -11.643     35.825   -139.471    -91.739
      7.916     48.369    -39.811    -11.735     35.284   -138.990    -91.571
      7.917     48.404    -39.950    -11.827     34.744   -138.509    -91.403
      7.918     48.438    -40.088    -11.918     34.207   -138.029    -91.234
      7.919     48.472    -40.226    -12.009     33.672   -137.550    -91.065
      7.920     48.505    -40.363    -12.100     33.139   -137.071    -90.896
      7.921     48.538    -40.500    -12.191     32.609   -136.593    -90.726
      7.922     48.571    -40.636    -12.281     32.080   -136.115    -90.556
      7.923     48.602    -40.772    -12.372     31.553   -135.638    -90.386
      7.924     48.634    -40.907    -12.462     31.029   -135.161    -90.215
      7.925     48.664    -41.042    -12.552     30.507   -134.685    -90.045
      7.926     48.695    -41.177    -12.642     29.986   -134.209    -89.873
      7.927     48.724    -41.311    -12.732     29.468   -133.734    -89.702
      7.928     48.754    -41.444    -12.822     28.951   -133.259    -89.530
      7.929     48.782    -41.577    -12.911     28.437   -132.785    -89.358
      7.930     48.811    -41.710    -13.000     27.925   -132.312    -89.185
      7.931     48.838    -41.842    -13.090     27.414   -131.839    -89.012
      7.932     48.865    -41.973    -13.178     26.906   -131.366    -88.839
      7.933     48.892    -42.105    -13.267     26.400   -130.894    -88.666
      7.934     48.918    -42.235    -13.356     25.895   -130.423    -88.492
      7.935     48.944    -42.365    -13.444     25.392   -129.952    -88.318
      7.936     48.969    -42.495    -13.532     24.892   -129.481    -88.144
      7.937     48.994    -42.624    -13.620     24.393   -129.011    -87.969
      7.938     49.018    -42.753    -13.708     23.896   -128.542    -87.794
      7.939     49.041    -42.881    -13.796     23.401   -128.073    -87.619
      7.940     49.065    -43.009    -13.884     22.908   -127.604    -87.444
      7.941     49.087    -43.137    -13.971     22.416   -127.136    -87.268
      7.942     49.109    -43.264    -14.058     21.927   -126.669    -87.092
      7.943     49.131    -43.390    -14.145     21.439   -126.202    -86.916
      7.944     49.152    -43.516    -14.232     20.953   -125.735    -86.740
      7.945     49.173    -43.642    -14.319     20.469   -125.269    -86.563
      7.946     49.193    -43.767    -14.405     19.987   -124.804    -86.386
      7.947     49.213    -43.891    -14.491     19.506   -124.339    -86.209
      7.948     49.232    -44.015    -14.577     19.027   -123.874    -86.031
      7.949     49.251    -44.139    -14.663     18.550   -123.410    -85.854
      7.950     49.269    -44.262    -14.749     18.075   -122.946    -85.676
      7.951     49.287    -44.385    -14.835     17.601   -122.483    -85.497
      7.952     49.304    -44.507    -14.920     17.129   -122.020    -85.319
      7.953     49.321    -44.629    -15.005     16.659   -121.558    -85.140
      7.954     49.338    -44.750    -15.090     16.190   -121.096    -84.961
      7.955     49.354    -44.871    -15.175     15.723   -120.635    -84.782
      7.956     49.369    -44.991    -15.260     15.258   -120.174    -84.602
      7.957     49.384    -45.111    -15.345     14.794   -119.714    -84.423
      7.958     49.399    -45.231    -15.429     14.332   -119.254    -84.243
      7.959     49.413    -45.350    -15.513     13.872   -118.794    -84.062
      7.960     49.427    -45.468    -15.597     13.413   -118.335    -83.882
      7.961     49.440    -45.587    -15.681     12.956   -117.876    -83.701
      7.962     49.453    -45.704    -15.764     12.501   -117.418    -83.521
      7.963     49.465    -45.821    -15.848     12.047   -116.960    -83.339
      7.964     49.477    -45.938    -15.931     11.594   -116.503    -83.158
      7.965     49.488    -46.054    -16.014     11.144   -116.046    -82.976
      7.966     49.499    -46.170    -16.097     10.694   -115.590    -82.795
      7.967     49.509    -46.286    -16.180     10.247   -115.134    -82.613
      7.968     49.519    -46.400    -16.262      9.800   -114.678    -82.430
      7.969     49.529    -46.515    -16.345      9.356   -114.223    -82.248
      7.970     49.538    -46.629    -16.427      8.913   -113.768    -82.065
      7.971     49.547    -46.742    -16.509      8.471   -113.314    -81.882
      7.972     49.555    -46.856    -16.591      8.031   -112.860    -81.699
      7.973     49.563    -46.968    -16.672      7.592   -112.406    -81.516
      7.974     49.570    -47.080    -16.754      7.155   -111.953    -81.333
      7.975     49.577    -47.192    -16.835      6.720   -111.500    -81.149
      7.976     49.584    -47.303    -16.916      6.285   -111.048    -80.965
      7.977     49.590    -47.414    -16.997      5.853   -110.596    -80.781
      7.978     49.595    -47.525    -17.077      5.421   -110.145    -80.596
      7.979     49.601    -47.634    -17.158      4.992   -109.694    -80.412
      7.980     49.605    -47.744    -17.238      4.563   -109.243    -80.227
      7.981     49.610    -47.853    -17.318      4.136   -108.793    -80.042
      7.982     49.614    -47.962    -17.398      3.710   -108.343    -79.857
      7.983     49.617    -48.070    -17.478      3.286   -107.893    -79.671
      7.984     49.620    -48.177    -17.558      2.863   -107.444    -79.486
      7.985     49.623    -48.285    -17.637      2.442   -106.995    -79.300
      7.986     49.625    -48.391    -17.716      2.022   -106.547    -79.114
      7.987     49.627    -48.498    -17.795      1.603   -106.099    -78.928
      7.988     49.628    -48.603    -17.874      1.186   -105.651    -78.741
      7.989     49.629    -48.709    -17.953      0.770   -105.204    -78.555
      7.990     49.630    -48.814    -18.031      0.355   -104.757    -78.368
      7.991     49.630    -48.918    -18.110     -0.058   -104.311    -78.181
      7.992     49.630    -49.023    -18.188     -0.470   -103.864    -77.994
      7.993     49.629    -49.126    -18.265     -0.880   -103.419    -77.807
      7.994     49.628    -49.229    -18.343     -1.290   -102.973    -77.619
      7.995     49.626    -49.332    -18.421     -1.698   -102.528    -77.431
      7.996     49.625    -49.434    -18.498     -2.104   -102.084    -77.243
      7.997     49.622    -49.536    -18.575     -2.510   -101.639    -77.055
      7.998     49.620    -49.638    -18.652     -2.914   -101.195    -76.867
      7.999     49.616    -49.739    -18.729     -3.317   -100.752    -76.679
      8.000     49.613    -49.839    -18.806     -3.718   -100.308    -76.490
      8.001     49.609    -49.939    -18.882     -4.119    -99.865    -76.301
      8.002     49.605    -50.039    -18.958     -4.518    -99.423    -76.112
      8.003     49.600    -50.138    -19.034     -4.915    -98.980    -75.923
      8.004     49.595    -50.237    -19.110     -5.312    -98.538    -75.733
      8.005     49.589    -50.335    -19.186     -5.707    -98.097    -75.544
      8.006     49.583    -50.433    -19.261     -6.101    -97.656    -75.354
      8.007     49.577    -50.531    -19.336     -6.494    -97.215    -75.164
      8.008     49.570    -50.627    -19.411     -6.886    -96.774    -74.974
      8.009     49.563    -50.724    -19.486     -7.276    -96.334    -74.783
      8.010     49.556    -50.820    -19.561     -7.666    -95.894    -74.593
      8.011     49.548    -50.916    -19.635     -8.054    -95.454    -74.402
      8.012     49.540    -51.011    -19.710     -8.440    -95.015    -74.211
      8.013     49.531    -51.106    -19.784     -8.826    -94.576    -74.020
      8.014     49.522    -51.200    -19.858     -9.211    -94.137    -73.829
      8.015     49.513    -51.294    -19.932     -9.594    -93.699    -73.638
      8.016     49.503    -51.388    -20.005     -9.976    -93.261    -73.446
      8.017     49.493    -51.481    -20.078    -10.357    -92.823    -73.254
      8.018     49.482    -51.573    -20.152    -10.737    -92.386    -73.062
      8.019     49.471    -51.665    -20.225    -11.115    -91.949    -72.870
      8.020     49.460    -51.757    -20.297    -11.493    -91.512    -72.678
      8.021     49.448    -51.848    -20.370    -11.869    -91.076    -72.485
      8.022     49.436    -51.939    -20.442    -12.245    -90.639    -72.293
      8.023     49.424    -52.030    -20.515    -12.619    -90.203    -72.100
      8.024     49.411    -52.120    -20.587    -12.992    -89.768    -71.907
      8.025     49.398    -52.209    -20.658    -13.364    -89.333    -71.714
      8.026     49.384    -52.298    -20.730    -13.734    -88.897    -71.520
      8.027     49.370    -52.387    -20.801    -14.104    -88.463    -71.327
      8.028     49.356    -52.475    -20.873    -14.473    -88.028    -71.133
      8.029     49.341    -52.563    -20.944    -14.840    -87.594    -70.939
      8.030     49.326    -52.651    -21.014    -15.206    -87.160    -70.745
      8.031     49.311    -52.737    -21.085    -15.572    -86.727    -70.551
      8.032     49.295    -52.824    -21.156    -15.936    -86.293    -70.357
      8.033     49.279    -52.910    -21.226    -16.299    -85.860    -70.162
      8.034     49.263    -52.996    -21.296    -16.661    -85.428    -69.967
      8.035     49.246    -53.081    -21.366    -17.022    -84.995    -69.773
      8.036     49.229    -53.166    -21.435    -17.382    -84.563    -69.577
      8.037     49.211    -53.250    -21.505    -17.741    -84.131    -69.382
      8.038     49.193    -53.334    -21.574    -18.099    -83.699    -69.187
      8.039     49.175    -53.417    -21.643    -18.456    -83.268    -68.991
      8.040     49.156    -53.500    -21.712    -18.812    -82.837    -68.796
      8.041     49.137    -53.583    -21.781    -19.166    -82.406    -68.600
      8.042     49.118    -53.665    -21.849    -19.520    -81.975    -68.404
      8.043     49.098    -53.747    -21.918    -19.873    -81.545    -68.207
      8.044     49.078    -53.828    -21.986    -20.225    -81.115    -68.011
      8.045     49.058    -53.909    -22.054    -20.575    -80.685    -67.814
      8.046     49.037    -53.990    -22.121    -20.925    -80.255    -67.618
      8.047     49.016    -54.070    -22.189    -21.274    -79.826    -67.421
      8.048     48.994    -54.149    -22.256    -21.621    -79.397    -67.224
      8.049     48.973    -54.229    -22.323    -21.968    -78.968    -67.026
      8.050     48.951    -54.307    -22.390    -22.314    -78.540    -66.829
      8.051     48.928    -54.386    -22.457    -22.658    -78.111    -66.631
      8.052     48.905    -54.464    -22.524    -23.002    -77.683    -66.434
      8.053     48.882    -54.541    -22.590    -23.345    -77.255    -66.236
      8.054     48.859    -54.618    -22.656    -23.686    -76.828    -66.038
      8.055     48.835    -54.695    -22.722    -24.027    -76.400    -65.839
      8.056     48.810    -54.771    -22.788    -24.367    -75.973    -65.641
      8.057     48.786    -54.847    -22.853    -24.706    -75.546    -65.442
      8.058     48.761    -54.922    -22.919    -25.044    -75.120    -65.244
      8.059     48.736    -54.997    -22.984    -25.381    -74.693    -65.045
      8.060     48.710    -55.071    -23.049    -25.717    -74.267    -64.846
      8.061     48.684    -55.145    -23.113    -26.052    -73.841    -64.646
      8.062     48.658    -55.219    -23.178    -26.386    -73.415    -64.447
      8.063     48.632    -55.292    -23.242    -26.719    -72.990    -64.248
      8.064     48.605    -55.365    -23.306    -27.051    -72.564    -64.048
      8.065     48.578    -55.437    -23.370    -27.383    -72.139    -63.848
      8.066     48.550    -55.509    -23.434    -27.713    -71.714    -63.648
      8.067     48.522    -55.581    -23.498    -28.042    -71.290    -63.448
      8.068     48.494    -55.652    -23.561    -28.371    -70.865    -63.247
      8.069     48.465    -55.723    -23.624    -28.699    -70.441    -63.047
      8.070     48.437    -55.793    -23.687    -29.025    -70.017    -62.846
      8.071     48.407    -55.863    -23.750    -29.351    -69.593    -62.645
      8.072     48.378    -55.932    -23.812    -29.676    -69.170    -62.444
      8.073     48.348    -56.001    -23.875    -30.000    -68.746    -62.243
      8.074     48.318    -56.069    -23.937    -30.323    -68.323    -62.042
      8.075     48.287    -56.138    -23.999    -30.645    -67.900    -61.840
      8.076     48.257    -56.205    -24.061    -30.967    -67.477    -61.638
      8.077     48.225    -56.272    -24.122    -31.287    -67.055    -61.437
      8.078     48.194    -56.339    -24.184    -31.607    -66.633    -61.235
      8.079     48.162    -56.406    -24.245    -31.925    -66.210    -61.032
      8.080     48.130    -56.472    -24.306    -32.243    -65.788    -60.830
      8.081     48.098    -56.537    -24.366    -32.560    -65.367    -60.628
      8.082     48.065    -56.602    -24.427    -32.876    -64.945    -60.425
      8.083     48.032    -56.667    -24.487    -33.192    -64.524    -60.222
      8.084     47.999    -56.732    -24.547    -33.506    -64.103    -60.019
      8.085     47.965    -56.795    -24.607    -33.819    -63.682    -59.816
      8.086     47.931    -56.859    -24.667    -34.132    -63.261    -59.613
      8.087     47.897    -56.922    -24.726    -34.444    -62.840    -59.409
      8.088     47.862    -56.985    -24.786    -34.755    -62.420    -59.206
      8.089     47.827    -57.047    -24.845    -35.065    -62.000    -59.002
      8.090     47.792    -57.109    -24.904    -35.374    -61.580    -58.798
      8.091     47.756    -57.170    -24.962    -35.683    -61.160    -58.594
      8.092     47.721    -57.231    -25.021    -35.990    -60.740    -58.390
      8.093     47.684    -57.291    -25.079    -36.297    -60.321    -58.185
      8.094     47.648    -57.352    -25.137    -36.603    -59.901    -57.981
      8.095     47.611    -57.411    -25.195    -36.908    -59.482    -57.776
      8.096     47.574    -57.471    -25.253    -37.212    -59.063    -57.571
      8.097     47.537    -57.529    -25.310    -37.516    -58.645    -57.366
      8.098     47.499    -57.588    -25.368    -37.818    -58.226    -57.161
      8.099     47.461    -57.646    -25.425    -38.120    -57.808    -56.956
      8.100     47.423    -57.703    -25.481    -38.421    -57.389    -56.750
      8.101     47.384    -57.761    -25.538    -38.721    -56.971    -56.545
      8.102     47.345    -57.817    -25.595    -39.021    -56.553    -56.339
      8.103     47.306    -57.874    -25.651    -39.320    -56.136    -56.133
      8.104     47.267    -57.930    -25.707    -39.617    -55.718    -55.927
      8.105     47.227    -57.985    -25.763    -39.914    -55.301    -55.720
      8.106     47.187    -58.040    -25.818    -40.211    -54.883    -55.514
      8.107     47.147    -58.095    -25.874    -40.506    -54.466    -55.307
      8.108     47.106    -58.149    -25.929    -40.801    -54.049    -55.101
      8.109     47.065    -58.203    -25.984    -41.095    -53.633    -54.894
      8.110     47.024    -58.256    -26.039    -41.388    -53.216    -54.687
      8.111     46.982    -58.309    -26.093    -41.680    -52.800    -54.479
      8.112     46.940    -58.362    -26.148    -41.972    -52.384    -54.272
      8.113     46.898    -58.414    -26.202    -42.263    -51.967    -54.065
      8.114     46.856    -58.466    -26.256    -42.553    -51.552    -53.857
      8.115     46.813    -58.517    -26.310    -42.842    -51.136    -53.649
      8.116     46.770    -58.568    -26.363    -43.130    -50.720    -53.441
      8.117     46.727    -58.619    -26.416    -43.418    -50.305    -53.233
      8.118     46.683    -58.669    -26.470    -43.705    -49.889    -53.025
      8.119     46.640    -58.719    -26.522    -43.991    -49.474    -52.816
      8.120     46.595    -58.768    -26.575    -44.277    -49.059    -52.608
      8.121     46.551    -58.817    -26.628    -44.562    -48.644    -52.399
      8.122     46.506    -58.865    -26.680    -44.846    -48.230    -52.190
      8.123     46.461    -58.913    -26.732    -45.129    -47.815    -51.981
      8.124     46.416    -58.961    -26.784    -45.411    -47.401    -51.772
      8.125     46.370    -59.008    -26.836    -45.693    -46.987    -51.562
      8.126     46.325    -59.055    -26.887    -45.974    -46.572    -51.353
      8.127     46.279    -59.101    -26.938    -46.255    -46.158    -51.143
      8.128     46.232    -59.147    -26.989    -46.534    -45.745    -50.933
      8.129     46.185    -59.193    -27.040    -46.813    -45.331    -50.723
      8.130     46.138    -59.238    -27.091    -47.091    -44.917    -50.513
      8.131     46.091    -59.282    -27.141    -47.369    -44.504    -50.303
      8.132     46.044    -59.327    -27.191    -47.646    -44.091    -50.093
      8.133     45.996    -59.371    -27.241    -47.922    -43.678    -49.882
      8.134     45.948    -59.414    -27.291    -48.197    -43.265    -49.671
      8.135     45.900    -59.457    -27.341    -48.471    -42.852    -49.460
      8.136     45.851    -59.500    -27.390    -48.745    -42.439    -49.249
      8.137     45.802    -59.542    -27.439    -49.019    -42.027    -49.038
      8.138     45.753    -59.584    -27.488    -49.291    -41.614    -48.827
      8.139     45.704    -59.625    -27.537    -49.563    -41.202    -48.616
      8.140     45.654    -59.666    -27.585    -49.834    -40.790    -48.404
      8.141     45.604    -59.707    -27.634    -50.105    -40.378    -48.192
      8.142     45.554    -59.747    -27.682    -50.374    -39.966    -47.980
      8.143     45.503    -59.787    -27.730    -50.643    -39.554    -47.768
      8.144     45.452    -59.826    -27.777    -50.912    -39.142    -47.556
      8.145     45.401    -59.865    -27.825    -51.180    -38.731    -47.344
      8.146     45.350    -59.904    -27.872    -51.447    -38.319    -47.131
      8.147     45.298    -59.942    -27.919    -51.713    -37.908    -46.919
      8.148     45.247    -59.979    -27.966    -51.979    -37.497    -46.706
      8.149     45.194    -60.017    -28.012    -52.244    -37.086    -46.493
      8.150     45.142    -60.053    -28.059    -52.508    -36.675    -46.280
      8.151     45.089    -60.090    -28.105    -52.772    -36.264    -46.067
      8.152     45.036    -60.126    -28.151    -53.035    -35.853    -45.853
      8.153     44.983    -60.162    -28.197    -53.298    -35.443    -45.640
      8.154     44.930    -60.197    -28.242    -53.559    -35.032    -45.426
      8.155     44.876    -60.232    -28.288    -53.821    -34.622    -45.212
      8.156     44.822    -60.266    -28.333    -54.081    -34.212    -44.998
      8.157     44.768    -60.300    -28.378    -54.341    -33.802    -44.784
      8.158     44.714    -60.334    -28.422    -54.600    -33.392    -44.570
      8.159     44.659    -60.367    -28.467    -54.859    -32.982    -44.356
      8.160     44.604    -60.400    -28.511    -55.117    -32.572    -44.141
      8.161     44.549    -60.432    -28.555    -55.374    -32.162    -43.927
      8.162     44.493    -60.464    -28.599    -55.631    -31.753    -43.712
      8.163     44.437    -60.496    -28.642    -55.887    -31.343    -43.497
      8.164     44.381    -60.527    -28.686    -56.142    -30.934    -43.282
      8.165     44.325    -60.557    -28.729    -56.397    -30.525    -43.067
      8.166     44.269    -60.588    -28.772    -56.652    -30.116    -42.851
      8.167     44.212    -60.618    -28.815    -56.905    -29.707    -42.636
      8.168     44.155    -60.647    -28.857    -57.158    -29.298    -42.420
      8.169     44.097    -60.676    -28.899    -57.411    -28.889    -42.204
      8.170     44.040    -60.705    -28.942    -57.663    -28.480    -41.989
      8.171     43.982    -60.733    -28.983    -57.914    -28.071    -41.773
      8.172     43.924    -60.761    -29.025    -58.165    -27.663    -41.556
      8.173     43.866    -60.789    -29.067    -58.415    -27.254    -41.340
      8.174     43.807    -60.816    -29.108    -58.664    -26.846    -41.123
      8.175     43.748    -60.842    -29.149    -58.913    -26.438    -40.907
      8.176     43.689    -60.869    -29.190    -59.162    -26.030    -40.690
      8.177     43.630    -60.894    -29.230    -59.409    -25.621    -40.473
      8.178     43.571    -60.920    -29.271    -59.656    -25.213    -40.256
      8.179     43.511    -60.945    -29.311    -59.903    -24.805    -40.039
      8.180     43.451    -60.969    -29.351    -60.149    -24.398    -39.822
      8.181     43.391    -60.994    -29.390    -60.395    -23.990    -39.604
      8.182     43.330    -61.017    -29.430    -60.640    -23.582    -39.387
      8.183     43.269    -61.041    -29.469    -60.884    -23.174    -39.169
      8.184     43.208    -61.064    -29.508    -61.128    -22.767    -38.951
      8.185     43.147    -61.086    -29.547    -61.371    -22.359    -38.733
      8.186     43.086    -61.108    -29.586    -61.614    -21.952    -38.515
      8.187     43.024    -61.130    -29.624    -61.856    -21.545    -38.296
      8.188     42.962    -61.151    -29.662    -62.098    -21.137    -38.078
      8.189     42.900    -61.172    -29.700    -62.339    -20.730    -37.859
      8.190     42.837    -61.193    -29.738    -62.579    -20.323    -37.641
      8.191     42.774    -61.213    -29.776    -62.820    -19.916    -37.422
      8.192     42.711    -61.233    -29.813    -63.059    -19.509    -37.203
      8.193     42.648    -61.252    -29.850    -63.298    -19.102    -36.984
      8.194     42.585    -61.271    -29.887    -63.537    -18.695    -36.764
      8.195     42.521    -61.289    -29.923    -63.775    -18.288    -36.545
      8.196     42.457    -61.308    -29.960    -64.012    -17.881    -36.325
      8.197     42.393    -61.325    -29.996    -64.249    -17.475    -36.105
      8.198     42.329    -61.343    -30.032    -64.485    -17.068    -35.885
      8.199     42.264    -61.359    -30.068    -64.721    -16.661    -35.665
      8.200     42.199    -61.376    -30.103    -64.957    -16.255    -35.445
      8.201     42.134    -61.392    -30.139    -65.192    -15.848    -35.225
      8.202     42.069    -61.408    -30.174    -65.426    -15.442    -35.004
      8.203     42.003    -61.423    -30.209    -65.660    -15.035    -34.784
      8.204     41.938    -61.438    -30.243    -65.894    -14.629    -34.563
      8.205     41.872    -61.452    -30.278    -66.127    -14.222    -34.342
      8.206     41.805    -61.466    -30.312    -66.359    -13.816    -34.121
      8.207     41.739    -61.480    -30.346    -66.591    -13.410    -33.900
      8.208     41.672    -61.493    -30.380    -66.823    -13.003    -33.679
      8.209     41.605    -61.506    -30.413    -67.054    -12.597    -33.457
      8.210     41.538    -61.518    -30.447    -67.285    -12.191    -33.235
      8.211     41.471    -61.530    -30.480    -67.515    -11.784    -33.014
      8.212     41.403    -61.542    -30.513    -67.745    -11.378    -32.792
      8.213     41.335    -61.553    -30.546    -67.974    -10.972    -32.569
      8.214     41.267    -61.564    -30.578    -68.203    -10.566    -32.347
      8.215     41.199    -61.574    -30.610    -68.431    -10.159    -32.125
      8.216     41.130    -61.584    -30.642    -68.659     -9.753    -31.902
      8.217     41.062    -61.593    -30.674    -68.887     -9.347    -31.679
      8.218     40.993    -61.603    -30.706    -69.114     -8.941    -31.457
      8.219     40.923    -61.611    -30.737    -69.340     -8.535    -31.234
      8.220     40.854    -61.620    -30.768    -69.566     -8.128    -31.010
      8.221     40.784    -61.628    -30.799    -69.792     -7.722    -30.787
      8.222     40.714    -61.635    -30.830    -70.018     -7.316    -30.563
      8.223     40.644    -61.642    -30.860    -70.242     -6.910    -30.340
      8.224     40.574    -61.649    -30.890    -70.467     -6.504    -30.116
      8.225     40.503    -61.655    -30.920    -70.691     -6.097    -29.892
      8.226     40.432    -61.661    -30.950    -70.915     -5.691    -29.668
      8.227     40.361    -61.667    -30.980    -71.138     -5.285    -29.443
      8.228     40.290    -61.672    -31.009    -71.361     -4.878    -29.219
      8.229     40.219    -61.676    -31.038    -71.583     -4.472    -28.994
      8.230     40.147    -61.681    -31.067    -71.805     -4.066    -28.769
      8.231     40.075    -61.684    -31.096    -72.027     -3.659    -28.544
      8.232     40.003    -61.688    -31.124    -72.248     -3.253    -28.319
      8.233     39.931    -61.691    -31.152    -72.469     -2.846    -28.094
      8.234     39.858    -61.694    -31.180    -72.689     -2.440    -27.868
      8.235     39.785    -61.696    -31.208    -72.909     -2.033    -27.643
      8.236     39.712    -61.698    -31.236    -73.129     -1.626    -27.417
      8.237     39.639    -61.699    -31.263    -73.348     -1.219    -27.191
      8.238     39.565    -61.700    -31.290    -73.567     -0.813    -26.964
      8.239     39.492    -61.701    -31.317    -73.786     -0.406    -26.738
      8.240     39.418    -61.701    -31.343    -74.004      0.001    -26.511
      8.241     39.344    -61.701    -31.370    -74.222      0.408    -26.285
      8.242     39.269    -61.700    -31.396    -74.439      0.815    -26.058
      8.243     39.195    -61.699    -31.422    -74.657      1.222    -25.830
      8.244     39.120    -61.698    -31.448    -74.873      1.629    -25.603
      8.245     39.045    -61.696    -31.473    -75.090      2.037    -25.376
      8.246     38.970    -61.694    -31.498    -75.306      2.444    -25.148
      8.247     38.895    -61.691    -31.523    -75.521      2.851    -24.920
      8.248     38.819    -61.688    -31.548    -75.737      3.259    -24.692
      8.249     38.743    -61.684    -31.573    -75.952      3.667    -24.463
      8.250     38.667    -61.681    -31.597    -76.166      4.074    -24.235
      8.251     38.591    -61.676    -31.621    -76.381      4.482    -24.006
      8.252     38.514    -61.672    -31.645    -76.594      4.890    -23.777
      8.253     38.438    -61.667    -31.669    -76.808      5.298    -23.548
      8.254     38.361    -61.661    -31.692    -77.021      5.706    -23.319
      8.255     38.283    -61.655    -31.715    -77.234      6.115    -23.089
      8.256     38.206    -61.649    -31.738    -77.447      6.523    -22.860
      8.257     38.129    -61.642    -31.761    -77.659      6.931    -22.630
      8.258     38.051    -61.635    -31.784    -77.871      7.340    -22.400
      8.259     37.973    -61.627    -31.806    -78.083      7.749    -22.169
      8.260     37.895    -61.619    -31.828    -78.294      8.158    -21.939
      8.261     37.816    -61.611    -31.850    -78.505      8.567    -21.708
      8.262     37.738    -61.602    -31.871    -78.716      8.976    -21.477
      8.263     37.659    -61.593    -31.893    -78.926      9.385    -21.246
      8.264     37.580    -61.584    -31.914    -79.136      9.795    -21.014
      8.265     37.501    -61.574    -31.935    -79.346     10.204    -20.782
      8.266     37.421    -61.563    -31.956    -79.556     10.614    -20.551
      8.267     37.341    -61.552    -31.976    -79.765     11.024    -20.318
      8.268     37.262    -61.541    -31.996    -79.974     11.434    -20.086
      8.269     37.182    -61.529    -32.016    -80.182     11.845    -19.853
      8.270     37.101    -61.517    -32.036    -80.391     12.255    -19.621
      8.271     37.021    -61.505    -32.055    -80.599     12.666    -19.387
      8.272     36.940    -61.492    -32.075    -80.806     13.077    -19.154
      8.273     36.859    -61.479    -32.094    -81.014     13.488    -18.921
      8.274     36.778    -61.465    -32.112    -81.221     13.899    -18.687
      8.275     36.697    -61.451    -32.131    -81.428     14.310    -18.453
      8.276     36.615    -61.436    -32.149    -81.634     14.722    -18.218
      8.277     36.533    -61.422    -32.167    -81.841     15.133    -17.984
      8.278     36.451    -61.406    -32.185    -82.047     15.545    -17.749
      8.279     36.369    -61.390    -32.203    -82.252     15.958    -17.514
      8.280     36.287    -61.374    -32.220    -82.458     16.370    -17.279
      8.281     36.204    -61.358    -32.238    -82.663     16.783    -17.043
      8.282     36.122    -61.341    -32.254    -82.868     17.196    -16.807
      8.283     36.039    -61.323    -32.271    -83.072     17.609    -16.571
      8.284     35.955    -61.305    -32.288    -83.277     18.022    -16.335
      8.285     35.872    -61.287    -32.304    -83.481     18.435    -16.098
      8.286     35.789    -61.269    -32.320    -83.685     18.849    -15.861
      8.287     35.705    -61.250    -32.336    -83.888     19.263    -15.624
      8.288     35.621    -61.230    -32.351    -84.092     19.677    -15.386
      8.289     35.537    -61.210    -32.366    -84.295     20.092    -15.149
      8.290     35.452    -61.190    -32.381    -84.498     20.507    -14.911
      8.291     35.368    -61.169    -32.396    -84.700     20.922    -14.672
      8.292     35.283    -61.148    -32.411    -84.902     21.337    -14.434
      8.293     35.198    -61.127    -32.425    -85.105     21.752    -14.195
      8.294     35.113    -61.105    -32.439    -85.306     22.168    -13.956
      8.295     35.027    -61.082    -32.453    -85.508     22.584    -13.716
      8.296     34.942    -61.059    -32.467    -85.709     23.001    -13.476
      8.297     34.856    -61.036    -32.480    -85.910     23.417    -13.236
      8.298     34.770    -61.013    -32.493    -86.111     23.834    -12.996
      8.299     34.684    -60.989    -32.506    -86.312     24.252    -12.755
      8.300     34.597    -60.964    -32.518    -86.512     24.669    -12.514
      8.301     34.510    -60.939    -32.531    -86.712     25.087    -12.273
      8.302     34.424    -60.914    -32.543    -86.912     25.505    -12.031
      8.303     34.337    -60.888    -32.555    -87.112     25.923    -11.789
      8.304     34.249    -60.862    -32.567    -87.311     26.342    -11.547
      8.305     34.162    -60.835    -32.578    -87.510     26.761    -11.304
      8.306     34.074    -60.809    -32.589    -87.709     27.181    -11.061
      8.307     33.987    -60.781    -32.600    -87.908     27.600    -10.818
      8.308     33.899    -60.753    -32.611    -88.106     28.020    -10.574
      8.309     33.810    -60.725    -32.621    -88.304     28.441    -10.330
      8.310     33.722    -60.696    -32.632    -88.502     28.862    -10.086
      8.311     33.633    -60.667    -32.641    -88.700     29.283     -9.841
      8.312     33.545    -60.638    -32.651    -88.898     29.704     -9.596
      8.313     33.456    -60.608    -32.661    -89.095     30.126     -9.351
      8.314     33.366    -60.578    -32.670    -89.292     30.548     -9.105
      8.315     33.277    -60.547    -32.679    -89.489     30.971     -8.859
      8.316     33.187    -60.516    -32.688    -89.686     31.393     -8.613
      8.317     33.098    -60.484    -32.696    -89.882     31.817     -8.366
      8.318     33.008    -60.452    -32.704    -90.078     32.240     -8.119
      8.319     32.917    -60.420    -32.712    -90.274     32.664     -7.871
      8.320     32.827    -60.387    -32.720    -90.470     33.089     -7.623
      8.321     32.737    -60.353    -32.728    -90.666     33.514     -7.375
      8.322     32.646    -60.320    -32.735    -90.861     33.939     -7.127
      8.323     32.555    -60.286    -32.742    -91.056     34.364     -6.878
      8.324     32.464    -60.251    -32.749    -91.251     34.790     -6.628
      8.325     32.372    -60.216    -32.755    -91.446     35.217     -6.378
      8.326     32.281    -60.181    -32.761    -91.640     35.644     -6.128
      8.327     32.189    -60.145    -32.767    -91.834     36.071     -5.878
      8.328     32.097    -60.108    -32.773    -92.028     36.498     -5.627
      8.329     32.005    -60.072    -32.779    -92.222     36.927     -5.375
      8.330     31.913    -60.035    -32.784    -92.416     37.355     -5.124
      8.331     31.820    -59.997    -32.789    -92.609     37.784     -4.872
      8.332     31.727    -59.959    -32.794    -92.802     38.213     -4.619
      8.333     31.635    -59.921    -32.798    -92.995     38.643     -4.366
      8.334     31.541    -59.882    -32.802    -93.188     39.074     -4.113
      8.335     31.448    -59.842    -32.806    -93.381     39.504     -3.859
      8.336     31.355    -59.803    -32.810    -93.573     39.936     -3.604
      8.337     31.261    -59.763    -32.814    -93.765     40.367     -3.350
      8.338     31.167    -59.722    -32.817    -93.957     40.800     -3.095
      8.339     31.073    -59.681    -32.820    -94.149     41.232     -2.839
      8.340     30.979    -59.639    -32.822    -94.341     41.665     -2.583
      8.341     30.884    -59.598    -32.825    -94.532     42.099     -2.327
      8.342     30.790    -59.555    -32.827    -94.723     42.533     -2.070
      8.343     30.695    -59.513    -32.829    -94.914     42.968     -1.813
      8.344     30.600    -59.469    -32.831    -95.105     43.403     -1.555
      8.345     30.505    -59.426    -32.832    -95.296     43.838     -1.297
      8.346     30.409    -59.382    -32.833    -95.486     44.275     -1.038
      8.347     30.314    -59.337    -32.834    -95.676     44.711     -0.779
      8.348     30.218    -59.292    -32.835    -95.866     45.148     -0.519
      8.349     30.122    -59.247    -32.835    -96.056     45.586     -0.259
      8.350     30.026    -59.201    -32.835    -96.245     46.024      0.002
      8.351     29.930    -59.155    -32.835    -96.435     46.463      0.263
      8.352     29.833    -59.108    -32.835    -96.624     46.903      0.524
      8.353     29.736    -59.061    -32.834    -96.813     47.342      0.786
      8.354     29.639    -59.013    -32.833    -97.001     47.783      1.049
      8.355     29.542    -58.965    -32.832    -97.190     48.224      1.312
      8.356     29.445    -58.917    -32.831    -97.378     48.666      1.575
      8.357     29.348    -58.868    -32.829    -97.566     49.108      1.839
      8.358     29.250    -58.819    -32.827    -97.754     49.550      2.104
      8.359     29.152    -58.769    -32.825    -97.942     49.994      2.369
      8.360     29.054    -58.719    -32.822    -98.130     50.438      2.635
      8.361     28.956    -58.668    -32.819    -98.317     50.882      2.901
      8.362     28.857    -58.617    -32.816    -98.504     51.327      3.167
      8.363     28.759    -58.565    -32.813    -98.691     51.773      3.434
      8.364     28.660    -58.513    -32.810    -98.878     52.219      3.702
      8.365     28.561    -58.461    -32.806    -99.064     52.666      3.970
      8.366     28.462    -58.408    -32.802    -99.251     53.114      4.239
      8.367     28.363    -58.355    -32.797    -99.437     53.562      4.508
      8.368     28.263    -58.301    -32.793    -99.623     54.011      4.778
      8.369     28.163    -58.247    -32.788    -99.808     54.460      5.049
      8.370     28.063    -58.192    -32.783    -99.994     54.910      5.320
      8.371     27.963    -58.137    -32.777   -100.179     55.361      5.591
      8.372     27.863    -58.081    -32.771   -100.364     55.812      5.863
      8.373     27.763    -58.025    -32.765   -100.549     56.264      6.136
      8.374     27.662    -57.969    -32.759   -100.734     56.717      6.409
      8.375     27.561    -57.912    -32.753   -100.919     57.171      6.683
      8.376     27.460    -57.855    -32.746   -101.103     57.625      6.957
      8.377     27.359    -57.797    -32.739   -101.287     58.079      7.232
      8.378     27.258    -57.738    -32.731   -101.471     58.535      7.508
      8.379     27.156    -57.680    -32.724   -101.655     58.991      7.784
      8.380     27.054    -57.620    -32.716   -101.838     59.448      8.061
      8.381     26.952    -57.561    -32.707   -102.022     59.905      8.338
      8.382     26.850    -57.501    -32.699   -102.205     60.364      8.616
      8.383     26.748    -57.440    -32.690   -102.388     60.823      8.895
      8.384     26.645    -57.379    -32.681   -102.570     61.282      9.174
      8.385     26.543    -57.317    -32.672   -102.753     61.743      9.454
      8.386     26.440    -57.255    -32.662   -102.935     62.204      9.735
      8.387     26.337    -57.193    -32.652   -103.117     62.666     10.016
      8.388     26.234    -57.130    -32.642   -103.299     63.129     10.298
      8.389     26.130    -57.067    -32.632   -103.481     63.592     10.580
      8.390     26.027    -57.003    -32.621   -103.662     64.056     10.864
      8.391     25.923    -56.939    -32.610   -103.843     64.521     11.147
      8.392     25.819    -56.874    -32.599   -104.024     64.987     11.432
      8.393     25.715    -56.809    -32.587   -104.205     65.454     11.717
      8.394     25.611    -56.743    -32.575   -104.386     65.921     12.003
      8.395     25.506    -56.677    -32.563   -104.566     66.389     12.289
      8.396     25.401    -56.610    -32.551   -104.746     66.858     12.577
      8.397     25.297    -56.543    -32.538   -104.926     67.328     12.864
      8.398     25.192    -56.476    -32.525   -105.106     67.799     13.153
      8.399     25.086    -56.407    -32.512   -105.285     68.270     13.442
      8.400     24.981    -56.339    -32.498   -105.465     68.742     13.732
      8.401     24.876    -56.270    -32.484   -105.644     69.215     14.023
      8.402     24.770    -56.201    -32.470   -105.823     69.689     14.314
      8.403     24.664    -56.131    -32.456   -106.001     70.164     14.607
      8.404     24.558    -56.060    -32.441   -106.180     70.640     14.899
      8.405     24.451    -55.989    -32.426   -106.358     71.116     15.193
      8.406     24.345    -55.918    -32.411   -106.536     71.594     15.487
      8.407     24.238    -55.846    -32.395   -106.713     72.072     15.783
      8.408     24.132    -55.774    -32.379   -106.891     72.551     16.078
      8.409     24.025    -55.701    -32.363   -107.068     73.031     16.375
      8.410     23.917    -55.628    -32.346   -107.245     73.512     16.672
      8.411     23.810    -55.554    -32.329   -107.422     73.994     16.971
      8.412     23.703    -55.480    -32.312   -107.599     74.477     17.270
      8.413     23.595    -55.405    -32.295   -107.775     74.961     17.569
      8.414     23.487    -55.330    -32.277   -107.951     75.445     17.870
      8.415     23.379    -55.254    -32.259   -108.127     75.931     18.171
      8.416     23.271    -55.178    -32.241   -108.303     76.417     18.473
      8.417     23.162    -55.101    -32.222   -108.478     76.905     18.776
      8.418     23.054    -55.024    -32.203   -108.653     77.393     19.080
      8.419     22.945    -54.947    -32.184   -108.828     77.883     19.385
      8.420     22.836    -54.868    -32.164   -109.003     78.373     19.690
      8.421     22.727    -54.790    -32.145   -109.177     78.865     19.996
      8.422     22.618    -54.711    -32.124   -109.351     79.357     20.303
      8.423     22.508    -54.631    -32.104   -109.525     79.850     20.611
      8.424     22.399    -54.551    -32.083   -109.699     80.345     20.920
      8.425     22.289    -54.470    -32.062   -109.872     80.840     21.230
      8.426     22.179    -54.389    -32.041   -110.045     81.337     21.540
      8.427     22.069    -54.308    -32.019   -110.218     81.834     21.852
      8.428     21.959    -54.226    -31.997   -110.391     82.333     22.164
      8.429     21.848    -54.143    -31.975   -110.563     82.832     22.477
      8.430     21.738    -54.060    -31.952   -110.735     83.333     22.791
      8.431     21.627    -53.976    -31.929   -110.907     83.835     23.106
      8.432     21.516    -53.892    -31.906   -111.079     84.337     23.422
      8.433     21.405    -53.808    -31.882   -111.250     84.841     23.739
      8.434     21.293    -53.723    -31.858   -111.421     85.346     24.057
      8.435     21.182    -53.637    -31.834   -111.592     85.852     24.376
      8.436     21.070    -53.551    -31.810   -111.762     86.359     24.695
      8.437     20.958    -53.464    -31.785   -111.933     86.868     25.016
      8.438     20.846    -53.377    -31.760   -112.102     87.377     25.338
      8.439     20.734    -53.290    -31.734   -112.272     87.888     25.660
      8.440     20.622    -53.201    -31.708   -112.441     88.400     25.984
      8.441     20.509    -53.113    -31.682   -112.611     88.912     26.308
      8.442     20.396    -53.024    -31.656   -112.779     89.427     26.634
      8.443     20.284    -52.934    -31.629   -112.948     89.942     26.960
      8.444     20.170    -52.844    -31.602   -113.116     90.458     27.288
      8.445     20.057    -52.753    -31.574   -113.284     90.976     27.616
      8.446     19.944    -52.662    -31.547   -113.451     91.495     27.946
      8.447     19.830    -52.570    -31.518   -113.619     92.015     28.276
      8.448     19.717    -52.478    -31.490   -113.786     92.536     28.608
      8.449     19.603    -52.385    -31.461   -113.952     93.059     28.941
      8.450     19.489    -52.292    -31.432   -114.119     93.582     29.274
      8.451     19.375    -52.198    -31.403   -114.285     94.107     29.609
      8.452     19.260    -52.103    -31.373   -114.450     94.634     29.945
      8.453     19.146    -52.008    -31.343   -114.616     95.161     30.282
      8.454     19.031    -51.913    -31.312   -114.781     95.690     30.620
      8.455     18.916    -51.817    -31.282   -114.945     96.220     30.959
      8.456     18.801    -51.721    -31.250   -115.110     96.752     31.300
      8.457     18.686    -51.624    -31.219   -115.274     97.284     31.641
      8.458     18.571    -51.526    -31.187   -115.437     97.818     31.984
      8.459     18.455    -51.428    -31.155   -115.601     98.354     32.327
      8.460     18.339    -51.329    -31.122   -115.764     98.891     32.672
      8.461     18.224    -51.230    -31.090   -115.926     99.429     33.018
      8.462     18.107    -51.130    -31.056   -116.089     99.968     33.365
      8.463     17.991    -51.030    -31.023   -116.251    100.509     33.714
      8.464     17.875    -50.929    -30.989   -116.412    101.052     34.063
      8.465     17.759    -50.828    -30.955   -116.573    101.595     34.414
      8.466     17.642    -50.726    -30.920   -116.734    102.140     34.766
      8.467     17.525    -50.624    -30.885   -116.894    102.687     35.119
      8.468     17.408    -50.521    -30.850   -117.055    103.235     35.474
      8.469     17.291    -50.417    -30.814   -117.214    103.785     35.830
      8.470     17.174    -50.313    -30.778   -117.373    104.335     36.187
      8.471     17.056    -50.209    -30.742   -117.532    104.888     36.545
      8.472     16.939    -50.104    -30.705   -117.691    105.442     36.904
      8.473     16.821    -49.998    -30.668   -117.849    105.997     37.265
      8.474     16.703    -49.892    -30.631   -118.007    106.554     37.627
      8.475     16.585    -49.785    -30.593   -118.164    107.113     37.991
      8.476     16.467    -49.677    -30.555   -118.321    107.673     38.356
      8.477     16.348    -49.569    -30.516   -118.477    108.234     38.722
      8.478     16.230    -49.461    -30.477   -118.633    108.797     39.089
      8.479     16.111    -49.352    -30.438   -118.788    109.362     39.458
      8.480     15.992    -49.242    -30.398   -118.944    109.928     39.828
      8.481     15.873    -49.132    -30.358   -119.098    110.496     40.200
      8.482     15.754    -49.021    -30.318   -119.252    111.066     40.573
      8.483     15.634    -48.910    -30.277   -119.406    111.637     40.947
      8.484     15.515    -48.798    -30.236   -119.559    112.210     41.323
      8.485     15.395    -48.685    -30.195   -119.712    112.784     41.700
      8.486     15.276    -48.572    -30.153   -119.865    113.360     42.079
      8.487     15.156    -48.459    -30.110   -120.016    113.938     42.459
      8.488     15.036    -48.344    -30.068   -120.168    114.518     42.841
      8.489     14.915    -48.230    -30.025   -120.319    115.099     43.224
      8.490     14.795    -48.114    -29.981   -120.469    115.682     43.609
      8.491     14.674    -47.998    -29.937   -120.619    116.267     43.995
      8.492     14.554    -47.882    -29.893   -120.768    116.853     44.382
      8.493     14.433    -47.765    -29.849   -120.917    117.442     44.772
      8.494     14.312    -47.647    -29.804   -121.065    118.032     45.163
      8.495     14.191    -47.528    -29.758   -121.213    118.624     45.555
      8.496     14.069    -47.410    -29.713   -121.360    119.218     45.949
      8.497     13.948    -47.290    -29.666   -121.507    119.813     46.345
      8.498     13.826    -47.170    -29.620   -121.653    120.411     46.742
      8.499     13.705    -47.049    -29.573   -121.798    121.010     47.141
      8.500     13.583    -46.928    -29.526   -121.943    121.611     47.541
      8.501     13.461    -46.806    -29.478   -122.088    122.214     47.943
      8.502     13.339    -46.683    -29.430   -122.231    122.819     48.347
      8.503     13.216    -46.560    -29.381   -122.375    123.426     48.753
      8.504     13.094    -46.437    -29.332   -122.517    124.035     49.160
      8.505     12.971    -46.312    -29.283   -122.659    124.646     49.569
      8.506     12.849    -46.187    -29.233   -122.800    125.259     49.980
      8.507     12.726    -46.062    -29.183   -122.941    125.874     50.393
      8.508     12.603    -45.936    -29.132   -123.081    126.491     50.807
      8.509     12.480    -45.809    -29.081   -123.221    127.110     51.223
      8.510     12.356    -45.681    -29.030   -123.359    127.731     51.641
      8.511     12.233    -45.553    -28.978   -123.497    128.354     52.061
      8.512     12.109    -45.425    -28.926   -123.635    128.980     52.483
      8.513     11.986    -45.295    -28.873   -123.771    129.607     52.907
      8.514     11.862    -45.165    -28.820   -123.907    130.237     53.332
      8.515     11.738    -45.035    -28.766   -124.043    130.869     53.759
      8.516     11.614    -44.904    -28.712   -124.177    131.502     54.189
      8.517     11.489    -44.772    -28.658   -124.311    132.139     54.620
      8.518     11.365    -44.639    -28.603   -124.444    132.777     55.053
      8.519     11.240    -44.506    -28.548   -124.576    133.418     55.489
      8.520     11.116    -44.373    -28.492   -124.708    134.060     55.926
      8.521     10.991    -44.238    -28.436   -124.838    134.706     56.365
      8.522     10.866    -44.103    -28.379   -124.968    135.353     56.807
      8.523     10.741    -43.967    -28.322   -125.097    136.003     57.250
      8.524     10.616    -43.831    -28.265   -125.226    136.655     57.696
      8.525     10.491    -43.694    -28.207   -125.353    137.310     58.144
      8.526     10.365    -43.557    -28.149   -125.480    137.966     58.593
      8.527     10.240    -43.418    -28.090   -125.605    138.626     59.045
      8.528     10.114    -43.279    -28.031   -125.730    139.288     59.500
      8.529      9.988    -43.140    -27.971   -125.854    139.952     59.956
      8.530      9.862    -42.999    -27.911   -125.977    140.619     60.415
      8.531      9.736    -42.858    -27.850   -126.100    141.288     60.876
      8.532      9.610    -42.717    -27.789   -126.221    141.960     61.339
      8.533      9.484    -42.575    -27.727   -126.341    142.634     61.805
      8.534      9.357    -42.432    -27.665   -126.460    143.311     62.273
      8.535      9.231    -42.288    -27.603   -126.579    143.991     62.743
      8.536      9.104    -42.144    -27.540   -126.696    144.673     63.216
      8.537      8.978    -41.999    -27.476   -126.812    145.358     63.691
      8.538      8.851    -41.853    -27.412   -126.928    146.045     64.168
      8.539      8.724    -41.706    -27.348   -127.042    146.736     64.648
      8.540      8.597    -41.559    -27.283   -127.155    147.429     65.131
      8.541      8.469    -41.412    -27.218   -127.267    148.124     65.616
      8.542      8.342    -41.263    -27.152   -127.378    148.823     66.104
      8.543      8.215    -41.114    -27.086   -127.488    149.524     66.594
      8.544      8.087    -40.964    -27.019   -127.596    150.229     67.087
      8.545      7.959    -40.813    -26.951   -127.704    150.936     67.582
      8.546      7.832    -40.662    -26.884   -127.810    151.646     68.081
      8.547      7.704    -40.510    -26.815   -127.915    152.359     68.581
      8.548      7.576    -40.357    -26.746   -128.019    153.075     69.085
      8.549      7.448    -40.204    -26.677   -128.122    153.794     69.592
      8.550      7.320    -40.050    -26.607   -128.223    154.516     70.101
      8.551      7.191    -39.895    -26.537   -128.324    155.241     70.613
      8.552      7.063    -39.739    -26.466   -128.422    155.969     71.128
      8.553      6.934    -39.583    -26.395   -128.520    156.701     71.646
      8.554      6.806    -39.426    -26.323   -128.616    157.435     72.166
      8.555      6.677    -39.268    -26.250   -128.710    158.173     72.690
      8.556      6.549    -39.110    -26.177   -128.804    158.914     73.217
      8.557      6.420    -38.950    -26.104   -128.896    159.658     73.747
      8.558      6.291    -38.790    -26.030   -128.986    160.406     74.280
      8.559      6.162    -38.630    -25.955   -129.075    161.156     74.816
      8.560      6.033    -38.468    -25.880   -129.162    161.911     75.355
      8.561      5.903    -38.306    -25.805   -129.248    162.668     75.898
      8.562      5.774    -38.143    -25.728   -129.332    163.429     76.444
      8.563      5.645    -37.979    -25.652   -129.415    164.194     76.993
      8.564      5.515    -37.814    -25.574   -129.496    164.962     77.545
      8.565      5.386    -37.649    -25.497   -129.575    165.734     78.101
      8.566      5.256    -37.483    -25.418   -129.652    166.509     78.660
      8.567      5.126    -37.316    -25.339   -129.728    167.288     79.222
      8.568      4.997    -37.148    -25.260   -129.802    168.070     79.789
      8.569      4.867    -36.980    -25.180   -129.874    168.857     80.358
      8.570      4.737    -36.811    -25.099   -129.945    169.647     80.932
      8.571      4.607    -36.640    -25.018   -130.013    170.441     81.509
      8.572      4.477    -36.470    -24.936   -130.080    171.238     82.089
      8.573      4.347    -36.298    -24.854   -130.144    172.040     82.674
      8.574      4.217    -36.126    -24.771   -130.207    172.845     83.262
      8.575      4.086    -35.952    -24.687   -130.268    173.655     83.854
      8.576      3.956    -35.778    -24.603   -130.326    174.468     84.450
      8.577      3.826    -35.603    -24.518   -130.383    175.286     85.050
      8.578      3.695    -35.428    -24.433   -130.437    176.108     85.654
      8.579      3.565    -35.251    -24.347   -130.489    176.934     86.262
      8.580      3.434    -35.074    -24.260   -130.538    177.764     86.874
      8.581      3.304    -34.896    -24.173   -130.586    178.598     87.490
      8.582      3.173    -34.717    -24.085   -130.631    179.437     88.110
      8.583      3.042    -34.537    -23.997   -130.674    180.280     88.735
      8.584      2.912    -34.356    -23.908   -130.714    181.127     89.364
      8.585      2.781    -34.175    -23.818   -130.752    181.979     89.998
      8.586      2.650    -33.992    -23.728   -130.787    182.836     90.636
      8.587      2.519    -33.809    -23.637   -130.819    183.697     91.279
      8.588      2.389    -33.625    -23.545   -130.849    184.563     91.926
      8.589      2.258    -33.440    -23.453   -130.877    185.433     92.578
      8.590      2.127    -33.254    -23.360   -130.901    186.308     93.235
      8.591      1.996    -33.067    -23.267   -130.923    187.188     93.896
      8.592      1.865    -32.879    -23.172   -130.941    188.073     94.563
      8.593      1.734    -32.691    -23.077   -130.957    188.963     95.234
      8.594      1.603    -32.502    -22.982   -130.969    189.858     95.911
      8.595      1.472    -32.311    -22.886   -130.979    190.758     96.592
      8.596      1.341    -32.120    -22.789   -130.985    191.663     97.279
      8.597      1.210    -31.928    -22.691   -130.988    192.573     97.971
      8.598      1.079    -31.735    -22.593   -130.988    193.488     98.669
      8.599      0.948    -31.541    -22.494   -130.985    194.409     99.372
      8.600      0.817    -31.346    -22.394   -130.978    195.335    100.080
      8.601      0.686    -31.150    -22.294   -130.967    196.267    100.794
      8.602      0.555    -30.953    -22.192   -130.953    197.204    101.514
      8.603      0.424    -30.756    -22.091   -130.935    198.147    102.240
      8.604      0.293    -30.557    -21.988   -130.913    199.095    102.971
      8.605      0.163    -30.358    -21.885   -130.887    200.049    103.709
      8.606      0.032    -30.157    -21.780   -130.857    201.009    104.453
      8.607     -0.099    -29.956    -21.676   -130.824    201.975    105.203
      8.608     -0.230    -29.753    -21.570   -130.785    202.947    105.959
      8.609     -0.361    -29.550    -21.464   -130.743    203.925    106.721
      8.610     -0.491    -29.345    -21.357   -130.696    204.910    107.491
      8.611     -0.622    -29.140    -21.249   -130.645    205.900    108.266
      8.612     -0.753    -28.933    -21.140   -130.589    206.897    109.049
      8.613     -0.883    -28.726    -21.031   -130.529    207.900    109.838
      8.614     -1.014    -28.518    -20.920   -130.463    208.910    110.635
      8.615     -1.144    -28.308    -20.809   -130.393    209.926    111.438
      8.616     -1.275    -28.098    -20.698   -130.317    210.949    112.249
      8.617     -1.405    -27.886    -20.585   -130.237    211.979    113.068
      8.618     -1.535    -27.674    -20.471   -130.151    213.016    113.893
      8.619     -1.665    -27.460    -20.357   -130.059    214.059    114.727
      8.620     -1.795    -27.246    -20.242   -129.962    215.110    115.568
      8.621     -1.925    -27.030    -20.126   -129.859    216.168    116.417
      8.622     -2.055    -26.813    -20.009   -129.750    217.233    117.274
      8.623     -2.185    -26.596    -19.891   -129.635    218.306    118.139
      8.624     -2.314    -26.377    -19.773   -129.513    219.386    119.013
      8.625     -2.444    -26.157    -19.653   -129.385    220.474    119.896
      8.626     -2.573    -25.936    -19.533   -129.251    221.570    120.787
      8.627     -2.702    -25.714    -19.412   -129.109    222.673    121.687
      8.628     -2.831    -25.490    -19.290   -128.961    223.784    122.596
      8.629     -2.960    -25.266    -19.167   -128.806    224.904    123.514
      8.630     -3.089    -25.041    -19.043   -128.643    226.032    124.442
      8.631     -3.217    -24.814    -18.918   -128.472    227.168    125.379
      8.632     -3.346    -24.586    -18.792   -128.294    228.312    126.326
      8.633     -3.474    -24.357    -18.665   -128.108    229.465    127.284
      8.634     -3.602    -24.127    -18.537   -127.913    230.627    128.251
      8.635     -3.730    -23.896    -18.409   -127.710    231.798    129.229
      8.636     -3.857    -23.664    -18.279   -127.498    232.978    130.217
      8.637     -3.985    -23.430    -18.148   -127.278    234.167    131.217
      8.638     -4.112    -23.195    -18.016   -127.048    235.365    132.227
      8.639     -4.239    -22.959    -17.884   -126.808    236.572    133.249
      8.640     -4.365    -22.722    -17.750   -126.558    237.790    134.282
      8.641     -4.492    -22.484    -17.615   -126.299    239.017    135.328
      8.642     -4.618    -22.244    -17.479   -126.029    240.254    136.385
      8.643     -4.744    -22.003    -17.342   -125.748    241.501    137.455
      8.644     -4.870    -21.761    -17.204   -125.456    242.758    138.537
      8.645     -4.995    -21.518    -17.065   -125.152    244.025    139.632
      8.646     -5.120    -21.273    -16.925   -124.837    245.304    140.741
      8.647     -5.245    -21.027    -16.784   -124.509    246.592    141.863
      8.648     -5.369    -20.780    -16.641   -124.169    247.892    142.999
      8.649     -5.493    -20.531    -16.498   -123.816    249.203    144.149
      8.650     -5.616    -20.282    -16.353   -123.450    250.525    145.314
      8.651     -5.740    -20.030    -16.207   -123.069    251.859    146.493
      8.652     -5.863    -19.778    -16.060   -122.675    253.204    147.688
      8.653     -5.985    -19.524    -15.912   -122.265    254.561    148.898
      8.654     -6.107    -19.269    -15.762   -121.840    255.930    150.125
      8.655     -6.229    -19.012    -15.611   -121.400    257.311    151.367
      8.656     -6.350    -18.754    -15.459   -120.942    258.705    152.627
      8.657     -6.471    -18.495    -15.306   -120.468    260.111    153.903
      8.658     -6.591    -18.234    -15.152   -119.977    261.530    155.197
      8.659     -6.711    -17.972    -14.996   -119.467    262.962    156.509
      8.660     -6.830    -17.708    -14.839   -118.939    264.407    157.840
      8.661     -6.948    -17.443    -14.680   -118.391    265.866    159.190
      8.662     -7.067    -17.176    -14.520   -117.822    267.338    160.559
      8.663     -7.184    -16.908    -14.359   -117.233    268.824    161.948
      8.664     -7.301    -16.639    -14.196   -116.623    270.324    163.358
      8.665     -7.417    -16.368    -14.032   -115.989    271.838    164.788
      8.666     -7.533    -16.095    -13.867   -115.333    273.367    166.240
      8.667     -7.648    -15.821    -13.700   -114.652    274.910    167.715
      8.668     -7.762    -15.545    -13.531   -113.946    276.468    169.212
      8.669     -7.876    -15.268    -13.361   -113.214    278.042    170.732
      8.670     -7.989    -14.989    -13.190   -112.455    279.630    172.276
      8.671     -8.101    -14.709    -13.017   -111.667    281.234    173.845
      8.672     -8.212    -14.427    -12.842   -110.851    282.853    175.440
      8.673     -8.322    -14.143    -12.666   -110.004    284.488    177.060
      8.674     -8.432    -13.858    -12.488   -109.125    286.139    178.706
      8.675     -8.541    -13.571    -12.308   -108.214    287.806    180.381
      8.676     -8.648    -13.282    -12.127   -107.268    289.489    182.083
      8.677     -8.755    -12.992    -11.944   -106.286    291.188    183.814
      8.678     -8.861    -12.700    -11.760   -105.268    292.903    185.575
      8.679     -8.966    -12.406    -11.573   -104.211    294.635    187.366
      8.680     -9.069    -12.110    -11.385   -103.114    296.383    189.188
      8.681     -9.172    -11.813    -11.195   -101.974    298.148    191.042
      8.682     -9.273    -11.514    -11.003   -100.792    299.929    192.929
      8.683     -9.373    -11.213    -10.809    -99.563    301.726    194.850
      8.684     -9.472    -10.910    -10.613    -98.288    303.539    196.805
      8.685     -9.570    -10.606    -10.415    -96.963    305.368    198.795
      8.686     -9.666    -10.300    -10.215    -95.586    307.212    200.822
      8.687     -9.761     -9.992    -10.014    -94.156    309.072    202.885
      8.688     -9.855     -9.682     -9.810    -92.670    310.947    204.986
      8.689     -9.946     -9.370     -9.604    -91.126    312.836    207.126
      8.690    -10.037     -9.056     -9.395    -89.521    314.738    209.304
      8.691    -10.125     -8.740     -9.185    -87.852    316.653    211.523
      8.692    -10.212     -8.423     -8.972    -86.118    318.580    213.782
      8.693    -10.298     -8.103     -8.757    -84.315    320.519    216.083
      8.694    -10.381     -7.782     -8.540    -82.440    322.466    218.425
      8.695    -10.463     -7.458     -8.320    -80.491    324.423    220.809
      8.696    -10.542     -7.133     -8.098    -78.464    326.385    223.235
      8.697    -10.619     -6.805     -7.874    -76.357    328.353    225.703
      8.698    -10.695     -6.476     -7.647    -74.166    330.323    228.215
      8.699    -10.768     -6.145     -7.418    -71.888    332.294    230.768
      8.700    -10.838     -5.811     -7.185    -69.521    334.262    233.363
      8.701    -10.907     -5.476     -6.951    -67.060    336.224    235.999
      8.702    -10.972     -5.139     -6.713    -64.503    338.178    238.675
      8.703    -11.036     -4.800     -6.473    -61.847    340.119    241.390
      8.704    -11.096     -4.459     -6.231    -59.089    342.043    244.142
      8.705    -11.154     -4.116     -5.985    -56.226    343.945    246.929
      8.706    -11.209     -3.771     -5.737    -53.255    345.821    249.748
      8.707    -11.260     -3.424     -5.486    -50.174    347.663    252.597
      8.708    -11.309     -3.076     -5.232    -46.981    349.468    255.471
      8.709    -11.354     -2.725     -4.975    -43.674    351.226    258.367
      8.710    -11.396     -2.373     -4.715    -40.253    352.932    261.279
      8.711    -11.435     -2.019     -4.452    -36.716    354.578    264.202
      8.712    -11.469     -1.664     -4.186    -33.063    356.155    267.130
      8.713    -11.501     -1.307     -3.918    -29.297    357.656    270.055
      8.714    -11.528     -0.949     -3.646    -25.417    359.070    272.970
      8.715    -11.551     -0.589     -3.372    -21.426    360.389    275.864
      8.716    -11.571     -0.228     -3.095    -17.328    361.604    278.730
      8.717    -11.586      0.134     -2.814    -13.128    362.705    281.554
      8.718    -11.597      0.497     -2.531     -8.831    363.683    284.325
      8.719    -11.604      0.861     -2.246     -4.445    364.529    287.028
      8.720    -11.606      1.226     -1.957      0.023    365.235    289.648
      8.721    -11.604      1.592     -1.667      4.562    365.793    292.163
      8.722    -11.597      1.958     -1.373      9.160    366.196    294.547
      8.723    -11.585      2.324     -1.078     13.804    366.440    296.767
      8.724    -11.569      2.691     -0.780     18.477    366.520    298.772
      8.725    -11.548      3.057     -0.480     23.158    366.437    300.489
      8.726    -11.523      3.423     -0.179     27.822    366.192    301.829
      8.727    -11.493      3.789      0.123     32.440    365.793    302.714
      8.728    -11.458      4.155      0.426     36.981    365.249    303.147
      8.729    -11.419      4.520      0.729     41.419    364.572    303.205
      8.730    -11.375      4.884      1.032     45.734    363.773    302.990
      8.731    -11.327      5.247      1.335     49.916    362.862    302.576
      8.732    -11.275      5.610      1.638     53.957    361.849    302.014
      8.733    -11.220      5.971      1.939     57.853    360.743    301.335
      8.734    -11.160      6.331      2.240     61.602    359.551    300.562
      8.735    -11.096      6.690      2.540     65.205    358.281    299.710
      8.736    -11.029      7.048      2.840     68.662    356.940    298.789
      8.737    -10.959      7.404      3.138     71.976    355.537    297.809
      8.738    -10.886      7.759      3.435     75.150    354.076    296.778
      8.739    -10.809      8.112      3.731     78.187    352.565    295.701
      8.740    -10.729      8.464      4.027     81.090    351.009    294.584
      8.741    -10.647      8.814      4.321     83.864    349.414    293.433
      8.742    -10.562      9.163      4.613     86.514    347.785    292.252
      8.743    -10.474      9.510      4.905     89.042    346.127    291.044
      8.744    -10.384      9.855      5.195     91.455    344.445    289.814
      8.745    -10.291     10.198      5.485     93.756    342.741    288.565
      8.746    -10.196     10.540      5.773     95.951    341.021    287.300
      8.747    -10.099     10.881      6.059     98.042    339.288    286.022
      8.748    -10.000     11.219      6.345    100.036    337.544    284.733
      8.749     -9.899     11.556      6.629    101.936    335.793    283.436
      8.750     -9.796     11.891      6.911    103.747    334.038    282.132
      8.751     -9.692     12.224      7.193    105.472    332.280    280.824
      8.752     -9.585     12.555      7.473    107.116    330.522    279.513
      8.753     -9.477     12.885      7.752    108.682    328.766    278.202
      8.754     -9.368     13.213      8.030    110.174    327.014    276.890
      8.755     -9.257     13.539      8.306    111.595    325.266    275.580
      8.756     -9.145     13.863      8.581    112.949    323.525    274.273
      8.757     -9.031     14.186      8.854    114.239    321.792    272.970
      8.758     -8.916     14.507      9.127    115.468    320.068    271.671
      8.759     -8.800     14.826      9.398    116.639    318.353    270.377
      8.760     -8.683     15.143      9.667    117.755    316.649    269.090
      8.761     -8.565     15.459      9.936    118.818    314.956    267.809
      8.762     -8.446     15.773     10.203    119.831    313.275    266.536
      8.763     -8.325     16.086     10.469    120.797    311.606    265.270
      8.764     -8.204     16.397     10.734    121.717    309.951    264.013
      8.765     -8.082     16.706     10.997    122.593    308.308    262.764
      8.766     -7.959     17.013     11.259    123.428    306.680    261.524
      8.767     -7.835     17.319     11.520    124.224    305.065    260.293
      8.768     -7.710     17.623     11.780    124.982    303.464    259.071
      8.769     -7.585     17.926     12.038    125.705    301.878    257.859
      8.770     -7.459     18.227     12.295    126.393    300.305    256.656
      8.771     -7.332     18.527     12.551    127.048    298.748    255.463
      8.772     -7.205     18.825     12.806    127.673    297.205    254.280
      8.773     -7.077     19.121     13.060    128.267    295.677    253.107
      8.774     -6.948     19.416     13.313    128.834    294.163    251.944
      8.775     -6.819     19.709     13.564    129.373    292.664    250.791
      8.776     -6.690     20.001     13.814    129.886    291.179    249.648
      8.777     -6.560     20.292     14.063    130.375    289.709    248.516
      8.778     -6.429     20.581     14.311    130.839    288.253    247.393
      8.779     -6.298     20.868     14.558    131.281    286.811    246.280
      8.780     -6.166     21.154     14.804    131.701    285.384    245.176
      8.781     -6.034     21.439     15.048    132.101    283.971    244.083
      8.782     -5.902     21.722     15.292    132.480    282.571    243.000
      8.783     -5.770     22.004     15.534    132.841    281.186    241.926
      8.784     -5.636     22.285     15.776    133.183    279.814    240.862
      8.785     -5.503     22.564     16.016    133.508    278.456    239.807
      8.786     -5.369     22.842     16.255    133.816    277.111    238.762
      8.787     -5.236     23.118     16.494    134.107    275.779    237.727
      8.788     -5.101     23.393     16.731    134.383    274.460    236.701
      8.789     -4.967     23.667     16.967    134.645    273.154    235.683
      8.790     -4.832     23.939     17.202    134.892    271.861    234.675
      8.791     -4.697     24.211     17.436    135.125    270.581    233.676
      8.792     -4.562     24.481     17.670    135.345    269.313    232.686
      8.793     -4.426     24.749     17.902    135.553    268.057    231.705
      8.794     -4.291     25.017     18.133    135.748    266.813    230.732
      8.795     -4.155     25.283     18.363    135.932    265.581    229.768
      8.796     -4.019     25.548     18.593    136.105    264.361    228.813
      8.797     -3.883     25.812     18.821    136.266    263.153    227.866
      8.798     -3.746     26.074     19.048    136.417    261.955    226.927
      8.799     -3.610     26.336     19.275    136.559    260.770    225.996
      8.800     -3.473     26.596     19.500    136.690    259.595    225.073
      8.801     -3.336     26.855     19.725    136.813    258.431    224.158
      8.802     -3.200     27.113     19.949    136.926    257.278    223.251
      8.803     -3.063     27.369     20.171    137.031    256.135    222.352
      8.804     -2.925     27.625     20.393    137.127    255.003    221.460
      8.805     -2.788     27.879     20.614    137.215    253.881    220.576
      8.806     -2.651     28.133     20.834    137.296    252.770    219.700
      8.807     -2.514     28.385     21.054    137.369    251.668    218.830
      8.808     -2.376     28.636     21.272    137.435    250.576    217.968
      8.809     -2.239     28.886     21.490    137.494    249.494    217.113
      8.810     -2.101     29.135     21.706    137.546    248.422    216.265
      8.811     -1.964     29.383     21.922    137.592    247.359    215.424
      8.812     -1.826     29.630     22.137    137.632    246.305    214.589
      8.813     -1.689     29.876     22.351    137.666    245.260    213.762
      8.814     -1.551     30.120     22.565    137.693    244.224    212.941
      8.815     -1.413     30.364     22.777    137.715    243.198    212.127
      8.816     -1.275     30.607     22.989    137.732    242.180    211.319
      8.817     -1.138     30.848     23.200    137.744    241.170    210.517
      8.818     -1.000     31.089     23.410    137.750    240.169    209.722
      8.819     -0.862     31.329     23.619    137.751    239.177    208.933
      8.820     -0.724     31.567     23.828    137.748    238.192    208.150
      8.821     -0.587     31.805     24.036    137.740    237.216    207.373
      8.822     -0.449     32.042     24.243    137.728    236.248    206.602
      8.823     -0.311     32.278     24.449    137.711    235.287    205.836
      8.824     -0.174     32.512     24.654    137.690    234.335    205.077
      8.825     -0.036     32.746     24.859    137.666    233.390    204.323
      8.826      0.102     32.979     25.063    137.637    232.452    203.575
      8.827      0.239     33.211     25.266    137.604    231.523    202.833
      8.828      0.377     33.442     25.469    137.568    230.600    202.096
      8.829      0.515     33.672     25.670    137.529    229.685    201.364
      8.830      0.652     33.902     25.871    137.486    228.776    200.638
      8.831      0.790     34.130     26.072    137.439    227.875    199.916
      8.832      0.927     34.357     26.271    137.389    226.981    199.201
      8.833      1.064     34.584     26.470    137.337    226.094    198.490
      8.834      1.202     34.810     26.668    137.281    225.213    197.784
      8.835      1.339     35.034     26.866    137.222    224.339    197.083
      8.836      1.476     35.258     27.062    137.161    223.471    196.388
      8.837      1.613     35.481     27.258    137.097    222.610    195.697
      8.838      1.750     35.703     27.454    137.030    221.756    195.010
      8.839      1.887     35.925     27.648    136.960    220.908    194.329
      8.840      2.024     36.145     27.842    136.888    220.065    193.652
      8.841      2.161     36.365     28.036    136.814    219.229    192.980
      8.842      2.298     36.584     28.228    136.737    218.400    192.312
      8.843      2.435     36.802     28.420    136.658    217.576    191.649
      8.844      2.571     37.019     28.612    136.577    216.757    190.991
      8.845      2.708     37.235     28.802    136.493    215.945    190.336
      8.846      2.844     37.451     28.992    136.408    215.139    189.686
      8.847      2.980     37.666     29.182    136.320    214.338    189.041
      8.848      3.117     37.879     29.370    136.231    213.542    188.399
      8.849      3.253     38.093     29.559    136.139    212.753    187.762
      8.850      3.389     38.305     29.746    136.046    211.968    187.128
      8.851      3.525     38.517     29.933    135.951    211.189    186.499
      8.852      3.661     38.727     30.119    135.854    210.415    185.874
      8.853      3.797     38.937     30.305    135.756    209.647    185.253
      8.854      3.932     39.147     30.489    135.656    208.884    184.636
      8.855      4.068     39.355     30.674    135.554    208.125    184.022
      8.856      4.204     39.563     30.858    135.451    207.372    183.413
      8.857      4.339     39.770     31.041    135.346    206.624    182.807
      8.858      4.474     39.976     31.223    135.240    205.881    182.205
      8.859      4.609     40.182     31.405    135.133    205.142    181.606
      8.860      4.745     40.386     31.586    135.024    204.409    181.012
      8.861      4.879     40.590     31.767    134.913    203.680    180.421
      8.862      5.014     40.794     31.947    134.802    202.955    179.833
      8.863      5.149     40.996     32.127    134.689    202.236    179.249
      8.864      5.284     41.198     32.306    134.575    201.521    178.668
      8.865      5.418     41.399     32.484    134.460    200.810    178.091
      8.866      5.553     41.600     32.662    134.343    200.104    177.517
      8.867      5.687     41.800     32.839    134.226    199.402    176.947
      8.868      5.821     41.999     33.016    134.107    198.705    176.380
      8.869      5.955     42.197     33.192    133.988    198.011    175.816
      8.870      6.089     42.395     33.367    133.867    197.323    175.255
      8.871      6.223     42.592     33.542    133.746    196.638    174.698
      8.872      6.357     42.788     33.717    133.623    195.957    174.144
      8.873      6.490     42.984     33.891    133.500    195.281    173.593
      8.874      6.624     43.179     34.064    133.375    194.609    173.045
      8.875      6.757     43.373     34.237    133.250    193.940    172.500
      8.876      6.890     43.566     34.409    133.124    193.276    171.958
      8.877      7.023     43.759     34.581    132.997    192.615    171.419
      8.878      7.156     43.952     34.752    132.869    191.959    170.883
      8.879      7.289     44.143     34.922    132.741    191.306    170.350
      8.880      7.422     44.334     35.093    132.611    190.657    169.820
      8.881      7.554     44.525     35.262    132.481    190.011    169.293
      8.882      7.686     44.714     35.431    132.351    189.370    168.769
      8.883      7.819     44.903     35.600    132.219    188.732    168.247
      8.884      7.951     45.092     35.768    132.087    188.097    167.729
      8.885      8.083     45.280     35.935    131.954    187.467    167.213
      8.886      8.215     45.467     36.102    131.821    186.839    166.699
      8.887      8.347     45.653     36.268    131.687    186.216    166.189
      8.888      8.478     45.839     36.434    131.552    185.595    165.681
      8.889      8.610     46.024     36.600    131.417    184.978    165.175
      8.890      8.741     46.209     36.765    131.282    184.365    164.673
      8.891      8.872     46.393     36.929    131.145    183.755    164.173
      8.892      9.003     46.577     37.093    131.008    183.148    163.675
      8.893      9.134     46.759     37.257    130.871    182.544    163.180
      8.894      9.265     46.942     37.419    130.733    181.944    162.688
      8.895      9.396     47.123     37.582    130.595    181.347    162.198
      8.896      9.526     47.304     37.744    130.456    180.753    161.710
      8.897      9.657     47.485     37.905    130.317    180.162    161.225
      8.898      9.787     47.665     38.066    130.178    179.575    160.742
      8.899      9.917     47.844     38.227    130.038    178.990    160.262
      8.900     10.047     48.023     38.387    129.897    178.408    159.784
      8.901     10.177     48.201     38.546    129.756    177.830    159.308
      8.902     10.306     48.378     38.705    129.615    177.254    158.835
      8.903     10.436     48.555     38.864    129.473    176.682    158.364
      8.904     10.565     48.732     39.022    129.332    176.112    157.895
      8.905     10.695     48.908     39.180    129.189    175.545    157.428
      8.906     10.824     49.083     39.337    129.047    174.981    156.964
      8.907     10.953     49.258     39.494    128.904    174.420    156.502
      8.908     11.082     49.432     39.650    128.760    173.862    156.042
      8.909     11.210     49.605     39.806    128.617    173.306    155.584
      8.910     11.339     49.778     39.961    128.473    172.754    155.128
      8.911     11.467     49.951     40.116    128.329    172.204    154.675
      8.912     11.595     50.123     40.271    128.184    171.656    154.223
      8.913     11.724     50.294     40.425    128.040    171.112    153.774
      8.914     11.852     50.465     40.578    127.895    170.570    153.327
      8.915     11.979     50.635     40.731    127.750    170.030    152.881
      8.916     12.107     50.805     40.884    127.604    169.494    152.438
      8.917     12.235     50.974     41.036    127.459    168.959    151.997
      8.918     12.362     51.143     41.188    127.313    168.428    151.557
      8.919     12.489     51.311     41.339    127.167    167.898    151.120
      8.920     12.616     51.479     41.490    127.020    167.372    150.685
      8.921     12.743     51.646     41.641    126.874    166.848    150.251
      8.922     12.870     51.812     41.791    126.727    166.326    149.820
      8.923     12.997     51.978     41.940    126.580    165.807    149.390
      8.924     13.123     52.144     42.089    126.433    165.290    148.962
      8.925     13.250     52.309     42.238    126.286    164.775    148.536
      8.926     13.376     52.474     42.386    126.139    164.263    148.112
      8.927     13.502     52.638     42.534    125.991    163.753    147.690
      8.928     13.628     52.801     42.682    125.844    163.246    147.270
      8.929     13.754     52.964     42.829    125.696    162.740    146.851
      8.930     13.879     53.127     42.976    125.548    162.237    146.434
      8.931     14.005     53.289     43.122    125.400    161.737    146.019
      8.932     14.130     53.450     43.268    125.252    161.238    145.606
      8.933     14.255     53.611     43.413    125.104    160.742    145.194
      8.934     14.380     53.772     43.558    124.955    160.248    144.784
      8.935     14.505     53.932     43.703    124.807    159.756    144.376
      8.936     14.630     54.091     43.847    124.658    159.266    143.970
      8.937     14.754     54.250     43.991    124.509    158.779    143.565
      8.938     14.879     54.409     44.134    124.361    158.293    143.162
      8.939     15.003     54.567     44.277    124.212    157.810    142.760
      8.940     15.127     54.724     44.419    124.063    157.329    142.360
      8.941     15.251     54.881     44.562    123.914    156.849    141.962
      8.942     15.375     55.038     44.703    123.765    156.372    141.565
      8.943     15.499     55.194     44.845    123.616    155.897    141.170
      8.944     15.622     55.350     44.986    123.466    155.424    140.776
      8.945     15.746     55.505     45.126    123.317    154.953    140.384
      8.946     15.869     55.660     45.266    123.168    154.483    139.994
      8.947     15.992     55.814     45.406    123.018    154.016    139.605
      8.948     16.115     55.968     45.546    122.869    153.551    139.218
      8.949     16.238     56.121     45.685    122.720    153.087    138.832
      8.950     16.360     56.274     45.823    122.570    152.626    138.448
      8.951     16.483     56.426     45.962    122.421    152.166    138.065
      8.952     16.605     56.578     46.099    122.271    151.709    137.683
      8.953     16.727     56.730     46.237    122.121    151.253    137.303
      8.954     16.849     56.881     46.374    121.972    150.799    136.925
      8.955     16.971     57.031     46.511    121.822    150.347    136.548
      8.956     17.093     57.181     46.647    121.673    149.896    136.172
      8.957     17.215     57.331     46.783    121.523    149.448    135.798
      8.958     17.336     57.480     46.919    121.373    149.001    135.425
      8.959     17.457     57.629     47.054    121.224    148.556    135.054
      8.960     17.579     57.777     47.189    121.074    148.113    134.684
      8.961     17.700     57.925     47.323    120.924    147.671    134.315
      8.962     17.820     58.073     47.457    120.775    147.231    133.948
      8.963     17.941     58.220     47.591    120.625    146.793    133.582
      8.964     18.062     58.366     47.725    120.475    146.357    133.217
      8.965     18.182     58.512     47.858    120.326    145.922    132.854
      8.966     18.302     58.658     47.990    120.176    145.489    132.492
      8.967     18.422     58.803     48.123    120.026    145.058    132.131
      8.968     18.542     58.948     48.255    119.877    144.628    131.772
      8.969     18.662     59.093     48.386    119.727    144.200    131.414
      8.970     18.782     59.237     48.517    119.578    143.773    131.057
      8.971     18.901     59.380     48.648    119.428    143.348    130.701
      8.972     19.021     59.523     48.779    119.279    142.925    130.347
      8.973     19.140     59.666     48.909    119.129    142.503    129.994
      8.974     19.259     59.808     49.039    118.980    142.083    129.642
      8.975     19.378     59.950     49.168    118.830    141.665    129.292
      8.976     19.497     60.092     49.297    118.681    141.248    128.942
      8.977     19.615     60.233     49.426    118.531    140.832    128.594
      8.978     19.734     60.373     49.555    118.382    140.418    128.247
      8.979     19.852     60.514     49.683    118.233    140.006    127.902
      8.980     19.970     60.653     49.810    118.084    139.595    127.557
      8.981     20.088     60.793     49.938    117.934    139.185    127.214
      8.982     20.206     60.932     50.065    117.785    138.777    126.871
      8.983     20.324     61.070     50.192    117.636    138.370    126.530
      8.984     20.441     61.208     50.318    117.487    137.965    126.190
      8.985     20.559     61.346     50.444    117.338    137.562    125.852
      8.986     20.676     61.484     50.570    117.189    137.159    125.514
      8.987     20.793     61.621     50.695    117.040    136.759    125.177
      8.988     20.910     61.757     50.820    116.892    136.359    124.842
      8.989     21.027     61.893     50.945    116.743    135.961    124.508
      8.990     21.144     62.029     51.069    116.594    135.564    124.175
      8.991     21.260     62.164     51.193    116.445    135.169    123.842
      8.992     21.376     62.299     51.317    116.297    134.775    123.511
      8.993     21.493     62.434     51.440    116.148    134.383    123.182
      8.994     21.609     62.568     51.563    116.000    133.991    122.853
      8.995     21.725     62.702     51.686    115.851    133.602    122.525
      8.996     21.840     62.835     51.808    115.703    133.213    122.198
      8.997     21.956     62.968     51.930    115.555    132.826    121.872
      8.998     22.072     63.101     52.052    115.407    132.440    121.548
      8.999     22.187     63.233     52.173    115.258    132.055    121.224
      9.000     22.302     63.365     52.294    115.110    131.672    120.901
      9.001     22.417     63.497     52.415    114.962    131.290    120.580
      9.002     22.532     63.628     52.535    114.814    130.909    120.259
      9.003     22.647     63.758     52.656    114.667    130.530    119.940
      9.004     22.761     63.889     52.775    114.519    130.151    119.621
      9.005     22.876     64.019     52.895    114.371    129.774    119.303
      9.006     22.990     64.148     53.014    114.224    129.399    118.987
      9.007     23.104     64.278     53.133    114.076    129.024    118.671
      9.008     23.218     64.406     53.251    113.928    128.651    118.356
      9.009     23.332     64.535     53.369    113.781    128.279    118.043
      9.010     23.446     64.663     53.487    113.634    127.908    117.730
      9.011     23.559     64.791     53.605    113.487    127.538    117.418
      9.012     23.673     64.918     53.722    113.339    127.169    117.107
      9.013     23.786     65.045     53.839    113.192    126.802    116.797
      9.014     23.899     65.172     53.956    113.045    126.436    116.488
      9.015     24.012     65.298     54.072    112.898    126.071    116.180
      9.016     24.125     65.424     54.188    112.752    125.707    115.873
      9.017     24.238     65.549     54.304    112.605    125.344    115.567
      9.018     24.350     65.674     54.419    112.458    124.982    115.261
      9.019     24.463     65.799     54.534    112.312    124.622    114.957
      9.020     24.575     65.924     54.649    112.165    124.262    114.653
      9.021     24.687     66.048     54.764    112.019    123.904    114.350
      9.022     24.799     66.171     54.878    111.872    123.547    114.049
      9.023     24.911     66.295     54.992    111.726    123.191    113.748
      9.024     25.022     66.418     55.105    111.580    122.836    113.448
      9.025     25.134     66.541     55.219    111.434    122.482    113.148
      9.026     25.245     66.663     55.332    111.288    122.129    112.850
      9.027     25.356     66.785     55.444    111.142    121.778    112.553
      9.028     25.467     66.906     55.557    110.996    121.427    112.256
      9.029     25.578     67.028     55.669    110.851    121.077    111.960
      9.030     25.689     67.149     55.781    110.705    120.729    111.665
      9.031     25.800     67.269     55.892    110.559    120.381    111.371
      9.032     25.910     67.389     56.003    110.414    120.035    111.078
      9.033     26.021     67.509     56.114    110.269    119.689    110.785
      9.034     26.131     67.629     56.225    110.123    119.345    110.493
      9.035     26.241     67.748     56.335    109.978    119.001    110.203
      9.036     26.351     67.867     56.445    109.833    118.659    109.912
      9.037     26.461     67.985     56.555    109.688    118.317    109.623
      9.038     26.570     68.103     56.665    109.543    117.977    109.335
      9.039     26.680     68.221     56.774    109.398    117.637    109.047
      9.040     26.789     68.339     56.883    109.254    117.299    108.760
      9.041     26.898     68.456     56.991    109.109    116.961    108.474
      9.042     27.007     68.572     57.100    108.965    116.625    108.189
      9.043     27.116     68.689     57.208    108.820    116.289    107.904
      9.044     27.225     68.805     57.316    108.676    115.955    107.620
      9.045     27.333     68.921     57.423    108.532    115.621    107.337
      9.046     27.442     69.036     57.530    108.388    115.288    107.055
      9.047     27.550     69.151     57.637    108.244    114.956    106.773
      9.048     27.658     69.266     57.744    108.100    114.626    106.492
      9.049     27.766     69.381     57.850    107.956    114.296    106.212
      9.050     27.874     69.495     57.956    107.812    113.967    105.933
      9.051     27.982     69.609     58.062    107.668    113.639    105.654
      9.052     28.090     69.722     58.167    107.525    113.311    105.377
      9.053     28.197     69.835     58.273    107.381    112.985    105.099
      9.054     28.304     69.948     58.378    107.238    112.660    104.823
      9.055     28.412     70.061     58.482    107.095    112.335    104.547
      9.056     28.519     70.173     58.587    106.952    112.012    104.272
      9.057     28.625     70.285     58.691    106.808    111.689    103.998
      9.058     28.732     70.396     58.795    106.665    111.367    103.724
      9.059     28.839     70.507     58.898    106.523    111.046    103.451
      9.060     28.945     70.618     59.002    106.380    110.726    103.179
      9.061     29.052     70.729     59.105    106.237    110.407    102.908
      9.062     29.158     70.839     59.207    106.094    110.088    102.637
      9.063     29.264     70.949     59.310    105.952    109.771    102.367
      9.064     29.370     71.059     59.412    105.810    109.454    102.097
      9.065     29.475     71.168     59.514    105.667    109.138    101.828
      9.066     29.581     71.277     59.616    105.525    108.823    101.560
      9.067     29.686     71.386     59.717    105.383    108.509    101.293
      9.068     29.792     71.494     59.818    105.241    108.195    101.026
      9.069     29.897     71.602     59.919    105.099    107.883    100.760
      9.070     30.002     71.710     60.020    104.957    107.571    100.494
      9.071     30.107     71.817     60.120    104.815    107.260    100.229
      9.072     30.212     71.924     60.220    104.674    106.950     99.965
      9.073     30.316     72.031     60.320    104.532    106.641     99.701
      9.074     30.421     72.137     60.420    104.391    106.332     99.438
      9.075     30.525     72.244     60.519    104.249    106.024     99.176
      9.076     30.629     72.349     60.618    104.108    105.717     98.914
      9.077     30.733     72.455     60.717    103.967    105.411     98.653
      9.078     30.837     72.560     60.815    103.826    105.106     98.393
      9.079     30.941     72.665     60.914    103.685    104.801     98.133
      9.080     31.044     72.770     61.012    103.544    104.497     97.874
      9.081     31.148     72.874     61.110    103.403    104.194     97.615
      9.082     31.251     72.978     61.207    103.263    103.892     97.357
      9.083     31.354     73.082     61.304    103.122    103.590     97.100
      9.084     31.457     73.185     61.401    102.982    103.289     96.843
      9.085     31.560     73.289     61.498    102.841    102.989     96.587
      9.086     31.663     73.391     61.594    102.701    102.690     96.331
      9.087     31.766     73.494     61.691    102.561    102.391     96.076
      9.088     31.868     73.596     61.787    102.421    102.093     95.822
      9.089     31.971     73.698     61.882    102.281    101.796     95.568
      9.090     32.073     73.800     61.978    102.141    101.499     95.315
      9.091     32.175     73.901     62.073    102.001    101.204     95.062
      9.092     32.277     74.002     62.168    101.861    100.909     94.810
      9.093     32.379     74.103     62.262    101.721    100.614     94.558
      9.094     32.480     74.203     62.357    101.582    100.321     94.307
      9.095     32.582     74.304     62.451    101.443    100.028     94.057
      9.096     32.683     74.404     62.545    101.303     99.736     93.807
      9.097     32.784     74.503     62.639    101.164     99.444     93.558
      9.098     32.885     74.602     62.732    101.025     99.153     93.309
      9.099     32.986     74.701     62.825    100.886     98.863     93.061
      9.100     33.087     74.800     62.918    100.747     98.574     92.813
      9.101     33.188     74.899     63.011    100.608     98.285     92.566
      9.102     33.288     74.997     63.103    100.469     97.997     92.320
      9.103     33.389     75.095     63.196    100.330     97.709     92.074
      9.104     33.489     75.192     63.288    100.192     97.423     91.828
      9.105     33.589     75.289     63.379    100.053     97.137     91.583
      9.106     33.689     75.386     63.471     99.915     96.851     91.339
      9.107     33.789     75.483     63.562     99.776     96.566     91.095
      9.108     33.889     75.580     63.653     99.638     96.282     90.852
      9.109     33.988     75.676     63.744     99.500     95.999     90.609
      9.110     34.088     75.772     63.834     99.362     95.716     90.367
      9.111     34.187     75.867     63.924     99.224     95.434     90.125
      9.112     34.286     75.962     64.014     99.086     95.152     89.884
      9.113     34.385     76.057     64.104     98.948     94.871     89.643
      9.114     34.484     76.152     64.194     98.811     94.591     89.403
      9.115     34.583     76.247     64.283     98.673     94.311     89.163
      9.116     34.681     76.341     64.372     98.536     94.032     88.924
      9.117     34.780     76.435     64.461     98.398     93.754     88.685
      9.118     34.878     76.528     64.549     98.261     93.476     88.447
      9.119     34.976     76.622     64.638     98.124     93.199     88.209
      9.120     35.074     76.715     64.726     97.986     92.923     87.972
      9.121     35.172     76.807     64.814     97.849     92.647     87.735
      9.122     35.270     76.900     64.901     97.712     92.371     87.499
      9.123     35.368     76.992     64.989     97.575     92.097     87.263
      9.124     35.465     77.084     65.076     97.439     91.822     87.028
      9.125     35.563     77.176     65.163     97.302     91.549     86.793
      9.126     35.660     77.267     65.249     97.165     91.276     86.559
      9.127     35.757     77.358     65.336     97.029     91.004     86.325
      9.128     35.854     77.449     65.422     96.892     90.732     86.091
      9.129     35.951     77.540     65.508     96.756     90.461     85.859
      9.130     36.048     77.630     65.594     96.620     90.190     85.626
      9.131     36.144     77.720     65.679     96.484     89.920     85.394
      9.132     36.240     77.810     65.764     96.347     89.651     85.163
      9.133     36.337     77.900     65.850     96.211     89.382     84.932
      9.134     36.433     77.989     65.934     96.075     89.113     84.701
      9.135     36.529     78.078     66.019     95.940     88.846     84.471
      9.136     36.625     78.166     66.103     95.804     88.579     84.241
      9.137     36.721     78.255     66.187     95.668     88.312     84.012
      9.138     36.816     78.343     66.271     95.533     88.046     83.783
      9.139     36.912     78.431     66.355     95.397     87.780     83.555
      9.140     37.007     78.519     66.438     95.262     87.515     83.327
      9.141     37.102     78.606     66.522     95.126     87.251     83.099
      9.142     37.197     78.693     66.605     94.991     86.987     82.872
      9.143     37.292     78.780     66.687     94.856     86.724     82.646
      9.144     37.387     78.867     66.770     94.721     86.461     82.420
      9.145     37.482     78.953     66.852     94.586     86.199     82.194
      9.146     37.576     79.039     66.934     94.451     85.937     81.969
      9.147     37.670     79.125     67.016     94.316     85.676     81.744
      9.148     37.765     79.210     67.098     94.181     85.415     81.519
      9.149     37.859     79.296     67.179     94.047     85.155     81.295
      9.150     37.953     79.381     67.260     93.912     84.896     81.072
      9.151     38.047     79.465     67.341     93.778     84.637     80.849
      9.152     38.140     79.550     67.422     93.643     84.378     80.626
      9.153     38.234     79.634     67.503     93.509     84.120     80.403
      9.154     38.327     79.718     67.583     93.374     83.862     80.181
      9.155     38.421     79.802     67.663     93.240     83.605     79.960
      9.156     38.514     79.885     67.743     93.106     83.349     79.739
      9.157     38.607     79.969     67.822     92.972     83.093     79.518
      9.158     38.700     80.052     67.902     92.838     82.837     79.298
      9.159     38.793     80.134     67.981     92.704     82.582     79.078
      9.160     38.885     80.217     68.060     92.571     82.328     78.859
      9.161     38.978     80.299     68.139     92.437     82.074     78.639
      9.162     39.070     80.381     68.217     92.303     81.820     78.421
      9.163     39.162     80.463     68.296     92.170     81.567     78.202
      9.164     39.254     80.544     68.374     92.036     81.315     77.985
      9.165     39.346     80.625     68.452     91.903     81.063     77.767
      9.166     39.438     80.706     68.529     91.769     80.811     77.550
      9.167     39.530     80.787     68.607     91.636     80.560     77.333
      9.168     39.621     80.867     68.684     91.503     80.309     77.117
      9.169     39.713     80.947     68.761     91.370     80.059     76.901
      9.170     39.804     81.027     68.838     91.237     79.810     76.685
      9.171     39.895     81.107     68.914     91.104     79.560     76.470
      9.172     39.986     81.187     68.991     90.971     79.312     76.255
      9.173     40.077     81.266     69.067     90.838     79.063     76.041
      9.174     40.168     81.345     69.143     90.706     78.816     75.827
      9.175     40.259     81.423     69.218     90.573     78.568     75.613
      9.176     40.349     81.502     69.294     90.440     78.321     75.400
      9.177     40.440     81.580     69.369     90.308     78.075     75.187
      9.178     40.530     81.658     69.444     90.175     77.829     74.974
      9.179     40.620     81.736     69.519     90.043     77.584     74.762
      9.180     40.710     81.813     69.594     89.911     77.338     74.550
      9.181     40.800     81.890     69.668     89.779     77.094     74.339
      9.182     40.889     81.967     69.743     89.646     76.850     74.127
      9.183     40.979     82.044     69.817     89.514     76.606     73.917
      9.184     41.069     82.121     69.890     89.382     76.363     73.706
      9.185     41.158     82.197     69.964     89.250     76.120     73.496
      9.186     41.247     82.273     70.037     89.119     75.878     73.286
      9.187     41.336     82.348     70.111     88.987     75.636     73.077
      9.188     41.425     82.424     70.184     88.855     75.394     72.868
      9.189     41.514     82.499     70.256     88.723     75.153     72.659
      9.190     41.602     82.574     70.329     88.592     74.912     72.451
      9.191     41.691     82.649     70.401     88.460     74.672     72.243
      9.192     41.779     82.724     70.473     88.329     74.432     72.036
      9.193     41.868     82.798     70.545     88.198     74.193     71.828
      9.194     41.956     82.872     70.617     88.066     73.954     71.621
      9.195     42.044     82.946     70.688     87.935     73.715     71.415
      9.196     42.132     83.019     70.760     87.804     73.477     71.208
      9.197     42.219     83.093     70.831     87.673     73.240     71.002
      9.198     42.307     83.166     70.902     87.542     73.002     70.797
      9.199     42.394     83.239     70.972     87.411     72.765     70.592
      9.200     42.482     83.311     71.043     87.280     72.529     70.387
      9.201     42.569     83.384     71.113     87.149     72.293     70.182
      9.202     42.656     83.456     71.183     87.018     72.057     69.978
      9.203     42.743     83.528     71.253     86.888     71.822     69.774
      9.204     42.830     83.600     71.323     86.757     71.587     69.570
      9.205     42.917     83.671     71.392     86.627     71.353     69.367
      9.206     43.003     83.742     71.462     86.496     71.119     69.164
      9.207     43.090     83.813     71.531     86.366     70.885     68.961
      9.208     43.176     83.884     71.600     86.235     70.652     68.759
      9.209     43.262     83.955     71.668     86.105     70.419     68.557
      9.210     43.348     84.025     71.737     85.975     70.186     68.355
      9.211     43.434     84.095     71.805     85.845     69.954     68.154
      9.212     43.520     84.165     71.873     85.715     69.723     67.953
      9.213     43.605     84.235     71.941     85.584     69.491     67.752
      9.214     43.691     84.304     72.008     85.454     69.260     67.551
      9.215     43.776     84.373     72.076     85.325     69.030     67.351
      9.216     43.862     84.442     72.143     85.195     68.800     67.151
      9.217     43.947     84.511     72.210     85.065     68.570     66.952
      9.218     44.032     84.579     72.277     84.935     68.340     66.753
      9.219     44.117     84.647     72.344     84.806     68.111     66.554
      9.220     44.201     84.715     72.410     84.676     67.883     66.355
      9.221     44.286     84.783     72.476     84.546     67.655     66.157
      9.222     44.370     84.851     72.543     84.417     67.427     65.959
      9.223     44.455     84.918     72.608     84.287     67.199     65.761
      9.224     44.539     84.985     72.674     84.158     66.972     65.563
      9.225     44.623     85.052     72.739     84.029     66.745     65.366
      9.226     44.707     85.119     72.805     83.899     66.519     65.169
      9.227     44.791     85.185     72.870     83.770     66.293     64.973
      9.228     44.875     85.251     72.935     83.641     66.067     64.777
      9.229     44.958     85.317     72.999     83.512     65.842     64.581
      9.230     45.042     85.383     73.064     83.383     65.617     64.385
      9.231     45.125     85.448     73.128     83.254     65.392     64.190
      9.232     45.208     85.514     73.192     83.125     65.168     63.994
      9.233     45.291     85.579     73.256     82.996     64.944     63.800
      9.234     45.374     85.643     73.320     82.868     64.720     63.605
      9.235     45.457     85.708     73.383     82.739     64.497     63.411
      9.236     45.540     85.772     73.447     82.610     64.274     63.217
      9.237     45.622     85.837     73.510     82.482     64.051     63.023
      9.238     45.705     85.901     73.573     82.353     63.829     62.830
      9.239     45.787     85.964     73.635     82.224     63.607     62.636
      9.240     45.869     86.028     73.698     82.096     63.386     62.444
      9.241     45.951     86.091     73.760     81.968     63.165     62.251
      9.242     46.033     86.154     73.822     81.839     62.944     62.059
      9.243     46.115     86.217     73.884     81.711     62.723     61.867
      9.244     46.196     86.280     73.946     81.583     62.503     61.675
      9.245     46.278     86.342     74.008     81.455     62.283     61.483
      9.246     46.359     86.404     74.069     81.326     62.064     61.292
      9.247     46.441     86.466     74.130     81.198     61.845     61.101
      9.248     46.522     86.528     74.191     81.070     61.626     60.910
      9.249     46.603     86.589     74.252     80.942     61.407     60.720
      9.250     46.684     86.651     74.313     80.814     61.189     60.530
      9.251     46.764     86.712     74.373     80.686     60.971     60.340
      9.252     46.845     86.773     74.434     80.559     60.754     60.150
      9.253     46.925     86.833     74.494     80.431     60.537     59.961
      9.254     47.006     86.894     74.553     80.303     60.320     59.771
      9.255     47.086     86.954     74.613     80.175     60.103     59.583
      9.256     47.166     87.014     74.673     80.048     59.887     59.394
      9.257     47.246     87.074     74.732     79.920     59.671     59.206
      9.258     47.326     87.133     74.791     79.793     59.455     59.017
      9.259     47.406     87.193     74.850     79.665     59.240     58.830
      9.260     47.485     87.252     74.909     79.538     59.025     58.642
      9.261     47.565     87.311     74.967     79.410     58.811     58.455
      9.262     47.644     87.369     75.026     79.283     58.596     58.267
      9.263     47.723     87.428     75.084     79.156     58.382     58.081
      9.264     47.802     87.486     75.142     79.029     58.168     57.894
      9.265     47.881     87.544     75.200     78.901     57.955     57.708
      9.266     47.960     87.602     75.257     78.774     57.742     57.522
      9.267     48.039     87.660     75.315     78.647     57.529     57.336
      9.268     48.118     87.717     75.372     78.520     57.317     57.150
      9.269     48.196     87.774     75.429     78.393     57.104     56.965
      9.270     48.274     87.831     75.486     78.266     56.893     56.779
      9.271     48.353     87.888     75.542     78.139     56.681     56.595
      9.272     48.431     87.945     75.599     78.012     56.470     56.410
      9.273     48.509     88.001     75.655     77.885     56.259     56.225
      9.274     48.586     88.057     75.711     77.759     56.048     56.041
      9.275     48.664     88.113     75.767     77.632     55.837     55.857
      9.276     48.742     88.169     75.823     77.505     55.627     55.674
      9.277     48.819     88.224     75.879     77.379     55.417     55.490
      9.278     48.896     88.280     75.934     77.252     55.208     55.307
      9.279     48.974     88.335     75.989     77.125     54.999     55.124
      9.280     49.051     88.390     76.044     76.999     54.790     54.941
      9.281     49.128     88.444     76.099     76.872     54.581     54.758
      9.282     49.204     88.499     76.154     76.746     54.373     54.576
      9.283     49.281     88.553     76.208     76.620     54.165     54.394
      9.284     49.358     88.607     76.263     76.493     53.957     54.212
      9.285     49.434     88.661     76.317     76.367     53.749     54.030
      9.286     49.510     88.715     76.371     76.241     53.542     53.849
      9.287     49.587     88.768     76.424     76.114     53.335     53.668
      9.288     49.663     88.821     76.478     75.988     53.128     53.487
      9.289     49.739     88.874     76.531     75.862     52.922     53.306
      9.290     49.814     88.927     76.585     75.736     52.716     53.126
      9.291     49.890     88.980     76.638     75.610     52.510     52.945
      9.292     49.966     89.032     76.691     75.484     52.304     52.765
      9.293     50.041     89.084     76.743     75.358     52.099     52.585
      9.294     50.116     89.136     76.796     75.232     51.894     52.406
      9.295     50.191     89.188     76.848     75.106     51.689     52.226
      9.296     50.266     89.240     76.900     74.980     51.484     52.047
      9.297     50.341     89.291     76.952     74.854     51.280     51.868
      9.298     50.416     89.342     77.004     74.728     51.076     51.689
      9.299     50.491     89.393     77.055     74.603     50.873     51.511
      9.300     50.565     89.444     77.107     74.477     50.669     51.332
      9.301     50.640     89.495     77.158     74.351     50.466     51.154
      9.302     50.714     89.545     77.209     74.226     50.263     50.976
      9.303     50.788     89.595     77.260     74.100     50.060     50.798
      9.304     50.862     89.645     77.311     73.974     49.858     50.621
      9.305     50.936     89.695     77.361     73.849     49.656     50.444
      9.306     51.010     89.744     77.412     73.723     49.454     50.267
      9.307     51.084     89.794     77.462     73.598     49.252     50.090
      9.308     51.157     89.843     77.512     73.472     49.051     49.913
      9.309     51.231     89.892     77.562     73.347     48.850     49.736
      9.310     51.304     89.941     77.611     73.221     48.649     49.560
      9.311     51.377     89.989     77.661     73.096     48.448     49.384
      9.312     51.450     90.038     77.710     72.971     48.248     49.208
      9.313     51.523     90.086     77.759     72.846     48.048     49.033
      9.314     51.596     90.134     77.808     72.720     47.848     48.857
      9.315     51.668     90.181     77.857     72.595     47.649     48.682
      9.316     51.741     90.229     77.906     72.470     47.449     48.507
      9.317     51.813     90.276     77.954     72.345     47.250     48.332
      9.318     51.886     90.323     78.002     72.220     47.051     48.157
      9.319     51.958     90.370     78.050     72.094     46.853     47.983
      9.320     52.030     90.417     78.098     71.969     46.654     47.808
      9.321     52.102     90.464     78.146     71.844     46.456     47.634
      9.322     52.174     90.510     78.193     71.719     46.258     47.460
      9.323     52.245     90.556     78.241     71.594     46.061     47.287
      9.324     52.317     90.602     78.288     71.469     45.863     47.113
      9.325     52.388     90.648     78.335     71.344     45.666     46.940
      9.326     52.459     90.693     78.382     71.220     45.469     46.767
      9.327     52.531     90.739     78.429     71.095     45.273     46.594
      9.328     52.602     90.784     78.475     70.970     45.076     46.421
      9.329     52.672     90.829     78.521     70.845     44.880     46.249
      9.330     52.743     90.874     78.568     70.720     44.684     46.076
      9.331     52.814     90.918     78.614     70.596     44.489     45.904
      9.332     52.884     90.963     78.659     70.471     44.293     45.732
      9.333     52.955     91.007     78.705     70.346     44.098     45.560
      9.334     53.025     91.051     78.751     70.221     43.903     45.389
      9.335     53.095     91.095     78.796     70.097     43.708     45.217
      9.336     53.165     91.138     78.841     69.972     43.513     45.046
      9.337     53.235     91.182     78.886     69.848     43.319     44.875
      9.338     53.305     91.225     78.931     69.723     43.125     44.704
      9.339     53.375     91.268     78.975     69.598     42.931     44.533
      9.340     53.444     91.311     79.020     69.474     42.738     44.363
      9.341     53.514     91.354     79.064     69.349     42.544     44.192
      9.342     53.583     91.396     79.108     69.225     42.351     44.022
      9.343     53.652     91.438     79.152     69.100     42.158     43.852
      9.344     53.721     91.480     79.196     68.976     41.965     43.682
      9.345     53.790     91.522     79.239     68.852     41.773     43.513
      9.346     53.859     91.564     79.283     68.727     41.580     43.343
      9.347     53.927     91.605     79.326     68.603     41.388     43.174
      9.348     53.996     91.647     79.369     68.479     41.197     43.005
      9.349     54.064     91.688     79.412     68.354     41.005     42.836
      9.350     54.133     91.729     79.455     68.230     40.813     42.667
      9.351     54.201     91.769     79.498     68.106     40.622     42.499
      9.352     54.269     91.810     79.540     67.981     40.431     42.330
      9.353     54.337     91.850     79.582     67.857     40.241     42.162
      9.354     54.405     91.890     79.624     67.733     40.050     41.994
      9.355     54.472     91.930     79.666     67.609     39.860     41.826
      9.356     54.540     91.970     79.708     67.485     39.670     41.658
      9.357     54.607     92.010     79.749     67.360     39.480     41.491
      9.358     54.675     92.049     79.791     67.236     39.290     41.323
      9.359     54.742     92.088     79.832     67.112     39.100     41.156
      9.360     54.809     92.127     79.873     66.988     38.911     40.989
      9.361     54.876     92.166     79.914     66.864     38.722     40.822
      9.362     54.943     92.205     79.955     66.740     38.533     40.656
      9.363     55.009     92.243     79.995     66.616     38.345     40.489
      9.364     55.076     92.281     80.036     66.492     38.156     40.323
      9.365     55.142     92.319     80.076     66.368     37.968     40.156
      9.366     55.209     92.357     80.116     66.244     37.780     39.990
      9.367     55.275     92.395     80.156     66.120     37.592     39.824
      9.368     55.341     92.432     80.196     65.996     37.404     39.659
      9.369     55.407     92.470     80.235     65.872     37.217     39.493
      9.370     55.473     92.507     80.275     65.748     37.030     39.328
      9.371     55.538     92.544     80.314     65.624     36.843     39.162
      9.372     55.604     92.581     80.353     65.500     36.656     38.997
      9.373     55.669     92.617     80.392     65.376     36.469     38.832
      9.374     55.735     92.654     80.431     65.253     36.283     38.668
      9.375     55.800     92.690     80.469     65.129     36.097     38.503
      9.376     55.865     92.726     80.508     65.005     35.911     38.339
      9.377     55.930     92.762     80.546     64.881     35.725     38.174
      9.378     55.995     92.797     80.584     64.757     35.539     38.010
      9.379     56.059     92.833     80.622     64.634     35.354     37.846
      9.380     56.124     92.868     80.660     64.510     35.169     37.682
      9.381     56.188     92.903     80.697     64.386     34.984     37.519
      9.382     56.253     92.938     80.735     64.262     34.799     37.355
      9.383     56.317     92.973     80.772     64.138     34.614     37.192
      9.384     56.381     93.007     80.809     64.015     34.430     37.028
      9.385     56.445     93.041     80.846     63.891     34.246     36.865
      9.386     56.509     93.076     80.883     63.767     34.062     36.702
      9.387     56.572     93.110     80.920     63.644     33.878     36.540
      9.388     56.636     93.143     80.956     63.520     33.694     36.377
      9.389     56.699     93.177     80.992     63.396     33.511     36.214
      9.390     56.763     93.210     81.028     63.273     33.327     36.052
      9.391     56.826     93.244     81.064     63.149     33.144     35.890
      9.392     56.889     93.277     81.100     63.025     32.961     35.728
      9.393     56.952     93.310     81.136     62.902     32.779     35.566
      9.394     57.015     93.342     81.171     62.778     32.596     35.404
      9.395     57.078     93.375     81.207     62.654     32.414     35.243
      9.396     57.140     93.407     81.242     62.531     32.231     35.081
      9.397     57.203     93.439     81.277     62.407     32.050     34.920
      9.398     57.265     93.471     81.312     62.284     31.868     34.759
      9.399     57.327     93.503     81.346     62.160     31.686     34.598
      9.400     57.389     93.534     81.381     62.036     31.505     34.437
      9.401     57.451     93.566     81.415     61.913     31.323     34.276
      9.402     57.513     93.597     81.449     61.789     31.142     34.116
      9.403     57.575     93.628     81.483     61.666     30.961     33.955
      9.404     57.636     93.659     81.517     61.542     30.781     33.795
      9.405     57.698     93.690     81.551     61.419     30.600     33.635
      9.406     57.759     93.720     81.585     61.295     30.420     33.475
      9.407     57.820     93.751     81.618     61.171     30.240     33.315
      9.408     57.882     93.781     81.651     61.048     30.060     33.155
      9.409     57.943     93.811     81.684     60.924     29.880     32.995
      9.410     58.003     93.841     81.717     60.801     29.700     32.836
      9.411     58.064     93.870     81.750     60.677     29.521     32.677
      9.412     58.125     93.900     81.783     60.554     29.342     32.518
      9.413     58.185     93.929     81.815     60.430     29.162     32.358
      9.414     58.246     93.958     81.847     60.307     28.983     32.200
      9.415     58.306     93.987     81.879     60.183     28.805     32.041
      9.416     58.366     94.015     81.911     60.060     28.626     31.882
      9.417     58.426     94.044     81.943     59.936     28.448     31.724
      9.418     58.486     94.072     81.975     59.813     28.269     31.565
      9.419     58.546     94.101     82.006     59.689     28.091     31.407
      9.420     58.605     94.129     82.038     59.566     27.914     31.249
      9.421     58.665     94.156     82.069     59.442     27.736     31.091
      9.422     58.724     94.184     82.100     59.319     27.558     30.933
      9.423     58.783     94.211     82.131     59.195     27.381     30.775
      9.424     58.843     94.239     82.161     59.072     27.204     30.618
      9.425     58.902     94.266     82.192     58.948     27.027     30.460
      9.426     58.960     94.293     82.222     58.825     26.850     30.303
      9.427     59.019     94.320     82.253     58.701     26.673     30.146
      9.428     59.078     94.346     82.283     58.578     26.496     29.989
      9.429     59.136     94.373     82.313     58.454     26.320     29.832
      9.430     59.195     94.399     82.342     58.331     26.144     29.675
      9.431     59.253     94.425     82.372     58.207     25.968     29.519
      9.432     59.311     94.451     82.401     58.084     25.792     29.362
      9.433     59.369     94.476     82.431     57.960     25.616     29.206
      9.434     59.427     94.502     82.460     57.837     25.441     29.049
      9.435     59.485     94.527     82.489     57.713     25.265     28.893
      9.436     59.543     94.553     82.517     57.590     25.090     28.737
      9.437     59.600     94.578     82.546     57.466     24.915     28.581
      9.438     59.657     94.602     82.575     57.343     24.740     28.425
      9.439     59.715     94.627     82.603     57.219     24.565     28.270
      9.440     59.772     94.651     82.631     57.095     24.391     28.114
      9.441     59.829     94.676     82.659     56.972     24.216     27.959
      9.442     59.886     94.700     82.687     56.848     24.042     27.804
      9.443     59.943     94.724     82.715     56.725     23.868     27.649
      9.444     59.999     94.748     82.742     56.601     23.694     27.493
      9.445     60.056     94.771     82.770     56.478     23.520     27.339
      9.446     60.112     94.795     82.797     56.354     23.347     27.184
      9.447     60.169     94.818     82.824     56.231     23.173     27.029
      9.448     60.225     94.841     82.851     56.107     23.000     26.875
      9.449     60.281     94.864     82.878     55.983     22.827     26.720
      9.450     60.337     94.887     82.905     55.860     22.654     26.566
      9.451     60.392     94.909     82.931     55.736     22.481     26.412
      9.452     60.448     94.932     82.957     55.613     22.308     26.258
      9.453     60.504     94.954     82.984     55.489     22.136     26.104
      9.454     60.559     94.976     83.010     55.365     21.963     25.950
      9.455     60.614     94.998     83.035     55.242     21.791     25.796
      9.456     60.670     95.020     83.061     55.118     21.619     25.643
      9.457     60.725     95.041     83.087     54.994     21.447     25.489
      9.458     60.780     95.062     83.112     54.871     21.276     25.336
      9.459     60.834     95.084     83.137     54.747     21.104     25.183
      9.460     60.889     95.105     83.163     54.623     20.933     25.030
      9.461     60.944     95.125     83.188     54.500     20.761     24.877
      9.462     60.998     95.146     83.212     54.376     20.590     24.724
      9.463     61.052     95.167     83.237     54.252     20.419     24.571
      9.464     61.107     95.187     83.261     54.128     20.248     24.418
      9.465     61.161     95.207     83.286     54.005     20.078     24.266
      9.466     61.215     95.227     83.310     53.881     19.907     24.113
      9.467     61.268     95.247     83.334     53.757     19.737     23.961
      9.468     61.322     95.267     83.358     53.633     19.567     23.809
      9.469     61.376     95.286     83.382     53.510     19.396     23.657
      9.470     61.429     95.305     83.405     53.386     19.227     23.505
      9.471     61.482     95.325     83.429     53.262     19.057     23.353
      9.472     61.536     95.344     83.452     53.138     18.887     23.201
      9.473     61.589     95.362     83.475     53.014     18.718     23.050
      9.474     61.642     95.381     83.498     52.891     18.548     22.898
      9.475     61.695     95.399     83.521     52.767     18.379     22.747
      9.476     61.747     95.418     83.544     52.643     18.210     22.596
      9.477     61.800     95.436     83.566     52.519     18.041     22.445
      9.478     61.852     95.454     83.588     52.395     17.872     22.294
      9.479     61.905     95.472     83.611     52.271     17.704     22.143
      9.480     61.957     95.489     83.633     52.147     17.535     21.992
      9.481     62.009     95.507     83.655     52.023     17.367     21.841
      9.482     62.061     95.524     83.676     51.899     17.199     21.690
      9.483     62.113     95.541     83.698     51.775     17.031     21.540
      9.484     62.164     95.558     83.719     51.651     16.863     21.390
      9.485     62.216     95.575     83.741     51.527     16.695     21.239
      9.486     62.267     95.591     83.762     51.403     16.528     21.089
      9.487     62.319     95.608     83.783     51.279     16.360     20.939
      9.488     62.370     95.624     83.804     51.155     16.193     20.789
      9.489     62.421     95.640     83.825     51.031     16.026     20.639
      9.490     62.472     95.656     83.845     50.907     15.859     20.490
      9.491     62.523     95.672     83.866     50.783     15.692     20.340
      9.492     62.574     95.688     83.886     50.659     15.525     20.191
      9.493     62.624     95.703     83.906     50.534     15.359     20.041
      9.494     62.675     95.718     83.926     50.410     15.192     19.892
      9.495     62.725     95.733     83.946     50.286     15.026     19.743
      9.496     62.775     95.748     83.965     50.162     14.860     19.594
      9.497     62.825     95.763     83.985     50.038     14.694     19.445
      9.498     62.875     95.778     84.004     49.913     14.528     19.296
      9.499     62.925     95.792     84.023     49.789     14.362     19.147
      9.500     62.975     95.806     84.043     49.665     14.197     18.998
      9.501     63.025     95.821     84.061     49.540     14.031     18.850
      9.502     63.074     95.834     84.080     49.416     13.866     18.701
      9.503     63.123     95.848     84.099     49.292     13.701     18.553
      9.504     63.173     95.862     84.117     49.167     13.536     18.405
      9.505     63.222     95.875     84.136     49.043     13.371     18.257
      9.506     63.271     95.889     84.154     48.918     13.206     18.109
      9.507     63.320     95.902     84.172     48.794     13.041     17.961
      9.508     63.368     95.915     84.190     48.669     12.877     17.813
      9.509     63.417     95.928     84.208     48.545     12.713     17.665
      9.510     63.465     95.940     84.225     48.420     12.548     17.518
      9.511     63.514     95.953     84.243     48.296     12.384     17.370
      9.512     63.562     95.965     84.260     48.171     12.220     17.223
      9.513     63.610     95.977     84.277     48.047     12.057     17.075
      9.514     63.658     95.989     84.294     47.922     11.893     16.928
      9.515     63.706     96.001     84.311     47.798     11.729     16.781
      9.516     63.754     96.012     84.328     47.673     11.566     16.634
      9.517     63.801     96.024     84.344     47.548     11.403     16.487
      9.518     63.849     96.035     84.361     47.423     11.240     16.341
      9.519     63.896     96.046     84.377     47.299     11.077     16.194
      9.520     63.943     96.057     84.393     47.174     10.914     16.047
      9.521     63.990     96.068     84.409     47.049     10.751     15.901
      9.522     64.037     96.079     84.425     46.924     10.589     15.754
      9.523     64.084     96.089     84.440     46.800     10.426     15.608
      9.524     64.131     96.100     84.456     46.675     10.264     15.462
      9.525     64.178     96.110     84.471     46.550     10.102     15.316
      9.526     64.224     96.120     84.487     46.425      9.940     15.170
      9.527     64.270     96.130     84.502     46.300      9.778     15.024
      9.528     64.317     96.140     84.517     46.175      9.616     14.878
      9.529     64.363     96.149     84.531     46.050      9.455     14.733
      9.530     64.409     96.158     84.546     45.925      9.293     14.587
      9.531     64.455     96.168     84.561     45.800      9.132     14.442
      9.532     64.500     96.177     84.575     45.675      8.971     14.296
      9.533     64.546     96.186     84.589     45.550      8.810     14.151
      9.534     64.592     96.194     84.603     45.425      8.649     14.006
      9.535     64.637     96.203     84.617     45.299      8.488     13.861
      9.536     64.682     96.211     84.631     45.174      8.327     13.716
      9.537     64.727     96.220     84.645     45.049      8.167     13.571
      9.538     64.772     96.228     84.658     44.924      8.006     13.426
      9.539     64.817     96.236     84.671     44.799      7.846     13.282
      9.540     64.862     96.243     84.685     44.673      7.686     13.137
      9.541     64.906     96.251     84.698     44.548      7.526     12.993
      9.542     64.951     96.258     84.711     44.423      7.366     12.849
      9.543     64.995     96.266     84.723     44.297      7.207     12.704
      9.544     65.040     96.273     84.736     44.172      7.047     12.560
      9.545     65.084     96.280     84.749     44.046      6.888     12.416
      9.546     65.128     96.287     84.761     43.921      6.728     12.272
      9.547     65.171     96.293     84.773     43.795      6.569     12.128
      9.548     65.215     96.300     84.785     43.670      6.410     11.985
      9.549     65.259     96.306     84.797     43.544      6.251     11.841
      9.550     65.302     96.312     84.809     43.419      6.092     11.697
      9.551     65.346     96.318     84.820     43.293      5.934     11.554
      9.552     65.389     96.324     84.832     43.167      5.775     11.411
      9.553     65.432     96.330     84.843     43.042      5.617     11.267
      9.554     65.475     96.335     84.855     42.916      5.459     11.124
      9.555     65.518     96.341     84.866     42.790      5.301     10.981
      9.556     65.561     96.346     84.876     42.665      5.143     10.838
      9.557     65.603     96.351     84.887     42.539      4.985     10.695
      9.558     65.646     96.356     84.898     42.413      4.827     10.553
      9.559     65.688     96.361     84.908     42.287      4.670     10.410
      9.560     65.730     96.365     84.919     42.161      4.512     10.267
      9.561     65.772     96.370     84.929     42.035      4.355     10.125
      9.562     65.814     96.374     84.939     41.909      4.198      9.983
      9.563     65.856     96.378     84.949     41.783      4.041      9.840
      9.564     65.898     96.382     84.959     41.657      3.884      9.698
      9.565     65.939     96.386     84.968     41.531      3.727      9.556
      9.566     65.981     96.389     84.978     41.405      3.570      9.414
      9.567     66.022     96.393     84.987     41.279      3.414      9.272
      9.568     66.063     96.396     84.996     41.153      3.258      9.131
      9.569     66.105     96.399     85.005     41.027      3.101      8.989
      9.570     66.145     96.403     85.014     40.901      2.945      8.847
      9.571     66.186     96.405     85.023     40.775      2.789      8.706
      9.572     66.227     96.408     85.032     40.648      2.634      8.565
      9.573     66.268     96.411     85.040     40.522      2.478      8.423
      9.574     66.308     96.413     85.048     40.396      2.322      8.282
      9.575     66.348     96.415     85.057     40.269      2.167      8.141
      9.576     66.389     96.417     85.065     40.143      2.012      8.000
      9.577     66.429     96.419     85.073     40.017      1.857      7.859
      9.578     66.469     96.421     85.080     39.890      1.702      7.719
      9.579     66.508     96.423     85.088     39.764      1.547      7.578
      9.580     66.548     96.424     85.096     39.637      1.392      7.437
      9.581     66.588     96.426     85.103     39.511      1.237      7.297
      9.582     66.627     96.427     85.110     39.384      1.083      7.157
      9.583     66.667     96.428     85.117     39.258      0.929      7.016
      9.584     66.706     96.429     85.124     39.131      0.774      6.876
      9.585     66.745     96.429     85.131     39.004      0.620      6.736
      9.586     66.784     96.430     85.138     38.878      0.467      6.596
      9.587     66.823     96.430     85.144     38.751      0.313      6.456
      9.588     66.861     96.430     85.151     38.624      0.159      6.317
      9.589     66.900     96.430     85.157     38.498      0.006      6.177
      9.590     66.938     96.430     85.163     38.371     -0.148      6.038
      9.591     66.977     96.430     85.169     38.244     -0.301      5.898
      9.592     67.015     96.430     85.175     38.117     -0.454      5.759
      9.593     67.053     96.429     85.181     37.990     -0.607      5.620
      9.594     67.091     96.429     85.186     37.863     -0.760      5.480
      9.595     67.128     96.428     85.191     37.736     -0.912      5.341
      9.596     67.166     96.427     85.197     37.609     -1.065      5.203
      9.597     67.204     96.426     85.202     37.483     -1.217      5.064
      9.598     67.241     96.424     85.207     37.356     -1.370      4.925
      9.599     67.278     96.423     85.212     37.229     -1.522      4.786
      9.600     67.316     96.421     85.216     37.101     -1.674      4.648
      9.601     67.353     96.420     85.221     36.974     -1.826      4.510
      9.602     67.390     96.418     85.225     36.847     -1.977      4.371
      9.603     67.426     96.416     85.230     36.720     -2.129      4.233
      9.604     67.463     96.413     85.234     36.593     -2.280      4.095
      9.605     67.500     96.411     85.238     36.466     -2.432      3.957
      9.606     67.536     96.409     85.242     36.339     -2.583      3.819
      9.607     67.572     96.406     85.246     36.211     -2.734      3.681
      9.608     67.608     96.403     85.249     36.084     -2.885      3.544
      9.609     67.644     96.400     85.253     35.957     -3.035      3.406
      9.610     67.680     96.397     85.256     35.830     -3.186      3.269
      9.611     67.716     96.394     85.259     35.702     -3.337      3.131
      9.612     67.752     96.390     85.262     35.575     -3.487      2.994
      9.613     67.787     96.387     85.265     35.448     -3.637      2.857
      9.614     67.823     96.383     85.268     35.320     -3.787      2.720
      9.615     67.858     96.379     85.271     35.193     -3.937      2.583
      9.616     67.893     96.375     85.273     35.065     -4.087      2.446
      9.617     67.928     96.371     85.276     34.938     -4.236      2.309
      9.618     67.963     96.367     85.278     34.811     -4.386      2.173
      9.619     67.998     96.362     85.280     34.683     -4.535      2.036
      9.620     68.032     96.358     85.282     34.556     -4.684      1.900
      9.621     68.067     96.353     85.284     34.428     -4.833      1.763
      9.622     68.101     96.348     85.285     34.301     -4.982      1.627
      9.623     68.135     96.343     85.287     34.173     -5.131      1.491
      9.624     68.169     96.338     85.288     34.045     -5.280      1.355
      9.625     68.203     96.332     85.290     33.918     -5.428      1.219
      9.626     68.237     96.327     85.291     33.790     -5.577      1.083
      9.627     68.271     96.321     85.292     33.663     -5.725      0.948
      9.628     68.305     96.315     85.293     33.535     -5.873      0.812
      9.629     68.338     96.309     85.293     33.407     -6.021      0.677
      9.630     68.371     96.303     85.294     33.280     -6.169      0.541
      9.631     68.405     96.297     85.295     33.152     -6.316      0.406
      9.632     68.438     96.291     85.295     33.024     -6.464      0.271
      9.633     68.471     96.284     85.295     32.897     -6.611      0.136
      9.634     68.503     96.277     85.295     32.769     -6.759      0.001
      9.635     68.536     96.271     85.295     32.641     -6.906     -0.134
      9.636     68.569     96.264     85.295     32.514     -7.053     -0.269
      9.637     68.601     96.257     85.295     32.386     -7.200     -0.403
      9.638     68.634     96.249     85.294     32.258     -7.346     -0.538
      9.639     68.666     96.242     85.293     32.131     -7.493     -0.672
      9.640     68.698     96.234     85.293     32.003     -7.639     -0.806
      9.641     68.730     96.227     85.292     31.875     -7.785     -0.941
      9.642     68.762     96.219     85.291     31.747     -7.932     -1.075
      9.643     68.793     96.211     85.290     31.620     -8.078     -1.209
      9.644     68.825     96.203     85.288     31.492     -8.223     -1.342
      9.645     68.856     96.194     85.287     31.364     -8.369     -1.476
      9.646     68.887     96.186     85.285     31.236     -8.515     -1.610
      9.647     68.919     96.177     85.284     31.109     -8.660     -1.743
      9.648     68.950     96.168     85.282     30.981     -8.805     -1.877
      9.649     68.981     96.160     85.280     30.853     -8.951     -2.010
      9.650     69.011     96.151     85.278     30.725     -9.096     -2.143
      9.651     69.042     96.141     85.276     30.598     -9.241     -2.276
      9.652     69.073     96.132     85.273     30.470     -9.385     -2.409
      9.653     69.103     96.123     85.271     30.342     -9.530     -2.542
      9.654     69.133     96.113     85.268     30.215     -9.674     -2.675
      9.655     69.163     96.103     85.266     30.087     -9.819     -2.808
      9.656     69.193     96.093     85.263     29.959     -9.963     -2.940
      9.657     69.223     96.083     85.260     29.831    -10.107     -3.073
      9.658     69.253     96.073     85.257     29.704    -10.251     -3.205
      9.659     69.283     96.063     85.253     29.576    -10.395     -3.337
      9.660     69.312     96.052     85.250     29.448    -10.538     -3.469
      9.661     69.342     96.042     85.246     29.321    -10.682     -3.601
      9.662     69.371     96.031     85.243     29.193    -10.825     -3.733
      9.663     69.400     96.020     85.239     29.065    -10.969     -3.865
      9.664     69.429     96.009     85.235     28.938    -11.112     -3.997
      9.665     69.458     95.998     85.231     28.810    -11.255     -4.128
      9.666     69.487     95.987     85.227     28.683    -11.398     -4.260
      9.667     69.515     95.975     85.222     28.555    -11.540     -4.391
      9.668     69.544     95.964     85.218     28.428    -11.683     -4.523
      9.669     69.572     95.952     85.213     28.300    -11.825     -4.654
      9.670     69.600     95.940     85.209     28.173    -11.968     -4.785
      9.671     69.628     95.928     85.204     28.045    -12.110     -4.916
      9.672     69.656     95.916     85.199     27.918    -12.252     -5.047
      9.673     69.684     95.903     85.194     27.790    -12.394     -5.178
      9.674     69.712     95.891     85.188     27.663    -12.536     -5.308
      9.675     69.740     95.878     85.183     27.535    -12.677     -5.439
      9.676     69.767     95.866     85.178     27.408    -12.819     -5.569
      9.677     69.794     95.853     85.172     27.281    -12.960     -5.700
      9.678     69.822     95.840     85.166     27.153    -13.102     -5.830
      9.679     69.849     95.826     85.160     27.026    -13.243     -5.960
      9.680     69.876     95.813     85.154     26.899    -13.384     -6.090
      9.681     69.903     95.800     85.148     26.771    -13.525     -6.220
      9.682     69.929     95.786     85.142     26.644    -13.666     -6.350
      9.683     69.956     95.772     85.135     26.517    -13.806     -6.480
      9.684     69.982     95.758     85.129     26.390    -13.947     -6.609
      9.685     70.009     95.744     85.122     26.263    -14.088     -6.739
      9.686     70.035     95.730     85.115     26.136    -14.228     -6.868
      9.687     70.061     95.716     85.108     26.009    -14.368     -6.998
      9.688     70.087     95.702     85.101     25.882    -14.508     -7.127
      9.689     70.113     95.687     85.094     25.755    -14.648     -7.256
      9.690     70.138     95.672     85.087     25.628    -14.788     -7.385
      9.691     70.164     95.657     85.079     25.501    -14.928     -7.514
      9.692     70.189     95.642     85.072     25.374    -15.067     -7.643
      9.693     70.215     95.627     85.064     25.247    -15.207     -7.772
      9.694     70.240     95.612     85.056     25.120    -15.346     -7.900
      9.695     70.265     95.597     85.048     24.994    -15.486     -8.029
      9.696     70.290     95.581     85.040     24.867    -15.625     -8.157
      9.697     70.315     95.565     85.032     24.740    -15.764     -8.286
      9.698     70.339     95.549     85.024     24.614    -15.903     -8.414
      9.699     70.364     95.533     85.015     24.487    -16.042     -8.542
      9.700     70.388     95.517     85.007     24.361    -16.180     -8.671
      9.701     70.413     95.501     84.998     24.234    -16.319     -8.799
      9.702     70.437     95.485     84.989     24.108    -16.458     -8.927
      9.703     70.461     95.468     84.980     23.981    -16.596     -9.054
      9.704     70.485     95.452     84.971     23.855    -16.734     -9.182
      9.705     70.509     95.435     84.962     23.728    -16.873     -9.310
      9.706     70.532     95.418     84.952     23.602    -17.011     -9.438
      9.707     70.556     95.401     84.943     23.476    -17.149     -9.565
      9.708     70.579     95.384     84.933     23.350    -17.287     -9.693
      9.709     70.602     95.366     84.923     23.224    -17.425     -9.820
      9.710     70.626     95.349     84.913     23.098    -17.562     -9.947
      9.711     70.649     95.331     84.903     22.972    -17.700    -10.074
      9.712     70.672     95.313     84.893     22.846    -17.838    -10.202
      9.713     70.694     95.295     84.883     22.720    -17.975    -10.329
      9.714     70.717     95.277     84.873     22.594    -18.112    -10.456
      9.715     70.740     95.259     84.862     22.468    -18.250    -10.582
      9.716     70.762     95.241     84.851     22.342    -18.387    -10.709
      9.717     70.784     95.222     84.841     22.216    -18.524    -10.836
      9.718     70.806     95.204     84.830     22.091    -18.661    -10.963
      9.719     70.828     95.185     84.819     21.965    -18.798    -11.089
      9.720     70.850     95.166     84.808     21.839    -18.935    -11.216
      9.721     70.872     95.147     84.796     21.714    -19.072    -11.342
      9.722     70.894     95.128     84.785     21.588    -19.208    -11.468
      9.723     70.915     95.109     84.773     21.463    -19.345    -11.595
      9.724     70.937     95.089     84.762     21.337    -19.481    -11.721
      9.725     70.958     95.070     84.750     21.212    -19.618    -11.847
      9.726     70.979     95.050     84.738     21.087    -19.754    -11.973
      9.727     71.000     95.030     84.726     20.962    -19.890    -12.099
      9.728     71.021     95.010     84.714     20.836    -20.027    -12.225
      9.729     71.042     94.990     84.702     20.711    -20.163    -12.351
      9.730     71.062     94.970     84.689     20.586    -20.299    -12.477
      9.731     71.083     94.950     84.677     20.461    -20.435    -12.603
      9.732     71.103     94.929     84.664     20.336    -20.571    -12.728
      9.733     71.124     94.908     84.651     20.211    -20.706    -12.854
      9.734     71.144     94.888     84.638     20.086    -20.842    -12.979
      9.735     71.164     94.867     84.625     19.962    -20.978    -13.105
      9.736     71.184     94.846     84.612     19.837    -21.114    -13.230
      9.737     71.203     94.825     84.599     19.712    -21.249    -13.356
      9.738     71.223     94.803     84.585     19.587    -21.385    -13.481
      9.739     71.243     94.782     84.572     19.463    -21.520    -13.606
      9.740     71.262     94.760     84.558     19.338    -21.656    -13.731
      9.741     71.281     94.738     84.544     19.214    -21.791    -13.857
      9.742     71.300     94.717     84.530     19.089    -21.926    -13.982
      9.743     71.319     94.695     84.516     18.965    -22.061    -14.107
      9.744     71.338     94.673     84.502     18.840    -22.196    -14.232
      9.745     71.357     94.650     84.488     18.716    -22.332    -14.357
      9.746     71.376     94.628     84.473     18.592    -22.467    -14.482
      9.747     71.394     94.605     84.459     18.467    -22.602    -14.606
      9.748     71.413     94.583     84.444     18.343    -22.737    -14.731
      9.749     71.431     94.560     84.429     18.219    -22.871    -14.856
      9.750     71.449     94.537     84.415     18.095    -23.006    -14.981
      9.751     71.467     94.514     84.400     17.971    -23.141    -15.105
      9.752     71.485     94.491     84.384     17.847    -23.276    -15.230
      9.753     71.503     94.467     84.369     17.723    -23.410    -15.354
      9.754     71.521     94.444     84.354     17.599    -23.545    -15.479
      9.755     71.538     94.420     84.338     17.475    -23.680    -15.603
      9.756     71.556     94.396     84.322     17.352    -23.814    -15.728
      9.757     71.573     94.373     84.307     17.228    -23.949    -15.852
      9.758     71.590     94.349     84.291     17.104    -24.083    -15.977
      9.759     71.607     94.324     84.275     16.980    -24.218    -16.101
      9.760     71.624     94.300     84.259     16.857    -24.352    -16.225
      9.761     71.641     94.276     84.242     16.733    -24.486    -16.349
      9.762     71.657     94.251     84.226     16.610    -24.621    -16.474
      9.763     71.674     94.226     84.209     16.486    -24.755    -16.598
      9.764     71.690     94.202     84.193     16.363    -24.889    -16.722
      9.765     71.707     94.177     84.176     16.239    -25.023    -16.846
      9.766     71.723     94.152     84.159     16.116    -25.158    -16.970
      9.767     71.739     94.126     84.142     15.993    -25.292    -17.094
      9.768     71.755     94.101     84.125     15.869    -25.426    -17.218
      9.769     71.771     94.075     84.107     15.746    -25.560    -17.342
      9.770     71.786     94.050     84.090     15.623    -25.694    -17.466
      9.771     71.802     94.024     84.073     15.500    -25.828    -17.590
      9.772     71.817     93.998     84.055     15.376    -25.962    -17.714
      9.773     71.833     93.972     84.037     15.253    -26.096    -17.838
      9.774     71.848     93.946     84.019     15.130    -26.230    -17.962
      9.775     71.863     93.920     84.001     15.007    -26.364    -18.085
      9.776     71.878     93.893     83.983     14.884    -26.498    -18.209
      9.777     71.893     93.867     83.965     14.761    -26.631    -18.333
      9.778     71.907     93.840     83.946     14.638    -26.765    -18.457
      9.779     71.922     93.813     83.928     14.515    -26.899    -18.580
      9.780     71.936     93.786     83.909     14.393    -27.033    -18.704
      9.781     71.951     93.759     83.890     14.270    -27.167    -18.828
      9.782     71.965     93.732     83.872     14.147    -27.301    -18.952
      9.783     71.979     93.705     83.853     14.024    -27.434    -19.075
      9.784     71.993     93.677     83.833     13.901    -27.568    -19.199
      9.785     72.007     93.649     83.814     13.779    -27.702    -19.322
      9.786     72.021     93.622     83.795     13.656    -27.835    -19.446
      9.787     72.034     93.594     83.775     13.533    -27.969    -19.570
      9.788     72.048     93.566     83.756     13.411    -28.103    -19.693
      9.789     72.061     93.538     83.736     13.288    -28.236    -19.817
      9.790     72.074     93.509     83.716     13.165    -28.370    -19.940
      9.791     72.087     93.481     83.696     13.043    -28.504    -20.064
      9.792     72.100     93.452     83.676     12.920    -28.637    -20.187
      9.793     72.113     93.424     83.656     12.798    -28.771    -20.311
      9.794     72.126     93.395     83.635     12.675    -28.905    -20.434
      9.795     72.138     93.366     83.615     12.553    -29.038    -20.558
      9.796     72.151     93.337     83.594     12.430    -29.172    -20.681
      9.797     72.163     93.307     83.573     12.308    -29.305    -20.805
      9.798     72.176     93.278     83.553     12.186    -29.439    -20.928
      9.799     72.188     93.248     83.532     12.063    -29.573    -21.052
      9.800     72.200     93.219     83.510     11.941    -29.706    -21.175
      9.801     72.212     93.189     83.489     11.819    -29.840    -21.299
      9.802     72.223     93.159     83.468     11.696    -29.973    -21.422
      9.803     72.235     93.129     83.446     11.574    -30.107    -21.545
      9.804     72.247     93.099     83.425     11.452    -30.240    -21.669
      9.805     72.258     93.069     83.403     11.329    -30.374    -21.792
      9.806     72.269     93.038     83.381     11.207    -30.508    -21.916
      9.807     72.280     93.008     83.359     11.085    -30.641    -22.039
      9.808     72.291     92.977     83.337     10.962    -30.775    -22.163
      9.809     72.302     92.946     83.315     10.840    -30.908    -22.286
      9.810     72.313     92.915     83.292     10.718    -31.042    -22.409
      9.811     72.324     92.884     83.270     10.596    -31.175    -22.533
      9.812     72.334     92.853     83.247     10.474    -31.309    -22.656
      9.813     72.345     92.821     83.225     10.351    -31.443    -22.780
      9.814     72.355     92.790     83.202     10.229    -31.576    -22.903
      9.815     72.365     92.758     83.179     10.107    -31.710    -23.027
      9.816     72.375     92.726     83.156      9.985    -31.843    -23.150
      9.817     72.385     92.695     83.133      9.863    -31.977    -23.273
      9.818     72.395     92.662     83.109      9.741    -32.111    -23.397
      9.819     72.405     92.630     83.086      9.618    -32.244    -23.520
      9.820     72.414     92.598     83.062      9.496    -32.378    -23.644
      9.821     72.424     92.566     83.039      9.374    -32.512    -23.767
      9.822     72.433     92.533     83.015      9.252    -32.645    -23.891
      9.823     72.442     92.500     82.991      9.130    -32.779    -24.014
      9.824     72.451     92.467     82.967      9.008    -32.913    -24.138
      9.825     72.460     92.434     82.942      8.885    -33.046    -24.261
      9.826     72.469     92.401     82.918      8.763    -33.180    -24.385
      9.827     72.478     92.368     82.894      8.641    -33.314    -24.508
      9.828     72.486     92.335     82.869      8.519    -33.447    -24.632
      9.829     72.495     92.301     82.844      8.397    -33.581    -24.756
      9.830     72.503     92.268     82.820      8.275    -33.715    -24.879
      9.831     72.511     92.234     82.795      8.152    -33.849    -25.003
      9.832     72.519     92.200     82.770      8.030    -33.983    -25.126
      9.833     72.527     92.166     82.744      7.908    -34.116    -25.250
      9.834     72.535     92.132     82.719      7.786    -34.250    -25.374
      9.835     72.543     92.097     82.694      7.664    -34.384    -25.497
      9.836     72.550     92.063     82.668      7.541    -34.518    -25.621
      9.837     72.558     92.028     82.642      7.419    -34.652    -25.744
      9.838     72.565     91.994     82.617      7.297    -34.786    -25.868
      9.839     72.572     91.959     82.591      7.175    -34.920    -25.992
      9.840     72.580     91.924     82.565      7.053    -35.054    -26.116
      9.841     72.587     91.889     82.538      6.930    -35.188    -26.239
      9.842     72.593     91.853     82.512      6.808    -35.322    -26.363
      9.843     72.600     91.818     82.486      6.686    -35.456    -26.487
      9.844     72.607     91.782     82.459      6.563    -35.590    -26.611
      9.845     72.613     91.747     82.433      6.441    -35.724    -26.735
      9.846     72.620     91.711     82.406      6.319    -35.858    -26.858
      9.847     72.626     91.675     82.379      6.196    -35.992    -26.982
      9.848     72.632     91.639     82.352      6.074    -36.126    -27.106
      9.849     72.638     91.603     82.325      5.952    -36.260    -27.230
      9.850     72.644     91.566     82.297      5.829    -36.394    -27.354
      9.851     72.650     91.530     82.270      5.707    -36.529    -27.478
      9.852     72.655     91.493     82.242      5.584    -36.663    -27.602
      9.853     72.661     91.457     82.215      5.462    -36.797    -27.726
      9.854     72.666     91.420     82.187      5.340    -36.932    -27.850
      9.855     72.672     91.383     82.159      5.217    -37.066    -27.974
      9.856     72.677     91.346     82.131      5.094    -37.200    -28.098
      9.857     72.682     91.308     82.103      4.972    -37.335    -28.222
      9.858     72.687     91.271     82.074      4.849    -37.469    -28.346
      9.859     72.691     91.233     82.046      4.727    -37.603    -28.471
      9.860     72.696     91.196     82.018      4.604    -37.738    -28.595
      9.861     72.701     91.158     81.989      4.481    -37.872    -28.719
      9.862     72.705     91.120     81.960      4.359    -38.007    -28.843
      9.863     72.709     91.082     81.931      4.236    -38.142    -28.968
      9.864     72.714     91.044     81.902      4.113    -38.276    -29.092
      9.865     72.718     91.005     81.873      3.991    -38.411    -29.216
      9.866     72.722     90.967     81.844      3.868    -38.545    -29.341
      9.867     72.725     90.928     81.814      3.745    -38.680    -29.465
      9.868     72.729     90.890     81.785      3.622    -38.815    -29.589
      9.869     72.733     90.851     81.755      3.499    -38.950    -29.714
      9.870     72.736     90.812     81.725      3.376    -39.084    -29.838
      9.871     72.739     90.773     81.695      3.253    -39.219    -29.963
      9.872     72.743     90.733     81.665      3.130    -39.354    -30.087
      9.873     72.746     90.694     81.635      3.007    -39.489    -30.212
      9.874     72.749     90.654     81.605      2.884    -39.624    -30.337
      9.875     72.751     90.615     81.575      2.761    -39.759    -30.461
      9.876     72.754     90.575     81.544      2.638    -39.894    -30.586
      9.877     72.757     90.535     81.513      2.515    -40.029    -30.711
      9.878     72.759     90.495     81.483      2.392    -40.164    -30.836
      9.879     72.761     90.454     81.452      2.269    -40.299    -30.960
      9.880     72.764     90.414     81.421      2.145    -40.435    -31.085
      9.881     72.766     90.374     81.390      2.022    -40.570    -31.210
      9.882     72.768     90.333     81.358      1.899    -40.705    -31.335
      9.883     72.770     90.292     81.327      1.775    -40.840    -31.460
      9.884     72.771     90.251     81.295      1.652    -40.976    -31.585
      9.885     72.773     90.210     81.264      1.528    -41.111    -31.710
      9.886     72.774     90.169     81.232      1.405    -41.246    -31.835
      9.887     72.776     90.128     81.200      1.281    -41.382    -31.960
      9.888     72.777     90.086     81.168      1.158    -41.517    -32.085
      9.889     72.778     90.045     81.136      1.034    -41.653    -32.211
      9.890     72.779     90.003     81.104      0.910    -41.789    -32.336
      9.891     72.780     89.961     81.071      0.786    -41.924    -32.461
      9.892     72.781     89.919     81.039      0.663    -42.060    -32.586
      9.893     72.781     89.877     81.006      0.539    -42.196    -32.712
      9.894     72.782     89.835     80.973      0.415    -42.331    -32.837
      9.895     72.782     89.792     80.940      0.291    -42.467    -32.963
      9.896     72.782     89.750     80.907      0.167    -42.603    -33.088
      9.897     72.782     89.707     80.874      0.043    -42.739    -33.214
      9.898     72.782     89.664     80.841     -0.081    -42.875    -33.339
      9.899     72.782     89.621     80.808     -0.205    -43.011    -33.465
      9.900     72.782     89.578     80.774     -0.330    -43.147    -33.591
      9.901     72.781     89.535     80.740     -0.454    -43.283    -33.716
      9.902     72.781     89.492     80.707     -0.578    -43.419    -33.842
      9.903     72.780     89.448     80.673     -0.702    -43.555    -33.968
      9.904     72.780     89.405     80.639     -0.827    -43.692    -34.094
      9.905     72.779     89.361     80.605     -0.951    -43.828    -34.220
      9.906     72.778     89.317     80.570     -1.076    -43.964    -34.346
      9.907     72.776     89.273     80.536     -1.200    -44.101    -34.472
      9.908     72.775     89.229     80.501     -1.325    -44.237    -34.598
      9.909     72.774     89.184     80.467     -1.450    -44.374    -34.724
      9.910     72.772     89.140     80.432     -1.575    -44.510    -34.850
      9.911     72.771     89.095     80.397     -1.699    -44.647    -34.976
      9.912     72.769     89.051     80.362     -1.824    -44.783    -35.102
      9.913     72.767     89.006     80.327     -1.949    -44.920    -35.229
      9.914     72.765     88.961     80.291     -2.074    -45.057    -35.355
      9.915     72.763     88.916     80.256     -2.199    -45.194    -35.481
      9.916     72.761     88.871     80.220     -2.324    -45.331    -35.608
      9.917     72.758     88.825     80.185     -2.450    -45.467    -35.734
      9.918     72.756     88.780     80.149     -2.575    -45.604    -35.861
      9.919     72.753     88.734     80.113     -2.700    -45.741    -35.988
      9.920     72.750     88.688     80.077     -2.825    -45.879    -36.114
      9.921     72.747     88.642     80.041     -2.951    -46.016    -36.241
      9.922     72.744     88.596     80.005     -3.076    -46.153    -36.368
      9.923     72.741     88.550     79.968     -3.202    -46.290    -36.495
      9.924     72.738     88.503     79.932     -3.328    -46.427    -36.621
      9.925     72.735     88.457     79.895     -3.453    -46.565    -36.748
      9.926     72.731     88.410     79.858     -3.579    -46.702    -36.875
      9.927     72.727     88.364     79.821     -3.705    -46.840    -37.002
      9.928     72.724     88.317     79.784     -3.831    -46.977    -37.130
      9.929     72.720     88.270     79.747     -3.957    -47.115    -37.257
      9.930     72.716     88.222     79.710     -4.083    -47.252    -37.384
      9.931     72.712     88.175     79.672     -4.209    -47.390    -37.511
      9.932     72.707     88.128     79.635     -4.335    -47.528    -37.639
      9.933     72.703     88.080     79.597     -4.461    -47.666    -37.766
      9.934     72.698     88.032     79.559     -4.588    -47.804    -37.893
      9.935     72.694     87.984     79.521     -4.714    -47.942    -38.021
      9.936     72.689     87.936     79.483     -4.841    -48.080    -38.148
      9.937     72.684     87.888     79.445     -4.967    -48.218    -38.276
      9.938     72.679     87.840     79.406     -5.094    -48.356    -38.404
      9.939     72.674     87.792     79.368     -5.221    -48.494    -38.532
      9.940     72.669     87.743     79.329     -5.347    -48.632    -38.659
      9.941     72.663     87.694     79.291     -5.474    -48.770    -38.787
      9.942     72.658     87.645     79.252     -5.601    -48.909    -38.915
      9.943     72.652     87.597     79.213     -5.728    -49.047    -39.043
      9.944     72.646     87.547     79.174     -5.855    -49.186    -39.171
      9.945     72.640     87.498     79.134     -5.982    -49.324    -39.299
      9.946     72.634     87.449     79.095     -6.110    -49.463    -39.428
      9.947     72.628     87.399     79.056     -6.237    -49.602    -39.556
      9.948     72.622     87.350     79.016     -6.365    -49.740    -39.684
      9.949     72.615     87.300     78.976     -6.492    -49.879    -39.812
      9.950     72.609     87.250     78.936     -6.620    -50.018    -39.941
      9.951     72.602     87.200     78.896     -6.747    -50.157    -40.069
      9.952     72.595     87.149     78.856     -6.875    -50.296    -40.198
      9.953     72.588     87.099     78.816     -7.003    -50.435    -40.327
      9.954     72.581     87.049     78.776     -7.131    -50.574    -40.455
      9.955     72.574     86.998     78.735     -7.259    -50.714    -40.584
      9.956     72.567     86.947     78.694     -7.387    -50.853    -40.713
      9.957     72.559     86.896     78.654     -7.515    -50.992    -40.842
      9.958     72.552     86.845     78.613     -7.643    -51.132    -40.971
      9.959     72.544     86.794     78.572     -7.772    -51.271    -41.100
      9.960     72.536     86.743     78.530     -7.900    -51.411    -41.229
      9.961     72.528     86.691     78.489     -8.029    -51.551    -41.358
      9.962     72.520     86.640     78.448     -8.157    -51.690    -41.487
      9.963     72.512     86.588     78.406     -8.286    -51.830    -41.617
      9.964     72.504     86.536     78.365     -8.415    -51.970    -41.746
      9.965     72.495     86.484     78.323     -8.544    -52.110    -41.876
      9.966     72.487     86.432     78.281     -8.673    -52.250    -42.005
      9.967     72.478     86.379     78.239     -8.802    -52.390    -42.135
      9.968     72.469     86.327     78.197     -8.931    -52.530    -42.265
      9.969     72.460     86.274     78.154     -9.060    -52.670    -42.394
      9.970     72.451     86.222     78.112     -9.190    -52.811    -42.524
      9.971     72.442     86.169     78.069     -9.319    -52.951    -42.654
      9.972     72.432     86.116     78.026     -9.449    -53.092    -42.784
      9.973     72.423     86.062     77.984     -9.579    -53.232    -42.914
      9.974     72.413     86.009     77.941     -9.708    -53.373    -43.044
      9.975     72.403     85.956     77.897     -9.838    -53.513    -43.174
      9.976     72.393     85.902     77.854     -9.968    -53.654    -43.305
      9.977     72.383     85.848     77.811    -10.098    -53.795    -43.435
      9.978     72.373     85.795     77.767    -10.228    -53.936    -43.565
      9.979     72.363     85.741     77.724    -10.359    -54.077    -43.696
      9.980     72.352     85.686     77.680    -10.489    -54.218    -43.826
      9.981     72.342     85.632     77.636    -10.619    -54.359    -43.957
      9.982     72.331     85.578     77.592    -10.750    -54.500    -44.088
      9.983     72.320     85.523     77.548    -10.881    -54.642    -44.219
      9.984     72.309     85.468     77.504    -11.011    -54.783    -44.350
      9.985     72.298     85.414     77.459    -11.142    -54.924    -44.481
      9.986     72.287     85.359     77.415    -11.273    -55.066    -44.612
      9.987     72.276     85.303     77.370    -11.404    -55.208    -44.743
      9.988     72.264     85.248     77.325    -11.536    -55.349    -44.874
      9.989     72.253     85.193     77.280    -11.667    -55.491    -45.005
      9.990     72.241     85.137     77.235    -11.798    -55.633    -45.137
      9.991     72.229     85.081     77.190    -11.930    -55.775    -45.268
      9.992     72.217     85.026     77.145    -12.061    -55.917    -45.400
      9.993     72.205     84.970     77.099    -12.193    -56.059    -45.531
      9.994     72.193     84.913     77.054    -12.325    -56.201    -45.663
      9.995     72.180     84.857     77.008    -12.457    -56.344    -45.795
      9.996     72.168     84.801     76.962    -12.589    -56.486    -45.927
      9.997     72.155     84.744     76.916    -12.721    -56.628    -46.059
      9.998     72.142     84.688     76.870    -12.854    -56.771    -46.191
      9.999     72.129     84.631     76.824    -12.986    -56.914    -46.323
     10.000     72.116     84.574     76.777    -13.118    -57.056    -46.455
     10.001     72.103     84.517     76.731    -13.251    -57.199    -46.587
